/*
Navicat MySQL Data Transfer

Source Server         : localhost_3306
Source Server Version : 50540
Source Host           : localhost:3306
Source Database       : arms

Target Server Type    : MYSQL
Target Server Version : 50540
File Encoding         : 65001

Date: 2015-02-13 17:08:53
*/

SET FOREIGN_KEY_CHECKS=0;

-- ----------------------------
-- Table structure for `carbrand`
-- ----------------------------
DROP TABLE IF EXISTS `carbrand`;
CREATE TABLE `carbrand` (
  `id` int(11) NOT NULL AUTO_INCREMENT COMMENT '品牌ID',
  `brandId` varchar(40) NOT NULL COMMENT '品牌编号',
  `brandName` varchar(40) NOT NULL COMMENT '品牌名',
  `brandLogo` varchar(10) DEFAULT NULL,
  PRIMARY KEY (`id`),
  KEY `brandId` (`brandId`) USING BTREE
) ENGINE=InnoDB AUTO_INCREMENT=147 DEFAULT CHARSET=utf8;

-- ----------------------------
-- Records of carbrand
-- ----------------------------
INSERT INTO `carbrand` VALUES ('1', '00AU0BRA0BUV', '奥迪', '1685');
INSERT INTO `carbrand` VALUES ('2', '00AU0BRR0BUU', '阿斯顿·马丁', '1684');
INSERT INTO `carbrand` VALUES ('3', '00AU0QPW0QPX', 'AC Schnitzer', '16887');
INSERT INTO `carbrand` VALUES ('4', '00AU0BRA0BUe', '奔驰', '1694');
INSERT INTO `carbrand` VALUES ('5', '00AU0BRB0BUW', '宝马', '1686');
INSERT INTO `carbrand` VALUES ('6', '00AU0BRB0PdN', '宝马I', '16301');
INSERT INTO `carbrand` VALUES ('7', '00AU0BRM0BUa', '别克', '1690');
INSERT INTO `carbrand` VALUES ('8', '00AU0BRY0BUY', '本田', '1688');
INSERT INTO `carbrand` VALUES ('9', '00AU0BSd0BTW', '比亚迪', '1654');
INSERT INTO `carbrand` VALUES ('10', '00AU0BRT0BUZ', '标致', '1689');
INSERT INTO `carbrand` VALUES ('11', '00AU0BRA0BUd', '保时捷', '1693');
INSERT INTO `carbrand` VALUES ('12', '00AU0BRA0BUb', '宾利', '1691');
INSERT INTO `carbrand` VALUES ('13', '00AU0BRA0BUc', '布加迪', '1692');
INSERT INTO `carbrand` VALUES ('14', '00AU0BRG0BUX', '奔腾', '1687');
INSERT INTO `carbrand` VALUES ('15', '00AU0BRd0JbQ', '北汽制造', '10096');
INSERT INTO `carbrand` VALUES ('16', '00AU0BRd0BUP', '北京汽车', '1679');
INSERT INTO `carbrand` VALUES ('17', '00AU0BRN0Obf', '宝骏', '15231');
INSERT INTO `carbrand` VALUES ('18', '00AU0BRd0RQf', '北汽新能源', '17951');
INSERT INTO `carbrand` VALUES ('19', '00AU0BRd0PeJ', '北汽威旺', '16329');
INSERT INTO `carbrand` VALUES ('20', '00AU0BRd0RBI', '北汽幻速', '17448');
INSERT INTO `carbrand` VALUES ('21', '00AU0QUH0QUI', 'BAC', '17032');
INSERT INTO `carbrand` VALUES ('22', '00AU0DEF0QER', '巴博斯', '16529');
INSERT INTO `carbrand` VALUES ('23', '00AU0BSf0BTV', '长城', '1653');
INSERT INTO `carbrand` VALUES ('24', '00AU0BRL0BUf', '长安', '1695');
INSERT INTO `carbrand` VALUES ('25', '00AU0BSE0BUL', '昌河', '1675');
INSERT INTO `carbrand` VALUES ('26', '00AU0BRL0PYf', '长安商用', '16159');
INSERT INTO `carbrand` VALUES ('27', '00AU0RUI0RUJ', '成功', '18057');
INSERT INTO `carbrand` VALUES ('28', '00AU0BRA0BVC', '大众', '1698');
INSERT INTO `carbrand` VALUES ('29', '00AU0BRI0BVE', '东风', '1700');
INSERT INTO `carbrand` VALUES ('30', '00AU0BRI0EYY', '东风风神', '4888');
INSERT INTO `carbrand` VALUES ('31', '00AU0BRI0QHL', '东风风行', '16619');
INSERT INTO `carbrand` VALUES ('32', '00AU0BRI0QRD', '东风俊风', '16931');
INSERT INTO `carbrand` VALUES ('33', '00AU0BSW0BTe', '东南', '1662');
INSERT INTO `carbrand` VALUES ('34', '00AU0BSU0BUF', '吉利帝豪', '1669');
INSERT INTO `carbrand` VALUES ('35', '00AU0BRS0BVD', '道奇', '1699');
INSERT INTO `carbrand` VALUES ('36', '00AU0DEF0QIS', 'DS', '16658');
INSERT INTO `carbrand` VALUES ('37', '00AU0BRN0QFV', '大通', '16565');
INSERT INTO `carbrand` VALUES ('38', '00AU0BRO0BVI', '福特', '1704');
INSERT INTO `carbrand` VALUES ('39', '00AU0BRW0BVH', '丰田', '1703');
INSERT INTO `carbrand` VALUES ('40', '00AU0BRC0BWX', '法拉利', '1751');
INSERT INTO `carbrand` VALUES ('41', '00AU0BRC0BVG', '菲亚特', '1702');
INSERT INTO `carbrand` VALUES ('42', '00AU0BRd0BVJ', '福田', '1705');
INSERT INTO `carbrand` VALUES ('43', '00AU0BSL0BTG', '福迪', '1638');
INSERT INTO `carbrand` VALUES ('44', '00AU0QfC0QfD', '福汽启腾', '17379');
INSERT INTO `carbrand` VALUES ('45', '00AU0BSa0DET', '广汽传祺', '3219');
INSERT INTO `carbrand` VALUES ('46', '00AU0BSP0QLI', '观致', '16744');
INSERT INTO `carbrand` VALUES ('47', '00AU0BSD0BXJ', '光冈', '1769');
INSERT INTO `carbrand` VALUES ('48', '00AU0BRM0BXF', 'GMC', '1765');
INSERT INTO `carbrand` VALUES ('49', '00AU0BSM0BTH', '海马', '1639');
INSERT INTO `carbrand` VALUES ('50', '00AU0BTI0BTS', '哈飞', '1650');
INSERT INTO `carbrand` VALUES ('51', '00AU0BTE0BTT', '华泰', '1651');
INSERT INTO `carbrand` VALUES ('52', '00AU0BRf0BVK', '悍马', '1706');
INSERT INTO `carbrand` VALUES ('53', '00AU0BSJ0BVM', '黄海', '1708');
INSERT INTO `carbrand` VALUES ('54', '00AU0BRG0BVL', '红旗', '1707');
INSERT INTO `carbrand` VALUES ('55', '00AU0BSU0BUD', '华普', '1667');
INSERT INTO `carbrand` VALUES ('56', '00AU0QdQ0QdR', '海格', '17329');
INSERT INTO `carbrand` VALUES ('57', '00AU0BRG0EXN', '海马汽车', '4845');
INSERT INTO `carbrand` VALUES ('58', '00AU0QKS0QKT', '恒天', '16723');
INSERT INTO `carbrand` VALUES ('59', '00AU0BSf0QUD', '哈弗', '17027');
INSERT INTO `carbrand` VALUES ('60', '00AU0BRS0BVO', 'Jeep', '1710');
INSERT INTO `carbrand` VALUES ('61', '00AU0BRf0BVP', '捷豹', '1711');
INSERT INTO `carbrand` VALUES ('62', '00AU0BSU0BUC', '吉利', '1666');
INSERT INTO `carbrand` VALUES ('63', '00AU0BTL0BTQ', '江淮', '1648');
INSERT INTO `carbrand` VALUES ('64', '00AU0BSA0BSZ', '广汽吉奥', '1625');
INSERT INTO `carbrand` VALUES ('65', '00AU0BSV0BVQ', '金杯', '1712');
INSERT INTO `carbrand` VALUES ('66', '00AU0BTM0BZY', '江铃', '1848');
INSERT INTO `carbrand` VALUES ('67', '00AU0BRP0PUB', '江南', '16001');
INSERT INTO `carbrand` VALUES ('68', '00AU0BRM0BVS', '凯迪拉克', '1714');
INSERT INTO `carbrand` VALUES ('69', '00AU0BRH0BVT', 'Koenigsegg', '1715');
INSERT INTO `carbrand` VALUES ('70', '00AU0BSP0BUK', '开瑞', '1674');
INSERT INTO `carbrand` VALUES ('71', '00AU0RBE0RBF', 'KTM', '17445');
INSERT INTO `carbrand` VALUES ('72', '00AU0QNN0QNP', 'Knight', '16815');
INSERT INTO `carbrand` VALUES ('73', '00AU0BRS0BVU', '克莱斯勒', '1716');
INSERT INTO `carbrand` VALUES ('74', '00AU0QFD0QFE', '凯佰赫', '16548');
INSERT INTO `carbrand` VALUES ('75', '00AU0BSP0RTT', '凯翼', '18035');
INSERT INTO `carbrand` VALUES ('76', '00AU0BSa0BTZ', '猎豹汽车', '1657');
INSERT INTO `carbrand` VALUES ('77', '00AU0BRW0BVX', '雷克萨斯', '1719');
INSERT INTO `carbrand` VALUES ('78', '00AU0BRf0BVc', '路虎', '1724');
INSERT INTO `carbrand` VALUES ('79', '00AU0BSB0BVb', '铃木', '1723');
INSERT INTO `carbrand` VALUES ('80', '00AU0BRA0BVV', '兰博基尼', '1717');
INSERT INTO `carbrand` VALUES ('81', '00AU0BRB0BVW', '劳斯莱斯', '1718');
INSERT INTO `carbrand` VALUES ('82', '00AU0BRV0BVY', '雷诺', '1720');
INSERT INTO `carbrand` VALUES ('83', '00AU0BTK0BTR', '力帆', '1649');
INSERT INTO `carbrand` VALUES ('84', '00AU0BTM0BcP', '陆风', '1935');
INSERT INTO `carbrand` VALUES ('85', '00AU0BRO0BVa', '林肯', '1722');
INSERT INTO `carbrand` VALUES ('86', '00AU0BSI0BTC', '莲花汽车', '1634');
INSERT INTO `carbrand` VALUES ('87', '00AU0QYY0QYZ', '陆地方舟', '17177');
INSERT INTO `carbrand` VALUES ('88', '00AU0BRK0BVZ', '路特斯(原莲花)', '1721');
INSERT INTO `carbrand` VALUES ('89', '00AU0BQf0DJY', '劳伦士', '3384');
INSERT INTO `carbrand` VALUES ('90', '00AU0BSa0DLL', '理念', '3435');
INSERT INTO `carbrand` VALUES ('91', '00AU0BRO0BVe', '马自达', '1726');
INSERT INTO `carbrand` VALUES ('92', '00AU0BQf0BWA', '迈巴赫', '1728');
INSERT INTO `carbrand` VALUES ('93', '00AU0BRB0BWB', 'MINI', '1729');
INSERT INTO `carbrand` VALUES ('94', '00AU0BRN0BVd', 'MG', '1725');
INSERT INTO `carbrand` VALUES ('95', '00AU0BRC0BVf', '玛莎拉蒂', '1727');
INSERT INTO `carbrand` VALUES ('96', '00AU0QLY0QLZ', '摩根', '16761');
INSERT INTO `carbrand` VALUES ('97', '00AU0DEF0QBG', 'McLaren迈凯伦', '16422');
INSERT INTO `carbrand` VALUES ('98', '00AU0PaZ0Paa', 'Melkus', '16218');
INSERT INTO `carbrand` VALUES ('99', '00AU0BRI0PbQ', '纳智捷', '16240');
INSERT INTO `carbrand` VALUES ('100', '00AU0BRY0BWC', '讴歌', '1730');
INSERT INTO `carbrand` VALUES ('101', '00AU0BRM0BWD', '欧宝', '1731');
INSERT INTO `carbrand` VALUES ('102', '00AU0BRG0QFK', '欧朗', '16554');
INSERT INTO `carbrand` VALUES ('103', '00AU0BSP0BUH', '奇瑞', '1671');
INSERT INTO `carbrand` VALUES ('104', '00AU0BRa0BWF', '起亚', '1733');
INSERT INTO `carbrand` VALUES ('105', '00AU0BSU0BUE', '吉利全球鹰', '1668');
INSERT INTO `carbrand` VALUES ('106', '00AU0BRI0PUT', '启辰', '16019');
INSERT INTO `carbrand` VALUES ('107', '00AU0BRV0BWG', '日产', '1734');
INSERT INTO `carbrand` VALUES ('108', '00AU0BRN0BcV', '荣威', '1941');
INSERT INTO `carbrand` VALUES ('109', '00AU0BSP0BUI', '瑞麒', '1672');
INSERT INTO `carbrand` VALUES ('110', '00AU0DEF0QQR', '如虎', '16913');
INSERT INTO `carbrand` VALUES ('111', '00AU0BRA0BWQ', '斯柯达', '1744');
INSERT INTO `carbrand` VALUES ('112', '00AU0BRe0BWK', '三菱', '1738');
INSERT INTO `carbrand` VALUES ('113', '00AU0BRW0BWP', '斯巴鲁', '1743');
INSERT INTO `carbrand` VALUES ('114', '00AU0BRB0BVR', 'smart', '1713');
INSERT INTO `carbrand` VALUES ('115', '00AU0BRH0BWJ', '萨博', '1737');
INSERT INTO `carbrand` VALUES ('116', '00AU0BRF0BWM', '世爵', '1740');
INSERT INTO `carbrand` VALUES ('117', '00AU0BTB0BTU', '双环', '1652');
INSERT INTO `carbrand` VALUES ('118', '00AU0PcV0BWO', '双龙', '1742');
INSERT INTO `carbrand` VALUES ('119', '00AU0PbG0PbI', '斯派朗', '16232');
INSERT INTO `carbrand` VALUES ('120', '00AU0BRd0QHY', '首望', '16632');
INSERT INTO `carbrand` VALUES ('121', '00AU0BRI0QHE', '思铭', '16612');
INSERT INTO `carbrand` VALUES ('122', '00AU0BRd0QPa', '绅宝', '16890');
INSERT INTO `carbrand` VALUES ('123', '00AU0PZI0PZJ', '特拉蒙塔纳', '16169');
INSERT INTO `carbrand` VALUES ('124', '00AU0BSd0QHM', '腾势', '16620');
INSERT INTO `carbrand` VALUES ('125', '00AU0DEF0QSX', 'Tesla特斯拉', '16983');
INSERT INTO `carbrand` VALUES ('126', '00AU0BRO0BWT', '沃尔沃', '1747');
INSERT INTO `carbrand` VALUES ('127', '00AU0BSP0BUJ', '威麟', '1673');
INSERT INTO `carbrand` VALUES ('128', '00AU0BRN0DJF', '五菱', '3365');
INSERT INTO `carbrand` VALUES ('129', '00AU0BRE0BWS', '威兹曼', '1746');
INSERT INTO `carbrand` VALUES ('130', '00AU0DEF0QNb', '五十铃', '16827');
INSERT INTO `carbrand` VALUES ('131', '00AU0BRT0BWc', '雪铁龙', '1756');
INSERT INTO `carbrand` VALUES ('132', '00AU0BRa0BWY', '现代', '1752');
INSERT INTO `carbrand` VALUES ('133', '00AU0BRM0BWb', '雪佛兰', '1755');
INSERT INTO `carbrand` VALUES ('134', '00AU0BRG0BcY', '夏利', '1944');
INSERT INTO `carbrand` VALUES ('135', '00AU0BRA0BWV', '西雅特', '1749');
INSERT INTO `carbrand` VALUES ('136', '00AU0QYF0QYG', '星客特', '17158');
INSERT INTO `carbrand` VALUES ('137', '00AU0BSK0BVA', '野马汽车', '1696');
INSERT INTO `carbrand` VALUES ('138', '00AU0BRV0BWe', '英菲尼迪', '1758');
INSERT INTO `carbrand` VALUES ('139', '00AU0BSC0BSb', '永源', '1627');
INSERT INTO `carbrand` VALUES ('140', '00AU0BRG0BbB', '一汽', '1889');
INSERT INTO `carbrand` VALUES ('141', '00AU0BSU0BUG', '吉利英伦汽车', '1670');
INSERT INTO `carbrand` VALUES ('142', '00AU0QeE0QeF', '英致', '17349');
INSERT INTO `carbrand` VALUES ('143', '00AU0BSV0BWf', '中华', '1759');
INSERT INTO `carbrand` VALUES ('144', '00AU0BRP0BSN', '众泰', '1613');
INSERT INTO `carbrand` VALUES ('145', '00AU0BRU0BSR', '中兴', '1617');
INSERT INTO `carbrand` VALUES ('146', '00AU0BSV0QUa', '之诺', '1617');

-- ----------------------------
-- Table structure for `carmodel`
-- ----------------------------
DROP TABLE IF EXISTS `carmodel`;
CREATE TABLE `carmodel` (
  `id` int(11) NOT NULL AUTO_INCREMENT,
  `modelId` varchar(40) NOT NULL,
  `modelName` varchar(40) NOT NULL,
  `brandId` varchar(40) DEFAULT '',
  PRIMARY KEY (`id`),
  KEY `modelId` (`modelId`) USING BTREE,
  KEY `brandId` (`brandId`) USING BTREE
) ENGINE=InnoDB AUTO_INCREMENT=1243 DEFAULT CHARSET=utf8;

-- ----------------------------
-- Records of carmodel
-- ----------------------------
INSERT INTO `carmodel` VALUES ('1', '00AU0BRA0BUV0BXc0OXP', '奥迪A1', '00AU0BRA0BUV');
INSERT INTO `carmodel` VALUES ('2', '00AU0BRA0BUV0BXd0QST', '奥迪A3两厢', '00AU0BRA0BUV');
INSERT INTO `carmodel` VALUES ('3', '00AU0BRA0BUV0BXc0DFZ', '奥迪A3两厢(进口)', '00AU0BRA0BUV');
INSERT INTO `carmodel` VALUES ('4', '00AU0BRA0BUV0BXc0QVT', '奥迪A3三厢(进口)', '00AU0BRA0BUV');
INSERT INTO `carmodel` VALUES ('5', '00AU0BRA0BUV0BXd0QSC', '奥迪A3三厢', '00AU0BRA0BUV');
INSERT INTO `carmodel` VALUES ('6', '00AU0BRA0BUV0BXd0BdG', '奥迪A4L', '00AU0BRA0BUV');
INSERT INTO `carmodel` VALUES ('7', '00AU0BRA0BUV0PfN0QdE', '奥迪S3三厢', '00AU0BRA0BUV');
INSERT INTO `carmodel` VALUES ('8', '00AU0BRA0BUV0BXd0BMa', '奥迪A4', '00AU0BRA0BUV');
INSERT INTO `carmodel` VALUES ('9', '00AU0BRA0BUV0BXc0QJc', '奥迪A4 Allroad', '00AU0BRA0BUV');
INSERT INTO `carmodel` VALUES ('10', '00AU0BRA0BUV0BXc0Bce', '奥迪A5', '00AU0BRA0BUV');
INSERT INTO `carmodel` VALUES ('11', '00AU0BRA0BUV0PfX0QDC', '奥迪RS5', '00AU0BRA0BUV');
INSERT INTO `carmodel` VALUES ('12', '00AU0BRA0BUV0BXc0CLS', '奥迪A6', '00AU0BRA0BUV');
INSERT INTO `carmodel` VALUES ('13', '00AU0BRA0BUV0PfN0PfO', '奥迪S5', '00AU0BRA0BUV');
INSERT INTO `carmodel` VALUES ('14', '00AU0BRA0BUV0PfN0QDe', '奥迪S6', '00AU0BRA0BUV');
INSERT INTO `carmodel` VALUES ('15', '00AU0BRA0BUV0BXd0BdH', '奥迪A6L', '00AU0BRA0BUV');
INSERT INTO `carmodel` VALUES ('16', '00AU0BRA0BUV0PfN0QDf', '奥迪S7', '00AU0BRA0BUV');
INSERT INTO `carmodel` VALUES ('17', '00AU0BRA0BUV0BXd0BMb', '奥迪A6', '00AU0BRA0BUV');
INSERT INTO `carmodel` VALUES ('18', '00AU0BRA0BUV0BXc0PSU', '奥迪A7', '00AU0BRA0BUV');
INSERT INTO `carmodel` VALUES ('19', '00AU0BRA0BUV0BXd0QMQ', '奥迪Q3', '00AU0BRA0BUV');
INSERT INTO `carmodel` VALUES ('20', '00AU0BRA0BUV0BXc0Bcf', '奥迪A8L', '00AU0BRA0BUV');
INSERT INTO `carmodel` VALUES ('21', '00AU0BRA0BUV0BXc0Pbb', '奥迪Q3(进口)', '00AU0BRA0BUV');
INSERT INTO `carmodel` VALUES ('22', '00AU0BRA0BUV0PfN0PfR', '奥迪S8', '00AU0BRA0BUV');
INSERT INTO `carmodel` VALUES ('23', '00AU0BRA0BUV0BXd0DCM', '奥迪Q5', '00AU0BRA0BUV');
INSERT INTO `carmodel` VALUES ('24', '00AU0BRA0BUV0PfN0QOH', '奥迪SQ5', '00AU0BRA0BUV');
INSERT INTO `carmodel` VALUES ('25', '00AU0BRA0BUV0BXc0BdA', '奥迪Q5(进口)', '00AU0BRA0BUV');
INSERT INTO `carmodel` VALUES ('26', '00AU0BRA0BUV0BXc0BdB', '奥迪Q7', '00AU0BRA0BUV');
INSERT INTO `carmodel` VALUES ('27', '00AU0BRA0BUV0BXc0BdD', '奥迪TT', '00AU0BRA0BUV');
INSERT INTO `carmodel` VALUES ('28', '00AU0BRA0BUV0PfN0QGD', '奥迪TTS', '00AU0BRA0BUV');
INSERT INTO `carmodel` VALUES ('29', '00AU0BRA0BUV0BXc0BdC', '奥迪R8', '00AU0BRA0BUV');
INSERT INTO `carmodel` VALUES ('30', '00AU0BRA0BUV0PfX0QRY', '奥迪RS7', '00AU0BRA0BUV');
INSERT INTO `carmodel` VALUES ('31', '00AU0BRR0BUU0BXb0Bca', '阿斯顿·马丁DB9', '00AU0BRR0BUU');
INSERT INTO `carmodel` VALUES ('32', '00AU0BRR0BUU0BXb0Bcb', '阿斯顿·马丁DBS', '00AU0BRR0BUU');
INSERT INTO `carmodel` VALUES ('33', '00AU0BRR0BUU0BXb0Pca', '阿斯顿·马丁Cygnet', '00AU0BRR0BUU');
INSERT INTO `carmodel` VALUES ('34', '00AU0BRR0BUU0BXb0OYO', '阿斯顿·马丁ONE-77', '00AU0BRR0BUU');
INSERT INTO `carmodel` VALUES ('35', '00AU0BRR0BUU0BXb0COJ', '阿斯顿·马丁Vanquish', '00AU0BRR0BUU');
INSERT INTO `carmodel` VALUES ('36', '00AU0BRR0BUU0BXb0EYb', '阿斯顿·马丁Rapide', '00AU0BRR0BUU');
INSERT INTO `carmodel` VALUES ('37', '00AU0BRR0BUU0BXb0Bcc', '阿斯顿·马丁V8 Vantage', '00AU0BRR0BUU');
INSERT INTO `carmodel` VALUES ('38', '00AU0BRR0BUU0BXb0Bcd', '阿斯顿·马丁V12 Vantage', '00AU0BRR0BUU');
INSERT INTO `carmodel` VALUES ('39', '00AU0BRR0BUU0BXb0PdT', '阿斯顿·马丁Virage', '00AU0BRR0BUU');
INSERT INTO `carmodel` VALUES ('40', '00AU0QPW0QPX0DEC0PSZ', 'ACS5', '00AU0QPW0QPX');
INSERT INTO `carmodel` VALUES ('41', '00AU0QPW0QPX0DEC0QPL', 'ACM6', '00AU0QPW0QPX');
INSERT INTO `carmodel` VALUES ('42', '00AU0QPW0QPX0DEC0PSY', 'ACS6', '00AU0QPW0QPX');
INSERT INTO `carmodel` VALUES ('43', '00AU0QPW0QPX0DEC0PeI', 'ACS7', '00AU0QPW0QPX');
INSERT INTO `carmodel` VALUES ('44', '00AU0BRA0BUe0BYD0CMO', '奔驰A级', '00AU0BRA0BUe');
INSERT INTO `carmodel` VALUES ('45', '00AU0BRA0BUe0BYD0BdY', '奔驰B级', '00AU0BRA0BUe');
INSERT INTO `carmodel` VALUES ('46', '00AU0BRA0BUe0PeO0QPT', '奔驰A AMG', '00AU0BRA0BUe');
INSERT INTO `carmodel` VALUES ('47', '00AU0BRA0BUe0BYC0BdW', '奔驰C级', '00AU0BRA0BUe');
INSERT INTO `carmodel` VALUES ('48', '00AU0BRA0BUe0BYD0CLT', '奔驰C级(进口)', '00AU0BRA0BUe');
INSERT INTO `carmodel` VALUES ('49', '00AU0BRA0BUe0BYD0Peb', '奔驰C级旅行版', '00AU0BRA0BUe');
INSERT INTO `carmodel` VALUES ('50', '00AU0BRA0BUe0PeO0PeP', '奔驰C AMG', '00AU0BRA0BUe');
INSERT INTO `carmodel` VALUES ('51', '00AU0BRA0BUe0BYD0Bda', '奔驰CL级', '00AU0BRA0BUe');
INSERT INTO `carmodel` VALUES ('52', '00AU0BRA0BUe0BYD0QNA', '奔驰CLA(进口)', '00AU0BRA0BUe');
INSERT INTO `carmodel` VALUES ('53', '00AU0BRA0BUe0PeO0QMf', '奔驰CLA AMG', '00AU0BRA0BUe');
INSERT INTO `carmodel` VALUES ('54', '00AU0BRA0BUe0BYD0Bdc', '奔驰CLK级', '00AU0BRA0BUe');
INSERT INTO `carmodel` VALUES ('55', '00AU0BRA0BUe0BYD0Bdb', '奔驰CLS级', '00AU0BRA0BUe');
INSERT INTO `carmodel` VALUES ('56', '00AU0BRA0BUe0BYD0QWf', '奔驰CLS猎装版', '00AU0BRA0BUe');
INSERT INTO `carmodel` VALUES ('57', '00AU0BRA0BUe0PeO0PfH', '奔驰CLS AMG', '00AU0BRA0BUe');
INSERT INTO `carmodel` VALUES ('58', '00AU0BRA0BUe0BYC0BeF', '奔驰E级', '00AU0BRA0BUe');
INSERT INTO `carmodel` VALUES ('59', '00AU0BRA0BUe0BYD0BdX', '奔驰E级(进口)', '00AU0BRA0BUe');
INSERT INTO `carmodel` VALUES ('60', '00AU0BRA0BUe0BYD0QLA', '奔驰GLA(进口)', '00AU0BRA0BUe');
INSERT INTO `carmodel` VALUES ('61', '00AU0BRA0BUe0BYD0BeC', '奔驰GLK级(进口)', '00AU0BRA0BUe');
INSERT INTO `carmodel` VALUES ('62', '00AU0BRA0BUe0PeO0PeY', '奔驰E AMG', '00AU0BRA0BUe');
INSERT INTO `carmodel` VALUES ('63', '00AU0BRA0BUe0PeO0QdO', '奔驰GLA AMG', '00AU0BRA0BUe');
INSERT INTO `carmodel` VALUES ('64', '00AU0BRA0BUe0BYD0BeB', '奔驰G级', '00AU0BRA0BUe');
INSERT INTO `carmodel` VALUES ('65', '00AU0BRA0BUe0BYD0BeA', '奔驰GL', '00AU0BRA0BUe');
INSERT INTO `carmodel` VALUES ('66', '00AU0BRA0BUe0PeO0PfC', '奔驰G AMG', '00AU0BRA0BUe');
INSERT INTO `carmodel` VALUES ('67', '00AU0BRA0BUe0BYD0BeE', '奔驰ML级', '00AU0BRA0BUe');
INSERT INTO `carmodel` VALUES ('68', '00AU0BRA0BUe0BYC0QCd', '奔驰GLK', '00AU0BRA0BUe');
INSERT INTO `carmodel` VALUES ('69', '00AU0BRA0BUe0PeO0QUA', '奔驰GL AMG', '00AU0BRA0BUe');
INSERT INTO `carmodel` VALUES ('70', '00AU0BRA0BUe0PeO0PfV', '奔驰ML AMG', '00AU0BRA0BUe');
INSERT INTO `carmodel` VALUES ('71', '00AU0BRA0BUe0BYD0Bdf', '奔驰R级', '00AU0BRA0BUe');
INSERT INTO `carmodel` VALUES ('72', '00AU0BRA0BUe0BYD0BdZ', '奔驰S级', '00AU0BRA0BUe');
INSERT INTO `carmodel` VALUES ('73', '00AU0BRA0BUe0PeO0PfF', '奔驰S AMG', '00AU0BRA0BUe');
INSERT INTO `carmodel` VALUES ('74', '00AU0BRA0BUe0BYD0BeD', '奔驰SL级', '00AU0BRA0BUe');
INSERT INTO `carmodel` VALUES ('75', '00AU0BRA0BUe0PeO0PfJ', '奔驰SL AMG', '00AU0BRA0BUe');
INSERT INTO `carmodel` VALUES ('76', '00AU0BRA0BUe0BYD0Bde', '奔驰SLK级', '00AU0BRA0BUe');
INSERT INTO `carmodel` VALUES ('77', '00AU0BRA0BUe0PeO0PfG', '奔驰SLK AMG', '00AU0BRA0BUe');
INSERT INTO `carmodel` VALUES ('78', '00AU0BRA0BUe0BYD0CLV', '奔驰SLR级', '00AU0BRA0BUe');
INSERT INTO `carmodel` VALUES ('79', '00AU0BRA0BUe0PeO0PfI', '奔驰SLS AMG', '00AU0BRA0BUe');
INSERT INTO `carmodel` VALUES ('80', '00AU0BRA0BUe0BYD0RAD', '奔驰V级', '00AU0BRA0BUe');
INSERT INTO `carmodel` VALUES ('81', '00AU0BRA0BUe0DOR0DOS', '唯雅诺', '00AU0BRA0BUe');
INSERT INTO `carmodel` VALUES ('82', '00AU0BRA0BUe0BYD0CMP', '奔驰Viano(进口)', '00AU0BRA0BUe');
INSERT INTO `carmodel` VALUES ('83', '00AU0BRA0BUe0BYD0CMQ', '奔驰VITO', '00AU0BRA0BUe');
INSERT INTO `carmodel` VALUES ('84', '00AU0BRA0BUe0DOR0DOT', '威霆', '00AU0BRA0BUe');
INSERT INTO `carmodel` VALUES ('85', '00AU0BRA0BUe0DOR0QGH', '凌特', '00AU0BRA0BUe');
INSERT INTO `carmodel` VALUES ('86', '00AU0BRA0BUe0PeO0Qfb', 'BENZ AMG GT', '00AU0BRA0BUe');
INSERT INTO `carmodel` VALUES ('87', '00AU0BRA0BUe0RWB0RWD', '迈巴赫S级', '00AU0BRA0BUe');
INSERT INTO `carmodel` VALUES ('88', '00AU0BRB0BUW0BXe0BeI', '宝马1系两厢', '00AU0BRB0BUW');
INSERT INTO `carmodel` VALUES ('89', '00AU0BRB0BUW0BXe0QGe', '宝马1系三厢', '00AU0BRB0BUW');
INSERT INTO `carmodel` VALUES ('90', '00AU0BRB0BUW0PeC0QBB', '宝马1系M', '00AU0BRB0BUW');
INSERT INTO `carmodel` VALUES ('91', '00AU0BRB0BUW0BXe0QJH', '宝马2系', '00AU0BRB0BUW');
INSERT INTO `carmodel` VALUES ('92', '00AU0BRB0BUW0BXf0BeG', '宝马3系', '00AU0BRB0BUW');
INSERT INTO `carmodel` VALUES ('93', '00AU0BRB0BUW0BXe0RBO', '2系Active Tourer', '00AU0BRB0BUW');
INSERT INTO `carmodel` VALUES ('94', '00AU0BRB0BUW0BXe0BeJ', '宝马3系(进口)', '00AU0BRB0BUW');
INSERT INTO `carmodel` VALUES ('95', '00AU0BRB0BUW0BXe0QTH', '宝马3系GT', '00AU0BRB0BUW');
INSERT INTO `carmodel` VALUES ('96', '00AU0BRB0BUW0BXe0QMP', '宝马3系旅行版', '00AU0BRB0BUW');
INSERT INTO `carmodel` VALUES ('97', '00AU0BRB0BUW0PeC0Pef', '宝马M3', '00AU0BRB0BUW');
INSERT INTO `carmodel` VALUES ('98', '00AU0BRB0BUW0BXe0QTf', '宝马4系', '00AU0BRB0BUW');
INSERT INTO `carmodel` VALUES ('99', '00AU0BRB0BUW0BXf0BeH', '宝马5系', '00AU0BRB0BUW');
INSERT INTO `carmodel` VALUES ('100', '00AU0BRB0BUW0BXe0BeK', '宝马5系(进口)', '00AU0BRB0BUW');
INSERT INTO `carmodel` VALUES ('101', '00AU0BRB0BUW0PeC0QLL', '宝马M4', '00AU0BRB0BUW');
INSERT INTO `carmodel` VALUES ('102', '00AU0BRB0BUW0BXe0Pec', '宝马5系GT', '00AU0BRB0BUW');
INSERT INTO `carmodel` VALUES ('103', '00AU0BRB0BUW0BXe0QFO', '宝马5系旅行版', '00AU0BRB0BUW');
INSERT INTO `carmodel` VALUES ('104', '00AU0BRB0BUW0PeC0PfA', '宝马M5', '00AU0BRB0BUW');
INSERT INTO `carmodel` VALUES ('105', '00AU0BRB0BUW0BXe0BeL', '宝马6系', '00AU0BRB0BUW');
INSERT INTO `carmodel` VALUES ('106', '00AU0BRB0BUW0PeC0PfB', '宝马M6', '00AU0BRB0BUW');
INSERT INTO `carmodel` VALUES ('107', '00AU0BRB0BUW0BXe0BeM', '宝马7系', '00AU0BRB0BUW');
INSERT INTO `carmodel` VALUES ('108', '00AU0BRB0BUW0BXf0QEL', '宝马X1', '00AU0BRB0BUW');
INSERT INTO `carmodel` VALUES ('109', '00AU0BRB0BUW0BXe0DCF', '宝马X1(进口)', '00AU0BRB0BUW');
INSERT INTO `carmodel` VALUES ('110', '00AU0BRB0BUW0BXe0BeN', '宝马X3', '00AU0BRB0BUW');
INSERT INTO `carmodel` VALUES ('111', '00AU0BRB0BUW0BXe0QLe', '宝马X4', '00AU0BRB0BUW');
INSERT INTO `carmodel` VALUES ('112', '00AU0BRB0BUW0BXe0BeO', '宝马X5', '00AU0BRB0BUW');
INSERT INTO `carmodel` VALUES ('113', '00AU0BRB0BUW0PeC0PfD', '宝马X5M', '00AU0BRB0BUW');
INSERT INTO `carmodel` VALUES ('114', '00AU0BRB0BUW0BXe0BeP', '宝马X6', '00AU0BRB0BUW');
INSERT INTO `carmodel` VALUES ('115', '00AU0BRB0BUW0PeC0PfE', '宝马X6M', '00AU0BRB0BUW');
INSERT INTO `carmodel` VALUES ('116', '00AU0BRB0BUW0BXe0BeQ', '宝马Z4', '00AU0BRB0BUW');
INSERT INTO `carmodel` VALUES ('117', '00AU0BRB0PdN0PdO0PdP', '宝马I3', '00AU0BRB0PdN');
INSERT INTO `carmodel` VALUES ('118', '00AU0BRB0PdN0PdO0PdQ', '宝马I8', '00AU0BRB0PdN');
INSERT INTO `carmodel` VALUES ('119', '00AU0BRM0BUa0BYN0BdR', '凯越', '00AU0BRM0BUa');
INSERT INTO `carmodel` VALUES ('120', '00AU0BRM0BUa0BYN0QGT', '凯越HRV', '00AU0BRM0BUa');
INSERT INTO `carmodel` VALUES ('121', '00AU0BRM0BUa0BYN0PfK', '凯越旅行版', '00AU0BRM0BUa');
INSERT INTO `carmodel` VALUES ('122', '00AU0BRM0BUa0BYN0COG', '英朗XT', '00AU0BRM0BUa');
INSERT INTO `carmodel` VALUES ('123', '00AU0BRM0BUa0BYN0JYT', '英朗GT', '00AU0BRM0BUa');
INSERT INTO `carmodel` VALUES ('124', '00AU0BRM0BUa0BYM0BdO', '昂科雷', '00AU0BRM0BUa');
INSERT INTO `carmodel` VALUES ('125', '00AU0BRM0BUa0BYN0BdT', '君威', '00AU0BRM0BUa');
INSERT INTO `carmodel` VALUES ('126', '00AU0BRM0BUa0BYN0BdQ', '君越', '00AU0BRM0BUa');
INSERT INTO `carmodel` VALUES ('127', '00AU0BRM0BUa0BYN0BdS', '林荫大道', '00AU0BRM0BUa');
INSERT INTO `carmodel` VALUES ('128', '00AU0BRM0BUa0BYN0CPC', '荣御', '00AU0BRM0BUa');
INSERT INTO `carmodel` VALUES ('129', '00AU0BRM0BUa0BYN0QJN', '昂科拉', '00AU0BRM0BUa');
INSERT INTO `carmodel` VALUES ('130', '00AU0BRM0BUa0BYN0RTJ', '昂科威', '00AU0BRM0BUa');
INSERT INTO `carmodel` VALUES ('131', '00AU0BRM0BUa0BYN0BdP', '别克GL8', '00AU0BRM0BUa');
INSERT INTO `carmodel` VALUES ('132', '00AU0BRY0BUY0BYF0QJK', '飞度(进口)', '00AU0BRY0BUY');
INSERT INTO `carmodel` VALUES ('133', '00AU0BRY0BUY0BYF0OYR', '思域(进口)', '00AU0BRY0BUY');
INSERT INTO `carmodel` VALUES ('134', '00AU0BRY0BUY0BYG0BeU', '思域', '00AU0BRY0BUY');
INSERT INTO `carmodel` VALUES ('135', '00AU0BRY0BUY0BYF0PdD', '本田CR-Z', '00AU0BRY0BUY');
INSERT INTO `carmodel` VALUES ('136', '00AU0BRY0BUY0BYF0OYN', '音赛特', '00AU0BRY0BUY');
INSERT INTO `carmodel` VALUES ('137', '00AU0BRY0BUY0BYG0BeY', '思铂睿', '00AU0BRY0BUY');
INSERT INTO `carmodel` VALUES ('138', '00AU0BRY0BUY0BYG0RUA', '本田XR-V', '00AU0BRY0BUY');
INSERT INTO `carmodel` VALUES ('139', '00AU0BRY0BUY0BYG0BeV', '本田CR-V', '00AU0BRY0BUY');
INSERT INTO `carmodel` VALUES ('140', '00AU0BRY0BUY0BcE0Bea', '飞度', '00AU0BRY0BUY');
INSERT INTO `carmodel` VALUES ('141', '00AU0BRY0BUY0BcE0CNb', '思迪', '00AU0BRY0BUY');
INSERT INTO `carmodel` VALUES ('142', '00AU0BRY0BUY0BcE0Beb', '锋范', '00AU0BRY0BUY');
INSERT INTO `carmodel` VALUES ('143', '00AU0BRY0BUY0BcE0QSf', '凌派', '00AU0BRY0BUY');
INSERT INTO `carmodel` VALUES ('144', '00AU0BRY0BUY0BcE0QLQ', '雅阁(7代)', '00AU0BRY0BUY');
INSERT INTO `carmodel` VALUES ('145', '00AU0BRY0BUY0BcE0Bee', '新雅阁', '00AU0BRY0BUY');
INSERT INTO `carmodel` VALUES ('146', '00AU0BRY0BUY0BcE0OWd', '歌诗图', '00AU0BRY0BUY');
INSERT INTO `carmodel` VALUES ('147', '00AU0BRY0BUY0BcE0BfB', '奥德赛', '00AU0BRY0BUY');
INSERT INTO `carmodel` VALUES ('148', '00AU0BRY0BUY0BYG0QVW', '杰德', '00AU0BRY0BUY');
INSERT INTO `carmodel` VALUES ('149', '00AU0BRY0BUY0BYG0QJM', '艾力绅', '00AU0BRY0BUY');
INSERT INTO `carmodel` VALUES ('150', '00AU0BRY0BUY0BcE0QTE', '缤智', '00AU0BRY0BUY');
INSERT INTO `carmodel` VALUES ('151', '00AU0BSd0BTW0BYI0CNG', '福莱尔', '00AU0BSd0BTW');
INSERT INTO `carmodel` VALUES ('152', '00AU0BSd0BTW0BYI0Bfb', '比亚迪F0', '00AU0BSd0BTW');
INSERT INTO `carmodel` VALUES ('153', '00AU0BSd0BTW0BYI0Bfa', '比亚迪F3', '00AU0BSd0BTW');
INSERT INTO `carmodel` VALUES ('154', '00AU0BSd0BTW0BYI0Bff', '比亚迪F3R', '00AU0BSd0BTW');
INSERT INTO `carmodel` VALUES ('155', '00AU0BSd0BTW0BYI0Bfe', '比亚迪F6', '00AU0BSd0BTW');
INSERT INTO `carmodel` VALUES ('156', '00AU0BSd0BTW0BYI0CAC', '比亚迪G3', '00AU0BSd0BTW');
INSERT INTO `carmodel` VALUES ('157', '00AU0BSd0BTW0BYI0PbP', '比亚迪G3R', '00AU0BSd0BTW');
INSERT INTO `carmodel` VALUES ('158', '00AU0BSd0BTW0BYI0QfY', '比亚迪G5', '00AU0BSd0BTW');
INSERT INTO `carmodel` VALUES ('159', '00AU0BSd0BTW0BYI0OXO', '比亚迪G6', '00AU0BSd0BTW');
INSERT INTO `carmodel` VALUES ('160', '00AU0BSd0BTW0BYI0OXM', '比亚迪L3', '00AU0BSd0BTW');
INSERT INTO `carmodel` VALUES ('161', '00AU0BSd0BTW0BYI0QMH', '速锐', '00AU0BSd0BTW');
INSERT INTO `carmodel` VALUES ('162', '00AU0BSd0BTW0BYI0QPZ', '思锐', '00AU0BSd0BTW');
INSERT INTO `carmodel` VALUES ('163', '00AU0BSd0BTW0BYI0QRO', '秦', '00AU0BSd0BTW');
INSERT INTO `carmodel` VALUES ('164', '00AU0BSd0BTW0BYI0RPK', '唐', '00AU0BSd0BTW');
INSERT INTO `carmodel` VALUES ('165', '00AU0BSd0BTW0BYI0OYE', '比亚迪S6', '00AU0BSd0BTW');
INSERT INTO `carmodel` VALUES ('166', '00AU0BSd0BTW0BYI0QUV', '比亚迪S7', '00AU0BSd0BTW');
INSERT INTO `carmodel` VALUES ('167', '00AU0BSd0BTW0BYI0CAA', '比亚迪S8', '00AU0BSd0BTW');
INSERT INTO `carmodel` VALUES ('168', '00AU0BSd0BTW0BYI0PXV', '比亚迪e6', '00AU0BSd0BTW');
INSERT INTO `carmodel` VALUES ('169', '00AU0BSd0BTW0BYI0JbT', '比亚迪M6', '00AU0BSd0BTW');
INSERT INTO `carmodel` VALUES ('170', '00AU0BRT0BUZ0BYL0CMU', '标致206', '00AU0BRT0BUZ');
INSERT INTO `carmodel` VALUES ('171', '00AU0BRT0BUZ0BYK0CLY', '标致206(进口)', '00AU0BRT0BUZ');
INSERT INTO `carmodel` VALUES ('172', '00AU0BRT0BUZ0BYL0QGQ', '标致207两厢', '00AU0BRT0BUZ');
INSERT INTO `carmodel` VALUES ('173', '00AU0BRT0BUZ0BYL0BfK', '标致207三厢', '00AU0BRT0BUZ');
INSERT INTO `carmodel` VALUES ('174', '00AU0BRT0BUZ0BYK0BfO', '标致207CC', '00AU0BRT0BUZ');
INSERT INTO `carmodel` VALUES ('175', '00AU0BRT0BUZ0BYL0QVH', '标致301', '00AU0BRT0BUZ');
INSERT INTO `carmodel` VALUES ('176', '00AU0BRT0BUZ0BYL0BfM', '标致307三厢', '00AU0BRT0BUZ');
INSERT INTO `carmodel` VALUES ('177', '00AU0BRT0BUZ0BYL0QGG', '标致307两厢', '00AU0BRT0BUZ');
INSERT INTO `carmodel` VALUES ('178', '00AU0BRT0BUZ0BYK0BfP', '标致307CC', '00AU0BRT0BUZ');
INSERT INTO `carmodel` VALUES ('179', '00AU0BRT0BUZ0BYK0QIN', '标致307SW', '00AU0BRT0BUZ');
INSERT INTO `carmodel` VALUES ('180', '00AU0BRT0BUZ0BYL0QAK', '标致308', '00AU0BRT0BUZ');
INSERT INTO `carmodel` VALUES ('181', '00AU0BRT0BUZ0BYL0RVB', '标致308S', '00AU0BRT0BUZ');
INSERT INTO `carmodel` VALUES ('182', '00AU0BRT0BUZ0BYK0BfQ', '标致308CC', '00AU0BRT0BUZ');
INSERT INTO `carmodel` VALUES ('183', '00AU0BRT0BUZ0BYK0Pee', '标致308SW', '00AU0BRT0BUZ');
INSERT INTO `carmodel` VALUES ('184', '00AU0BRT0BUZ0BYK0OYK', '标致406', '00AU0BRT0BUZ');
INSERT INTO `carmodel` VALUES ('185', '00AU0BRT0BUZ0BYK0BfS', '标致407', '00AU0BRT0BUZ');
INSERT INTO `carmodel` VALUES ('186', '00AU0BRT0BUZ0BYK0QGb', '标致407SW', '00AU0BRT0BUZ');
INSERT INTO `carmodel` VALUES ('187', '00AU0BRT0BUZ0BYK0BfY', '标致607', '00AU0BRT0BUZ');
INSERT INTO `carmodel` VALUES ('188', '00AU0BRT0BUZ0BYL0DCH', '标致408', '00AU0BRT0BUZ');
INSERT INTO `carmodel` VALUES ('189', '00AU0BRT0BUZ0BYK0PUZ', '标致3008(进口)', '00AU0BRT0BUZ');
INSERT INTO `carmodel` VALUES ('190', '00AU0BRT0BUZ0BYK0QGE', '标致4008', '00AU0BRT0BUZ');
INSERT INTO `carmodel` VALUES ('191', '00AU0BRT0BUZ0BYL0PbM', '标致508', '00AU0BRT0BUZ');
INSERT INTO `carmodel` VALUES ('192', '00AU0BRT0BUZ0BYK0OYI', '标致RCZ', '00AU0BRT0BUZ');
INSERT INTO `carmodel` VALUES ('193', '00AU0BRT0BUZ0BYL0QPH', '标致2008', '00AU0BRT0BUZ');
INSERT INTO `carmodel` VALUES ('194', '00AU0BRT0BUZ0BYL0QCc', '标致3008', '00AU0BRT0BUZ');
INSERT INTO `carmodel` VALUES ('195', '00AU0BRA0BUd0BYA0BdJ', 'Boxster', '00AU0BRA0BUd');
INSERT INTO `carmodel` VALUES ('196', '00AU0BRA0BUd0BYA0BdL', 'Cayman', '00AU0BRA0BUd');
INSERT INTO `carmodel` VALUES ('197', '00AU0BRA0BUd0BYA0BdK', '保时捷911', '00AU0BRA0BUd');
INSERT INTO `carmodel` VALUES ('198', '00AU0BRA0BUd0BYA0PcR', 'Porsche 918', '00AU0BRA0BUd');
INSERT INTO `carmodel` VALUES ('199', '00AU0BRA0BUd0BYA0BdN', 'Panamera', '00AU0BRA0BUd');
INSERT INTO `carmodel` VALUES ('200', '00AU0BRA0BUd0BYA0QRe', 'Macan', '00AU0BRA0BUd');
INSERT INTO `carmodel` VALUES ('201', '00AU0BRA0BUd0BYA0BdM', '卡宴', '00AU0BRA0BUd');
INSERT INTO `carmodel` VALUES ('202', '00AU0BRA0BUb0BYO0BeT', '欧陆', '00AU0BRA0BUb');
INSERT INTO `carmodel` VALUES ('203', '00AU0BRA0BUb0BYO0RTQ', '飞驰', '00AU0BRA0BUb');
INSERT INTO `carmodel` VALUES ('204', '00AU0BRA0BUb0BYO0Paf', '慕尚', '00AU0BRA0BUb');
INSERT INTO `carmodel` VALUES ('205', '00AU0BRA0BUb0BYO0BeS', '雅致', '00AU0BRA0BUb');
INSERT INTO `carmodel` VALUES ('206', '00AU0BRA0BUc0BYP0BdI', '威航', '00AU0BRA0BUc');
INSERT INTO `carmodel` VALUES ('207', '00AU0BRG0BUX0BYE0BdU', '奔腾B50', '00AU0BRG0BUX');
INSERT INTO `carmodel` VALUES ('208', '00AU0BRG0BUX0BYE0BdV', '奔腾B70', '00AU0BRG0BUX');
INSERT INTO `carmodel` VALUES ('209', '00AU0BRG0BUX0BYE0QBC', '奔腾B90', '00AU0BRG0BUX');
INSERT INTO `carmodel` VALUES ('210', '00AU0BRG0BUX0BYE0QMO', '奔腾X80', '00AU0BRG0BUX');
INSERT INTO `carmodel` VALUES ('211', '00AU0BRd0JbQ0JbR0JbS', '域胜007', '00AU0BRd0JbQ');
INSERT INTO `carmodel` VALUES ('212', '00AU0BRd0JbQ0JbR0OYG', '骑士', '00AU0BRd0JbQ');
INSERT INTO `carmodel` VALUES ('213', '00AU0BRd0JbQ0JbR0QMa', '212旋风', '00AU0BRd0JbQ');
INSERT INTO `carmodel` VALUES ('214', '00AU0BRd0JbQ0JbR0QMc', '角斗士', '00AU0BRd0JbQ');
INSERT INTO `carmodel` VALUES ('215', '00AU0BRd0JbQ0JbR0OYF', '陆霸', '00AU0BRd0JbQ');
INSERT INTO `carmodel` VALUES ('216', '00AU0BRd0JbQ0JbR0OYH', '战旗', '00AU0BRd0JbQ');
INSERT INTO `carmodel` VALUES ('217', '00AU0BRd0JbQ0JbR0QMd', '勇士', '00AU0BRd0JbQ');
INSERT INTO `carmodel` VALUES ('218', '00AU0BRd0JbQ0JbR0QMX', '锐铃', '00AU0BRd0JbQ');
INSERT INTO `carmodel` VALUES ('219', '00AU0BRd0BUP0BYB0PVZ', '北京汽车E系列两厢', '00AU0BRd0BUP');
INSERT INTO `carmodel` VALUES ('220', '00AU0BRd0BUP0BYB0QUT', '北京汽车E系列三厢', '00AU0BRd0BUP');
INSERT INTO `carmodel` VALUES ('221', '00AU0BRd0BUP0BYB0PcT', '北京BJ40', '00AU0BRd0BUP');
INSERT INTO `carmodel` VALUES ('222', '00AU0BRN0Obf0PUU0QMb', '乐驰', '00AU0BRN0Obf');
INSERT INTO `carmodel` VALUES ('223', '00AU0BRN0Obf0PUU0QZY', '宝骏610', '00AU0BRN0Obf');
INSERT INTO `carmodel` VALUES ('224', '00AU0BRN0Obf0PUU0PYO', '宝骏630', '00AU0BRN0Obf');
INSERT INTO `carmodel` VALUES ('225', '00AU0BRN0Obf0PUU0QcT', '宝骏730', '00AU0BRN0Obf');
INSERT INTO `carmodel` VALUES ('226', '00AU0BRd0RQf0RRA0RRG', '北汽新能源E150EV', '00AU0BRd0RQf');
INSERT INTO `carmodel` VALUES ('227', '00AU0BRd0RQf0RRA0RWI', '北汽新能源EV200', '00AU0BRd0RQf');
INSERT INTO `carmodel` VALUES ('228', '00AU0BRd0RQf0RRA0RUX', '绅宝EV', '00AU0BRd0RQf');
INSERT INTO `carmodel` VALUES ('229', '00AU0BRd0RQf0RRA0RUN', '威旺306EV', '00AU0BRd0RQf');
INSERT INTO `carmodel` VALUES ('230', '00AU0BRd0RQf0RRA0RUG', '威旺307EV', '00AU0BRd0RQf');
INSERT INTO `carmodel` VALUES ('231', '00AU0BRd0PeJ0QHI0QaI', '威旺M20', '00AU0BRd0PeJ');
INSERT INTO `carmodel` VALUES ('232', '00AU0BRd0PeJ0QHI0QPd', '威旺205', '00AU0BRd0PeJ');
INSERT INTO `carmodel` VALUES ('233', '00AU0BRd0PeJ0QHI0QHJ', '威旺306', '00AU0BRd0PeJ');
INSERT INTO `carmodel` VALUES ('234', '00AU0BRd0PeJ0QHI0QeK', '威旺307', '00AU0BRd0PeJ');
INSERT INTO `carmodel` VALUES ('235', '00AU0BRd0RBI0QNW0QaU', '幻速S2', '00AU0BRd0RBI');
INSERT INTO `carmodel` VALUES ('236', '00AU0BRd0RBI0QNW0RAO', '幻速S3', '00AU0BRd0RBI');
INSERT INTO `carmodel` VALUES ('237', '00AU0QUH0QUI0QUJ0QUK', 'BAC Mono', '00AU0QUH0QUI');
INSERT INTO `carmodel` VALUES ('238', '00AU0DEF0QER0QET0QPP', '巴博斯S', '00AU0DEF0QER');
INSERT INTO `carmodel` VALUES ('239', '00AU0DEF0QER0QET0QaF', '巴博斯M', '00AU0DEF0QER');
INSERT INTO `carmodel` VALUES ('240', '00AU0DEF0QER0QET0QcC', '巴博斯B63', '00AU0DEF0QER');
INSERT INTO `carmodel` VALUES ('241', '00AU0BSf0BTV0BYT0Pfc', '长城C20R', '00AU0BSf0BTV');
INSERT INTO `carmodel` VALUES ('242', '00AU0BSf0BTV0BYT0DEf', '长城C30', '00AU0BSf0BTV');
INSERT INTO `carmodel` VALUES ('243', '00AU0BSf0BTV0BYT0OXc', '长城C50', '00AU0BSf0BTV');
INSERT INTO `carmodel` VALUES ('244', '00AU0BSf0BTV0BYT0CAV', '长城精灵', '00AU0BSf0BTV');
INSERT INTO `carmodel` VALUES ('245', '00AU0BSf0BTV0BYT0CBZ', '哈弗M1', '00AU0BSf0BTV');
INSERT INTO `carmodel` VALUES ('246', '00AU0BSf0BTV0BYT0DCI', '长城M2', '00AU0BSf0BTV');
INSERT INTO `carmodel` VALUES ('247', '00AU0BSf0BTV0BYT0PeK', '长城M4', '00AU0BSf0BTV');
INSERT INTO `carmodel` VALUES ('248', '00AU0BSf0BTV0BYT0CBW', '酷熊', '00AU0BSf0BTV');
INSERT INTO `carmodel` VALUES ('249', '00AU0BSf0BTV0BYT0CBT', '炫丽CROSS', '00AU0BSf0BTV');
INSERT INTO `carmodel` VALUES ('250', '00AU0BSf0BTV0BYT0CLZ', '凌傲', '00AU0BSf0BTV');
INSERT INTO `carmodel` VALUES ('251', '00AU0BSf0BTV0BYT0CBX', '长城V80', '00AU0BSf0BTV');
INSERT INTO `carmodel` VALUES ('252', '00AU0BSf0BTV0BYT0QKP', '金迪尔', '00AU0BSf0BTV');
INSERT INTO `carmodel` VALUES ('253', '00AU0BSf0BTV0BYT0QAO', '风骏3', '00AU0BSf0BTV');
INSERT INTO `carmodel` VALUES ('254', '00AU0BSf0BTV0BYT0QAP', '风骏5', '00AU0BSf0BTV');
INSERT INTO `carmodel` VALUES ('255', '00AU0BSf0BTV0BYT0QXK', '风骏6', '00AU0BSf0BTV');
INSERT INTO `carmodel` VALUES ('256', '00AU0BSf0BTV0BYT0CBa', '赛弗', '00AU0BSf0BTV');
INSERT INTO `carmodel` VALUES ('257', '00AU0BSf0BTV0BYT0CBb', '赛影', '00AU0BSf0BTV');
INSERT INTO `carmodel` VALUES ('258', '00AU0BRL0BUf0BYS0DCO', '奔奔MINI', '00AU0BRL0BUf');
INSERT INTO `carmodel` VALUES ('259', '00AU0BRL0BUf0BYS0QeM', '奔奔', '00AU0BRL0BUf');
INSERT INTO `carmodel` VALUES ('260', '00AU0BRL0BUf0BYS0CCP', '奔奔i', '00AU0BRL0BUf');
INSERT INTO `carmodel` VALUES ('261', '00AU0BRL0BUf0BYS0PTR', '奔奔LOVE', '00AU0BRL0BUf');
INSERT INTO `carmodel` VALUES ('262', '00AU0BRL0BUf0BYS0BcU', '悦翔三厢', '00AU0BRL0BUf');
INSERT INTO `carmodel` VALUES ('263', '00AU0BRL0BUf0BYS0QGK', '悦翔两厢', '00AU0BRL0BUf');
INSERT INTO `carmodel` VALUES ('264', '00AU0BRL0BUf0BYS0QFH', '悦翔V3', '00AU0BRL0BUf');
INSERT INTO `carmodel` VALUES ('265', '00AU0BRL0BUf0BYS0QHb', '悦翔V5', '00AU0BRL0BUf');
INSERT INTO `carmodel` VALUES ('266', '00AU0BRL0BUf0BYS0ROe', '悦翔V7', '00AU0BRL0BUf');
INSERT INTO `carmodel` VALUES ('267', '00AU0BRL0BUf0BYS0PVC', '长安CX20', '00AU0BRL0BUf');
INSERT INTO `carmodel` VALUES ('268', '00AU0BRL0BUf0BYS0QGL', '长安CX30三厢', '00AU0BRL0BUf');
INSERT INTO `carmodel` VALUES ('269', '00AU0BRL0BUf0BYS0EYf', '长安CX30两厢', '00AU0BRL0BUf');
INSERT INTO `carmodel` VALUES ('270', '00AU0BRL0BUf0BYS0CCI', '志翔', '00AU0BRL0BUf');
INSERT INTO `carmodel` VALUES ('271', '00AU0BRL0BUf0BYS0QBE', '逸动', '00AU0BRL0BUf');
INSERT INTO `carmodel` VALUES ('272', '00AU0BRL0BUf0BYS0QPA', '致尚XT', '00AU0BRL0BUf');
INSERT INTO `carmodel` VALUES ('273', '00AU0BRL0BUf0BYS0QIP', '睿骋', '00AU0BRL0BUf');
INSERT INTO `carmodel` VALUES ('274', '00AU0BRL0BUf0BYS0QJY', '长安CS35', '00AU0BRL0BUf');
INSERT INTO `carmodel` VALUES ('275', '00AU0BRL0BUf0BYS0QaG', '长安CS75', '00AU0BRL0BUf');
INSERT INTO `carmodel` VALUES ('276', '00AU0BRL0BUf0BYS0CCL', '杰勋', '00AU0BRL0BUf');
INSERT INTO `carmodel` VALUES ('277', '00AU0BSE0BUL0BYR0CAD', '爱迪尔', '00AU0BSE0BUL');
INSERT INTO `carmodel` VALUES ('278', '00AU0BSE0BUL0BYR0RVO', '福瑞达M50', '00AU0BSE0BUL');
INSERT INTO `carmodel` VALUES ('279', '00AU0BSE0BUL0BYR0QRC', '福瑞达', '00AU0BSE0BUL');
INSERT INTO `carmodel` VALUES ('280', '00AU0BSE0BUL0BYR0QRG', '福运', '00AU0BSE0BUL');
INSERT INTO `carmodel` VALUES ('281', '00AU0BRL0PYf0PZA0QPI', '欧力威', '00AU0BRL0PYf');
INSERT INTO `carmodel` VALUES ('282', '00AU0BRL0PYf0PZA0QFJ', '欧诺', '00AU0BRL0PYf');
INSERT INTO `carmodel` VALUES ('283', '00AU0BRL0PYf0PZA0QcX', '睿行', '00AU0BRL0PYf');
INSERT INTO `carmodel` VALUES ('284', '00AU0BRL0PYf0PZA0QVd', '尊行', '00AU0BRL0PYf');
INSERT INTO `carmodel` VALUES ('285', '00AU0BRL0PYf0PZA0PZB', '长安之星7', '00AU0BRL0PYf');
INSERT INTO `carmodel` VALUES ('286', '00AU0BRL0PYf0PZA0QOe', '新长安之星', '00AU0BRL0PYf');
INSERT INTO `carmodel` VALUES ('287', '00AU0BRL0PYf0PZA0QPf', '长安之星2', '00AU0BRL0PYf');
INSERT INTO `carmodel` VALUES ('288', '00AU0BRL0PYf0PZA0QQB', '长安之星S460', '00AU0BRL0PYf');
INSERT INTO `carmodel` VALUES ('289', '00AU0BRL0PYf0PZA0QSW', '长安之星6363', '00AU0BRL0PYf');
INSERT INTO `carmodel` VALUES ('290', '00AU0BRL0PYf0PZA0QSD', '长安星光4500', '00AU0BRL0PYf');
INSERT INTO `carmodel` VALUES ('291', '00AU0BRL0PYf0PZA0RWN', '长安之星9', '00AU0BRL0PYf');
INSERT INTO `carmodel` VALUES ('292', '00AU0RUI0RUJ0RUK0RUM', '成功V1', '00AU0RUI0RUJ');
INSERT INTO `carmodel` VALUES ('293', '00AU0BRA0BVC0BZA0QDd', '大众Up', '00AU0BRA0BVC');
INSERT INTO `carmodel` VALUES ('294', '00AU0BRA0BVC0BYf0CFB', 'POLO', '00AU0BRA0BVC');
INSERT INTO `carmodel` VALUES ('295', '00AU0BRA0BVC0BYf0QFT', 'POLO GTI', '00AU0BRA0BVC');
INSERT INTO `carmodel` VALUES ('296', '00AU0BRA0BVC0BYf0QCC', 'POLO劲取', '00AU0BRA0BVC');
INSERT INTO `carmodel` VALUES ('297', '00AU0BRA0BVC0BYf0CNP', '高尔', '00AU0BRA0BVC');
INSERT INTO `carmodel` VALUES ('298', '00AU0BRA0BVC0BYe0CEa', '捷达', '00AU0BRA0BVC');
INSERT INTO `carmodel` VALUES ('299', '00AU0BRA0BVC0BYe0CEb', '宝来', '00AU0BRA0BVC');
INSERT INTO `carmodel` VALUES ('300', '00AU0BRA0BVC0BYe0CER', '宝来(宝来经典)', '00AU0BRA0BVC');
INSERT INTO `carmodel` VALUES ('301', '00AU0BRA0BVC0BYe0QGZ', '宝来HS', '00AU0BRA0BVC');
INSERT INTO `carmodel` VALUES ('302', '00AU0BRA0BVC0PfU0QIM', '宝来R', '00AU0BRA0BVC');
INSERT INTO `carmodel` VALUES ('303', '00AU0BRA0BVC0BYf0CEe', '朗逸', '00AU0BRA0BVC');
INSERT INTO `carmodel` VALUES ('304', '00AU0BRA0BVC0BYf0QSA', '朗行', '00AU0BRA0BVC');
INSERT INTO `carmodel` VALUES ('305', '00AU0BRA0BVC0BYe0CFH', '速腾', '00AU0BRA0BVC');
INSERT INTO `carmodel` VALUES ('306', '00AU0BRA0BVC0BZA0CEX', '高尔夫(进口)', '00AU0BRA0BVC');
INSERT INTO `carmodel` VALUES ('307', '00AU0BRA0BVC0BYf0QbP', '朗境', '00AU0BRA0BVC');
INSERT INTO `carmodel` VALUES ('308', '00AU0BRA0BVC0BYe0QGf', '速腾GLI', '00AU0BRA0BVC');
INSERT INTO `carmodel` VALUES ('309', '00AU0BRA0BVC0BYf0QeN', '凌渡', '00AU0BRA0BVC');
INSERT INTO `carmodel` VALUES ('310', '00AU0BRA0BVC0BZA0QRQ', '高尔夫GTI(进口)', '00AU0BRA0BVC');
INSERT INTO `carmodel` VALUES ('311', '00AU0BRA0BVC0PfU0QAJ', '高尔夫R', '00AU0BRA0BVC');
INSERT INTO `carmodel` VALUES ('312', '00AU0BRA0BVC0BYe0Qde', '高尔夫(第四代)', '00AU0BRA0BVC');
INSERT INTO `carmodel` VALUES ('313', '00AU0BRA0BVC0BYe0Qdf', '高尔夫(第六代)', '00AU0BRA0BVC');
INSERT INTO `carmodel` VALUES ('314', '00AU0BRA0BVC0BZA0QDB', '高尔夫旅行版', '00AU0BRA0BVC');
INSERT INTO `carmodel` VALUES ('315', '00AU0BRA0BVC0BZA0CEZ', '尚酷', '00AU0BRA0BVC');
INSERT INTO `carmodel` VALUES ('316', '00AU0BRA0BVC0BZA0CET', '大众EOS', '00AU0BRA0BVC');
INSERT INTO `carmodel` VALUES ('317', '00AU0BRA0BVC0BZA0CEY', '甲壳虫', '00AU0BRA0BVC');
INSERT INTO `carmodel` VALUES ('318', '00AU0BRA0BVC0BYe0CEd', '高尔夫(第七代)', '00AU0BRA0BVC');
INSERT INTO `carmodel` VALUES ('319', '00AU0BRA0BVC0BYf0QLM', '新桑塔纳', '00AU0BRA0BVC');
INSERT INTO `carmodel` VALUES ('320', '00AU0BRA0BVC0PfU0QAA', '尚酷R', '00AU0BRA0BVC');
INSERT INTO `carmodel` VALUES ('321', '00AU0BRA0BVC0BYf0CFC', '桑塔纳', '00AU0BRA0BVC');
INSERT INTO `carmodel` VALUES ('322', '00AU0BRA0BVC0BYf0PfL', '桑塔纳旅行版', '00AU0BRA0BVC');
INSERT INTO `carmodel` VALUES ('323', '00AU0BRA0BVC0BYf0CFD', '桑塔纳志俊', '00AU0BRA0BVC');
INSERT INTO `carmodel` VALUES ('324', '00AU0BRA0BVC0BYe0PeQ', '高尔夫GTI', '00AU0BRA0BVC');
INSERT INTO `carmodel` VALUES ('325', '00AU0BRA0BVC0BYf0CPE', '帕萨特', '00AU0BRA0BVC');
INSERT INTO `carmodel` VALUES ('326', '00AU0BRA0BVC0BYf0CFF', 'PASSAT新领驭', '00AU0BRA0BVC');
INSERT INTO `carmodel` VALUES ('327', '00AU0BRA0BVC0BYe0CEc', '迈腾', '00AU0BRA0BVC');
INSERT INTO `carmodel` VALUES ('328', '00AU0BRA0BVC0BZA0Ped', '迈腾旅行版', '00AU0BRA0BVC');
INSERT INTO `carmodel` VALUES ('329', '00AU0BRA0BVC0BZA0QLf', '迈腾Alltrack', '00AU0BRA0BVC');
INSERT INTO `carmodel` VALUES ('330', '00AU0BRA0BVC0PfU0PfW', '大众R36三厢', '00AU0BRA0BVC');
INSERT INTO `carmodel` VALUES ('331', '00AU0BRA0BVC0PfU0QGd', '大众R36旅行版', '00AU0BRA0BVC');
INSERT INTO `carmodel` VALUES ('332', '00AU0BRA0BVC0BYe0EYQ', '大众CC', '00AU0BRA0BVC');
INSERT INTO `carmodel` VALUES ('333', '00AU0BRA0BVC0BZA0CES', '大众CC(进口)', '00AU0BRA0BVC');
INSERT INTO `carmodel` VALUES ('334', '00AU0BRA0BVC0BZA0CEU', '辉腾', '00AU0BRA0BVC');
INSERT INTO `carmodel` VALUES ('335', '00AU0BRA0BVC0BYf0DCL', '途观', '00AU0BRA0BVC');
INSERT INTO `carmodel` VALUES ('336', '00AU0BRA0BVC0BZA0CEV', '途观(进口)', '00AU0BRA0BVC');
INSERT INTO `carmodel` VALUES ('337', '00AU0BRA0BVC0BZA0CFG', '途锐', '00AU0BRA0BVC');
INSERT INTO `carmodel` VALUES ('338', '00AU0BRA0BVC0BYf0CFE', '途安', '00AU0BRA0BVC');
INSERT INTO `carmodel` VALUES ('339', '00AU0BRA0BVC0BZA0COQ', '夏朗', '00AU0BRA0BVC');
INSERT INTO `carmodel` VALUES ('340', '00AU0BRA0BVC0BYe0CNF', '开迪', '00AU0BRA0BVC');
INSERT INTO `carmodel` VALUES ('341', '00AU0BRA0BVC0BZA0RBT', '凯路威', '00AU0BRA0BVC');
INSERT INTO `carmodel` VALUES ('342', '00AU0BRA0BVC0BZA0CEf', '迈特威(Multivan)', '00AU0BRA0BVC');
INSERT INTO `carmodel` VALUES ('343', '00AU0BRA0BVC0BZA0QOP', '大众Routan', '00AU0BRA0BVC');
INSERT INTO `carmodel` VALUES ('344', '00AU0BRI0BVE0Bae0CCc', '奥丁', '00AU0BRI0BVE');
INSERT INTO `carmodel` VALUES ('345', '00AU0BRI0BVE0Bae0CCd', '帅客', '00AU0BRI0BVE');
INSERT INTO `carmodel` VALUES ('346', '00AU0BRI0BVE0Bae0CCf', '御轩', '00AU0BRI0BVE');
INSERT INTO `carmodel` VALUES ('347', '00AU0BRI0BVE0QNC0QOM', '小康C37', '00AU0BRI0BVE');
INSERT INTO `carmodel` VALUES ('348', '00AU0BRI0BVE0Bae0QdL', '俊风', '00AU0BRI0BVE');
INSERT INTO `carmodel` VALUES ('349', '00AU0BRI0BVE0QNC0QRJ', '小康K07', '00AU0BRI0BVE');
INSERT INTO `carmodel` VALUES ('350', '00AU0BRI0BVE0QNC0QRA', '小康K07II', '00AU0BRI0BVE');
INSERT INTO `carmodel` VALUES ('351', '00AU0BRI0BVE0Bae0QHN', '锐骐皮卡', '00AU0BRI0BVE');
INSERT INTO `carmodel` VALUES ('352', '00AU0BRI0BVE0QNC0QRB', '小康K17', '00AU0BRI0BVE');
INSERT INTO `carmodel` VALUES ('353', '00AU0BRI0BVE0Bae0QMA', '锐骐多功能商用车', '00AU0BRI0BVE');
INSERT INTO `carmodel` VALUES ('354', '00AU0BRI0BVE0QNC0QQZ', '小康V07S', '00AU0BRI0BVE');
INSERT INTO `carmodel` VALUES ('355', '00AU0BRI0BVE0BZH0QJQ', '御风', '00AU0BRI0BVE');
INSERT INTO `carmodel` VALUES ('356', '00AU0BRI0BVE0QNC0QND', '小康V27', '00AU0BRI0BVE');
INSERT INTO `carmodel` VALUES ('357', '00AU0BRI0BVE0BZH0CDI', '汗马', '00AU0BRI0BVE');
INSERT INTO `carmodel` VALUES ('358', '00AU0BRI0BVE0QNC0QNE', '小康V29', '00AU0BRI0BVE');
INSERT INTO `carmodel` VALUES ('359', '00AU0BRI0BVE0QNC0QWW', '小康风光', '00AU0BRI0BVE');
INSERT INTO `carmodel` VALUES ('360', '00AU0BRI0EYY0BcR0QfT', '风神A30', '00AU0BRI0EYY');
INSERT INTO `carmodel` VALUES ('361', '00AU0BRI0EYY0BcR0QFN', '风神A60', '00AU0BRI0EYY');
INSERT INTO `carmodel` VALUES ('362', '00AU0BRI0EYY0BcR0CDN', '风神S30', '00AU0BRI0EYY');
INSERT INTO `carmodel` VALUES ('363', '00AU0BRI0EYY0BcR0DCK', '风神H30', '00AU0BRI0EYY');
INSERT INTO `carmodel` VALUES ('364', '00AU0BRI0EYY0BcR0QQK', '风神CROSS', '00AU0BRI0EYY');
INSERT INTO `carmodel` VALUES ('365', '00AU0BRI0EYY0BcR0Qef', '风神AX7', '00AU0BRI0EYY');
INSERT INTO `carmodel` VALUES ('366', '00AU0BRI0QHL0BcS0CDK', '景逸', '00AU0BRI0QHL');
INSERT INTO `carmodel` VALUES ('367', '00AU0BRI0QHL0BcS0Qed', '景逸S50', '00AU0BRI0QHL');
INSERT INTO `carmodel` VALUES ('368', '00AU0BRI0QHL0BcS0RBS', '景逸X3', '00AU0BRI0QHL');
INSERT INTO `carmodel` VALUES ('369', '00AU0BRI0QHL0BcS0QHC', '景逸X5', '00AU0BRI0QHL');
INSERT INTO `carmodel` VALUES ('370', '00AU0BRI0QHL0BcS0CDL', '菱智', '00AU0BRI0QHL');
INSERT INTO `carmodel` VALUES ('371', '00AU0BRI0QHL0BcS0QUc', '风行CM7', '00AU0BRI0QHL');
INSERT INTO `carmodel` VALUES ('372', '00AU0BRI0QRD0QRE0QRF', '俊风CV03', '00AU0BRI0QRD');
INSERT INTO `carmodel` VALUES ('373', '00AU0BSW0BTe0BZI0CCa', 'V3菱悦', '00AU0BSW0BTe');
INSERT INTO `carmodel` VALUES ('374', '00AU0BSW0BTe0BZI0QFe', 'V5菱致', '00AU0BSW0BTe');
INSERT INTO `carmodel` VALUES ('375', '00AU0BSW0BTe0BZI0QIC', 'V6菱仕', '00AU0BSW0BTe');
INSERT INTO `carmodel` VALUES ('376', '00AU0BSW0BTe0BZI0CNc', '菱帅', '00AU0BSW0BTe');
INSERT INTO `carmodel` VALUES ('377', '00AU0BSW0BTe0BZI0OXY', '富利卡', '00AU0BSW0BTe');
INSERT INTO `carmodel` VALUES ('378', '00AU0BSW0BTe0BZI0PZH', '希旺', '00AU0BSW0BTe');
INSERT INTO `carmodel` VALUES ('379', '00AU0BSW0BTe0BZI0QeC', '得利卡', '00AU0BSW0BTe');
INSERT INTO `carmodel` VALUES ('380', '00AU0BSU0BUF0BZG0CLP', '吉利帝豪EC7', '00AU0BSU0BUF');
INSERT INTO `carmodel` VALUES ('381', '00AU0BSU0BUF0BZG0CLb', '吉利帝豪EC7-RV', '00AU0BSU0BUF');
INSERT INTO `carmodel` VALUES ('382', '00AU0BSU0BUF0BZG0JZS', '吉利EC8', '00AU0BSU0BUF');
INSERT INTO `carmodel` VALUES ('383', '00AU0BRS0BVD0BZB0CFK', '锋哲', '00AU0BRS0BVD');
INSERT INTO `carmodel` VALUES ('384', '00AU0BRS0BVD0BZB0CFL', '酷搏', '00AU0BRS0BVD');
INSERT INTO `carmodel` VALUES ('385', '00AU0BRS0BVD0BZB0CFM', '酷威', '00AU0BRS0BVD');
INSERT INTO `carmodel` VALUES ('386', '00AU0BRS0BVD0BZD0CFJ', '凯领', '00AU0BRS0BVD');
INSERT INTO `carmodel` VALUES ('387', '00AU0BRS0BVD0BZB0QCA', 'Ram', '00AU0BRS0BVD');
INSERT INTO `carmodel` VALUES ('388', '00AU0DEF0QIS0QIT0QIU', 'DS 3', '00AU0DEF0QIS');
INSERT INTO `carmodel` VALUES ('389', '00AU0DEF0QIS0QQF0QZb', 'DS 5LS', '00AU0DEF0QIS');
INSERT INTO `carmodel` VALUES ('390', '00AU0DEF0QIS0QIT0QIV', 'DS 4', '00AU0DEF0QIS');
INSERT INTO `carmodel` VALUES ('391', '00AU0DEF0QIS0QIT0QIW', 'DS 5(进口)', '00AU0DEF0QIS');
INSERT INTO `carmodel` VALUES ('392', '00AU0DEF0QIS0QQF0QQG', 'DS 5', '00AU0DEF0QIS');
INSERT INTO `carmodel` VALUES ('393', '00AU0DEF0QIS0QQF0RQe', 'DS 6', '00AU0DEF0QIS');
INSERT INTO `carmodel` VALUES ('394', '00AU0BRN0QFV0QFW0QFX', '大通V80', '00AU0BRN0QFV');
INSERT INTO `carmodel` VALUES ('395', '00AU0BRN0QFV0QFW0QYK', '大通G10', '00AU0BRN0QFV');
INSERT INTO `carmodel` VALUES ('396', '00AU0BRO0BVI0BYJ0CGA', '嘉年华两厢', '00AU0BRO0BVI');
INSERT INTO `carmodel` VALUES ('397', '00AU0BRO0BVI0BYJ0QBV', '嘉年华三厢', '00AU0BRO0BVI');
INSERT INTO `carmodel` VALUES ('398', '00AU0BRO0BVI0BYH0QEQ', '嘉年华ST', '00AU0BRO0BVI');
INSERT INTO `carmodel` VALUES ('399', '00AU0BRO0BVI0BYJ0CFe', '福克斯两厢(第二代)', '00AU0BRO0BVI');
INSERT INTO `carmodel` VALUES ('400', '00AU0BRO0BVI0BYJ0QGI', '福克斯三厢(第二代)', '00AU0BRO0BVI');
INSERT INTO `carmodel` VALUES ('401', '00AU0BRO0BVI0BYJ0RBM', '福克斯两厢(第三代)', '00AU0BRO0BVI');
INSERT INTO `carmodel` VALUES ('402', '00AU0BRO0BVI0BYH0QIO', '福克斯ST', '00AU0BRO0BVI');
INSERT INTO `carmodel` VALUES ('403', '00AU0BRO0BVI0BYJ0RBL', '福克斯三厢(第三代)', '00AU0BRO0BVI');
INSERT INTO `carmodel` VALUES ('404', '00AU0BRO0BVI0BYJ0QZB', '福睿斯', '00AU0BRO0BVI');
INSERT INTO `carmodel` VALUES ('405', '00AU0BRO0BVI0BYJ0COD', '蒙迪欧', '00AU0BRO0BVI');
INSERT INTO `carmodel` VALUES ('406', '00AU0BRO0BVI0BYJ0CGB', '致胜', '00AU0BRO0BVI');
INSERT INTO `carmodel` VALUES ('407', '00AU0BRO0BVI0BYH0COL', 'ESCAPE', '00AU0BRO0BVI');
INSERT INTO `carmodel` VALUES ('408', '00AU0BRO0BVI0BYH0CGC', '锐界(进口)', '00AU0BRO0BVI');
INSERT INTO `carmodel` VALUES ('409', '00AU0BRO0BVI0BYJ0QNB', '翼搏', '00AU0BRO0BVI');
INSERT INTO `carmodel` VALUES ('410', '00AU0BRO0BVI0BYH0QHV', '探险者', '00AU0BRO0BVI');
INSERT INTO `carmodel` VALUES ('411', '00AU0BRO0BVI0BYH0QQN', 'Expediton远征', '00AU0BRO0BVI');
INSERT INTO `carmodel` VALUES ('412', '00AU0BRO0BVI0BYJ0QKG', '翼虎', '00AU0BRO0BVI');
INSERT INTO `carmodel` VALUES ('413', '00AU0BRO0BVI0BYH0CLe', 'Mustang', '00AU0BRO0BVI');
INSERT INTO `carmodel` VALUES ('414', '00AU0BRO0BVI0BYH0QKe', '福特F-150', '00AU0BRO0BVI');
INSERT INTO `carmodel` VALUES ('415', '00AU0BRO0BVI0BYH0QZH', '福特F-350', '00AU0BRO0BVI');
INSERT INTO `carmodel` VALUES ('416', '00AU0BRO0BVI0BYH0QPQ', '福特F-650', '00AU0BRO0BVI');
INSERT INTO `carmodel` VALUES ('417', '00AU0BRO0BVI0BYJ0CFf', '麦柯斯', '00AU0BRO0BVI');
INSERT INTO `carmodel` VALUES ('418', '00AU0BRW0BVH0BZN0CFW', '威驰', '00AU0BRW0BVH');
INSERT INTO `carmodel` VALUES ('419', '00AU0BRW0BVH0BZO0CFS', '雅力士', '00AU0BRW0BVH');
INSERT INTO `carmodel` VALUES ('420', '00AU0BRW0BVH0BZO0QbA', 'YARiS L 致炫', '00AU0BRW0BVH');
INSERT INTO `carmodel` VALUES ('421', '00AU0BRW0BVH0BZN0CFU', '花冠', '00AU0BRW0BVH');
INSERT INTO `carmodel` VALUES ('422', '00AU0BRW0BVH0BZO0QeW', '雷凌', '00AU0BRW0BVH');
INSERT INTO `carmodel` VALUES ('423', '00AU0BRW0BVH0BZN0CFT', '卡罗拉', '00AU0BRW0BVH');
INSERT INTO `carmodel` VALUES ('424', '00AU0BRW0BVH0BZN0CFV', '普锐斯', '00AU0BRW0BVH');
INSERT INTO `carmodel` VALUES ('425', '00AU0BRW0BVH0BZO0QeJ', '凯美瑞(第六代)', '00AU0BRW0BVH');
INSERT INTO `carmodel` VALUES ('426', '00AU0BRW0BVH0BZO0BcT', '凯美瑞(第七代)', '00AU0BRW0BVH');
INSERT INTO `carmodel` VALUES ('427', '00AU0BRW0BVH0BZN0CFQ', '锐志', '00AU0BRW0BVH');
INSERT INTO `carmodel` VALUES ('428', '00AU0BRW0BVH0BZM0CFN', 'FJ 酷路泽', '00AU0BRW0BVH');
INSERT INTO `carmodel` VALUES ('429', '00AU0BRW0BVH0BZM0CFZ', '普拉多(进口)', '00AU0BRW0BVH');
INSERT INTO `carmodel` VALUES ('430', '00AU0BRW0BVH0BZM0CMd', '兰德酷路泽(进口)', '00AU0BRW0BVH');
INSERT INTO `carmodel` VALUES ('431', '00AU0BRW0BVH0BZM0QLT', '坦途', '00AU0BRW0BVH');
INSERT INTO `carmodel` VALUES ('432', '00AU0BRW0BVH0BZM0QQL', '威飒', '00AU0BRW0BVH');
INSERT INTO `carmodel` VALUES ('433', '00AU0BRW0BVH0BZM0PSe', '埃尔法', '00AU0BRW0BVH');
INSERT INTO `carmodel` VALUES ('434', '00AU0BRW0BVH0BZM0CFO', '普瑞维亚', '00AU0BRW0BVH');
INSERT INTO `carmodel` VALUES ('435', '00AU0BRW0BVH0BZN0CFR', '皇冠', '00AU0BRW0BVH');
INSERT INTO `carmodel` VALUES ('436', '00AU0BRW0BVH0BZM0QLV', 'Sienna', '00AU0BRW0BVH');
INSERT INTO `carmodel` VALUES ('437', '00AU0BRW0BVH0BZN0COI', '特锐', '00AU0BRW0BVH');
INSERT INTO `carmodel` VALUES ('438', '00AU0BRW0BVH0BZM0Pad', '杰路驰', '00AU0BRW0BVH');
INSERT INTO `carmodel` VALUES ('439', '00AU0BRW0BVH0BZM0PXF', '丰田86', '00AU0BRW0BVH');
INSERT INTO `carmodel` VALUES ('440', '00AU0BRW0BVH0BZN0CFP', '丰田RAV4', '00AU0BRW0BVH');
INSERT INTO `carmodel` VALUES ('441', '00AU0BRW0BVH0BZO0PZE', '逸致', '00AU0BRW0BVH');
INSERT INTO `carmodel` VALUES ('442', '00AU0BRW0BVH0BZO0BcL', '汉兰达', '00AU0BRW0BVH');
INSERT INTO `carmodel` VALUES ('443', '00AU0BRW0BVH0BZN0CFY', '普拉多', '00AU0BRW0BVH');
INSERT INTO `carmodel` VALUES ('444', '00AU0BRW0BVH0BZN0CFX', '兰德酷路泽', '00AU0BRW0BVH');
INSERT INTO `carmodel` VALUES ('445', '00AU0BRW0BVH0BZM0PVJ', 'Toyota IQ', '00AU0BRW0BVH');
INSERT INTO `carmodel` VALUES ('446', '00AU0BRC0BWX0BcF0PXU', '法拉利458 Italia', '00AU0BRC0BWX');
INSERT INTO `carmodel` VALUES ('447', '00AU0BRC0BWX0BcF0CNH', '法拉利575M', '00AU0BRC0BWX');
INSERT INTO `carmodel` VALUES ('448', '00AU0BRC0BWX0BcF0CFa', '法拉利599', '00AU0BRC0BWX');
INSERT INTO `carmodel` VALUES ('449', '00AU0BRC0BWX0BcF0CFb', '法拉利612', '00AU0BRC0BWX');
INSERT INTO `carmodel` VALUES ('450', '00AU0BRC0BWX0BcF0QIH', '法拉利F12 berlinetta', '00AU0BRC0BWX');
INSERT INTO `carmodel` VALUES ('451', '00AU0BRC0BWX0BcF0PcW', '法拉利FF', '00AU0BRC0BWX');
INSERT INTO `carmodel` VALUES ('452', '00AU0BRC0BWX0BcF0CFc', '法拉利California', '00AU0BRC0BWX');
INSERT INTO `carmodel` VALUES ('453', '00AU0BRC0BWX0BcF0CNK', '法拉利F360', '00AU0BRC0BWX');
INSERT INTO `carmodel` VALUES ('454', '00AU0BRC0BWX0BcF0CFd', '法拉利F430', '00AU0BRC0BWX');
INSERT INTO `carmodel` VALUES ('455', '00AU0BRC0BWX0BcF0CNI', '法拉利ENZO', '00AU0BRC0BWX');
INSERT INTO `carmodel` VALUES ('456', '00AU0BRC0BWX0BcF0QTU', 'LaFerrari', '00AU0BRC0BWX');
INSERT INTO `carmodel` VALUES ('457', '00AU0BRC0BVG0BZL0PcH', '菲亚特500', '00AU0BRC0BVG');
INSERT INTO `carmodel` VALUES ('458', '00AU0BRC0BVG0CNX0CPD', '派力奥', '00AU0BRC0BVG');
INSERT INTO `carmodel` VALUES ('459', '00AU0BRC0BVG0CNX0COX', '西耶那', '00AU0BRC0BVG');
INSERT INTO `carmodel` VALUES ('460', '00AU0BRC0BVG0CNX0CPB', '派朗', '00AU0BRC0BVG');
INSERT INTO `carmodel` VALUES ('461', '00AU0BRC0BVG0CNX0CNY', '派力奥周末风', '00AU0BRC0BVG');
INSERT INTO `carmodel` VALUES ('462', '00AU0BRC0BVG0BZL0CGF', '朋多', '00AU0BRC0BVG');
INSERT INTO `carmodel` VALUES ('463', '00AU0BRC0BVG0BZL0CGE', '博悦', '00AU0BRC0BVG');
INSERT INTO `carmodel` VALUES ('464', '00AU0BRC0BVG0BZL0CGG', '领雅', '00AU0BRC0BVG');
INSERT INTO `carmodel` VALUES ('465', '00AU0BRC0BVG0PVQ0QIE', '菲翔', '00AU0BRC0BVG');
INSERT INTO `carmodel` VALUES ('466', '00AU0BRC0BVG0PVQ0QYJ', '致悦', '00AU0BRC0BVG');
INSERT INTO `carmodel` VALUES ('467', '00AU0BRC0BVG0BZL0PcX', '菲跃', '00AU0BRC0BVG');
INSERT INTO `carmodel` VALUES ('468', '00AU0BRd0BVJ0BYU0RWM', '伽途V3', '00AU0BRd0BVJ');
INSERT INTO `carmodel` VALUES ('469', '00AU0BRd0BVJ0BYU0DCJ', '蒙派克', '00AU0BRd0BVJ');
INSERT INTO `carmodel` VALUES ('470', '00AU0BRd0BVJ0BYU0QUX', '福田蒙派克S', '00AU0BRd0BVJ');
INSERT INTO `carmodel` VALUES ('471', '00AU0BRd0BVJ0BYU0CGD', '迷迪', '00AU0BRd0BVJ');
INSERT INTO `carmodel` VALUES ('472', '00AU0BRd0BVJ0BYU0QQD', '拓陆者', '00AU0BRd0BVJ');
INSERT INTO `carmodel` VALUES ('473', '00AU0BRd0BVJ0BYU0QOC', '萨普', '00AU0BRd0BVJ');
INSERT INTO `carmodel` VALUES ('474', '00AU0BRd0BVJ0BYU0RTO', '风景', '00AU0BRd0BVJ');
INSERT INTO `carmodel` VALUES ('475', '00AU0BRd0BVJ0BYU0RPb', '风景G7', '00AU0BRd0BVJ');
INSERT INTO `carmodel` VALUES ('476', '00AU0BSL0BTG0BbA0PYW', '探索者Ⅱ', '00AU0BSL0BTG');
INSERT INTO `carmodel` VALUES ('477', '00AU0BSL0BTG0BbA0PYX', '探索者III', '00AU0BSL0BTG');
INSERT INTO `carmodel` VALUES ('478', '00AU0BSL0BTG0BbA0PXT', '探索者6', '00AU0BSL0BTG');
INSERT INTO `carmodel` VALUES ('479', '00AU0BSL0BTG0BbA0QXB', '揽福', '00AU0BSL0BTG');
INSERT INTO `carmodel` VALUES ('480', '00AU0BSL0BTG0BbA0QQI', '雄狮F16', '00AU0BSL0BTG');
INSERT INTO `carmodel` VALUES ('481', '00AU0QfC0QfD0QfE0QfF', '启腾M70', '00AU0QfC0QfD');
INSERT INTO `carmodel` VALUES ('482', '00AU0BSa0DET0DEU0QPb', '传祺GA3', '00AU0BSa0DET');
INSERT INTO `carmodel` VALUES ('483', '00AU0BSa0DET0DEU0RTS', '传祺GA3S视界版', '00AU0BSa0DET');
INSERT INTO `carmodel` VALUES ('484', '00AU0BSa0DET0DEU0EXd', '传祺GA5', '00AU0BSa0DET');
INSERT INTO `carmodel` VALUES ('485', '00AU0BSa0DET0DEU0QcF', '传祺GA6', '00AU0BSa0DET');
INSERT INTO `carmodel` VALUES ('486', '00AU0BSa0DET0DEU0QFI', '传祺GS5', '00AU0BSa0DET');
INSERT INTO `carmodel` VALUES ('487', '00AU0BSa0DET0DEU0RUe', '传祺GS5速博', '00AU0BSa0DET');
INSERT INTO `carmodel` VALUES ('488', '00AU0BSP0QLI0QLJ0QLK', '观致3三厢', '00AU0BSP0QLI');
INSERT INTO `carmodel` VALUES ('489', '00AU0BSP0QLI0QLJ0QTP', '观致3五门版', '00AU0BSP0QLI');
INSERT INTO `carmodel` VALUES ('490', '00AU0BSP0QLI0QLJ0RWA', '观致3都市SUV', '00AU0BSP0QLI');
INSERT INTO `carmodel` VALUES ('491', '00AU0BSD0BXJ0BYW0DLE', '大蛇', '00AU0BSD0BXJ');
INSERT INTO `carmodel` VALUES ('492', '00AU0BSD0BXJ0BYW0DLG', '嘉路', '00AU0BSD0BXJ');
INSERT INTO `carmodel` VALUES ('493', '00AU0BSD0BXJ0BYW0DLC', '女王', '00AU0BSD0BXJ');
INSERT INTO `carmodel` VALUES ('494', '00AU0BRM0BXF0BXW0QOO', 'SAVANA', '00AU0BRM0BXF');
INSERT INTO `carmodel` VALUES ('495', '00AU0BRM0BXF0BXW0QON', 'SIERRA', '00AU0BRM0BXF');
INSERT INTO `carmodel` VALUES ('496', '00AU0BRM0BXF0BXW0QOU', 'TERRAIN', '00AU0BRM0BXF');
INSERT INTO `carmodel` VALUES ('497', '00AU0BSM0BTH0BYb0COb', '丘比特', '00AU0BSM0BTH');
INSERT INTO `carmodel` VALUES ('498', '00AU0BSM0BTH0BYb0CGZ', '福美来', '00AU0BSM0BTH');
INSERT INTO `carmodel` VALUES ('499', '00AU0BSM0BTH0BYb0QHD', '福美来VS', '00AU0BSM0BTH');
INSERT INTO `carmodel` VALUES ('500', '00AU0BSM0BTH0BYb0CGa', '海福星', '00AU0BSM0BTH');
INSERT INTO `carmodel` VALUES ('501', '00AU0BSM0BTH0BYb0CGb', '海马3', '00AU0BSM0BTH');
INSERT INTO `carmodel` VALUES ('502', '00AU0BSM0BTH0BYb0CGX', '欢动', '00AU0BSM0BTH');
INSERT INTO `carmodel` VALUES ('503', '00AU0BSM0BTH0BYb0QMB', '海马M3', '00AU0BSM0BTH');
INSERT INTO `carmodel` VALUES ('504', '00AU0BSM0BTH0BYb0QcU', '福美来M5', '00AU0BSM0BTH');
INSERT INTO `carmodel` VALUES ('505', '00AU0BSM0BTH0BYb0QVR', '海马M8', '00AU0BSM0BTH');
INSERT INTO `carmodel` VALUES ('506', '00AU0BSM0BTH0BYb0QaE', '海马S5', '00AU0BSM0BTH');
INSERT INTO `carmodel` VALUES ('507', '00AU0BSM0BTH0BYb0QWB', '海马S7', '00AU0BSM0BTH');
INSERT INTO `carmodel` VALUES ('508', '00AU0BSM0BTH0BYb0DCd', '海马骑士', '00AU0BSM0BTH');
INSERT INTO `carmodel` VALUES ('509', '00AU0BSM0BTH0BYb0CGY', '普力马', '00AU0BSM0BTH');
INSERT INTO `carmodel` VALUES ('510', '00AU0BTI0BTS0BYY0CGR', '路宝', '00AU0BTI0BTS');
INSERT INTO `carmodel` VALUES ('511', '00AU0BTI0BTS0BYY0CGT', '赛马', '00AU0BTI0BTS');
INSERT INTO `carmodel` VALUES ('512', '00AU0BTI0BTS0BYY0CGS', '赛豹III', '00AU0BTI0BTS');
INSERT INTO `carmodel` VALUES ('513', '00AU0BTI0BTS0BYY0CNZ', '赛豹V', '00AU0BTI0BTS');
INSERT INTO `carmodel` VALUES ('514', '00AU0BTI0BTS0BYY0QTc', '中意V5', '00AU0BTI0BTS');
INSERT INTO `carmodel` VALUES ('515', '00AU0BTI0BTS0BYY0QQY', '民意', '00AU0BTI0BTS');
INSERT INTO `carmodel` VALUES ('516', '00AU0BTI0BTS0BYY0QOI', '骏意', '00AU0BTI0BTS');
INSERT INTO `carmodel` VALUES ('517', '00AU0BTI0BTS0BYY0QQX', '路尊小霸王', '00AU0BTI0BTS');
INSERT INTO `carmodel` VALUES ('518', '00AU0BTE0BTT0BZR0QAB', '路盛E70', '00AU0BTE0BTT');
INSERT INTO `carmodel` VALUES ('519', '00AU0BTE0BTT0BZR0JZG', '华泰B11', '00AU0BTE0BTT');
INSERT INTO `carmodel` VALUES ('520', '00AU0BTE0BTT0BZR0QfH', '新圣达菲', '00AU0BTE0BTT');
INSERT INTO `carmodel` VALUES ('521', '00AU0BTE0BTT0BZR0CGO', '圣达菲', '00AU0BTE0BTT');
INSERT INTO `carmodel` VALUES ('522', '00AU0BTE0BTT0BZR0PUQ', '宝利格', '00AU0BTE0BTT');
INSERT INTO `carmodel` VALUES ('523', '00AU0BTE0BTT0BZR0CGP', '特拉卡', '00AU0BTE0BTT');
INSERT INTO `carmodel` VALUES ('524', '00AU0BRf0BVK0BZC0CGU', '悍马H2', '00AU0BRf0BVK');
INSERT INTO `carmodel` VALUES ('525', '00AU0BRf0BVK0BZC0QOJ', '悍马H2 SUT', '00AU0BRf0BVK');
INSERT INTO `carmodel` VALUES ('526', '00AU0BRf0BVK0BZC0CGV', '悍马H3', '00AU0BRf0BVK');
INSERT INTO `carmodel` VALUES ('527', '00AU0BSJ0BVM0Bad0QJS', '旗胜F1', '00AU0BSJ0BVM');
INSERT INTO `carmodel` VALUES ('528', '00AU0BSJ0BVM0Bad0PeZ', '旗胜V3', '00AU0BSJ0BVM');
INSERT INTO `carmodel` VALUES ('529', '00AU0BSJ0BVM0Bad0CGd', '旗胜CUV', '00AU0BSJ0BVM');
INSERT INTO `carmodel` VALUES ('530', '00AU0BSJ0BVM0Bad0QJP', '挑战者', '00AU0BSJ0BVM');
INSERT INTO `carmodel` VALUES ('531', '00AU0BSJ0BVM0Bad0QBQ', '翱龙', '00AU0BSJ0BVM');
INSERT INTO `carmodel` VALUES ('532', '00AU0BSJ0BVM0Bad0QRN', '大柴神', '00AU0BSJ0BVM');
INSERT INTO `carmodel` VALUES ('533', '00AU0BSJ0BVM0Bad0QJL', '大柴神至尊版', '00AU0BSJ0BVM');
INSERT INTO `carmodel` VALUES ('534', '00AU0BSJ0BVM0Bad0RQX', '黄海N1', '00AU0BSJ0BVM');
INSERT INTO `carmodel` VALUES ('535', '00AU0BRG0BVL0BZE0COT', '新明仕', '00AU0BRG0BVL');
INSERT INTO `carmodel` VALUES ('536', '00AU0BRG0BVL0BZE0QKY', '红旗H7', '00AU0BRG0BVL');
INSERT INTO `carmodel` VALUES ('537', '00AU0BRG0BVL0BZE0CGc', '红旗盛世', '00AU0BRG0BVL');
INSERT INTO `carmodel` VALUES ('538', '00AU0BRG0BVL0BZE0QYP', '红旗L5', '00AU0BRG0BVL');
INSERT INTO `carmodel` VALUES ('539', '00AU0BSU0BUD0BZQ0CGK', '海锋', '00AU0BSU0BUD');
INSERT INTO `carmodel` VALUES ('540', '00AU0BSU0BUD0BZQ0CGJ', '海景', '00AU0BSU0BUD');
INSERT INTO `carmodel` VALUES ('541', '00AU0BSU0BUD0BZQ0CGN', '海尚', '00AU0BSU0BUD');
INSERT INTO `carmodel` VALUES ('542', '00AU0BSU0BUD0BZQ0CNV', '海炫', '00AU0BSU0BUD');
INSERT INTO `carmodel` VALUES ('543', '00AU0BSU0BUD0BZQ0CGL', '海迅两厢', '00AU0BSU0BUD');
INSERT INTO `carmodel` VALUES ('544', '00AU0BSU0BUD0BZQ0QGS', '海迅三厢', '00AU0BSU0BUD');
INSERT INTO `carmodel` VALUES ('545', '00AU0BSU0BUD0BZQ0CGI', '海域三厢', '00AU0BSU0BUD');
INSERT INTO `carmodel` VALUES ('546', '00AU0BSU0BUD0BZQ0QGR', '海域两厢', '00AU0BSU0BUD');
INSERT INTO `carmodel` VALUES ('547', '00AU0BSU0BUD0BZQ0CGM', '海悦', '00AU0BSU0BUD');
INSERT INTO `carmodel` VALUES ('548', '00AU0QdQ0QdR0QdS0QdT', '海格H5C', '00AU0QdQ0QdR');
INSERT INTO `carmodel` VALUES ('549', '00AU0QdQ0QdR0QdS0QdU', '海格H5V', '00AU0QdQ0QdR');
INSERT INTO `carmodel` VALUES ('550', '00AU0BRG0EXN0EXU0QAE', '海马爱尚', '00AU0BRG0EXN');
INSERT INTO `carmodel` VALUES ('551', '00AU0BRG0EXN0EXU0EXV', '海马王子', '00AU0BRG0EXN');
INSERT INTO `carmodel` VALUES ('552', '00AU0BRG0EXN0EXU0QLU', '福仕达鸿达', '00AU0BRG0EXN');
INSERT INTO `carmodel` VALUES ('553', '00AU0BRG0EXN0EXU0QQa', '福仕达新鸿达', '00AU0BRG0EXN');
INSERT INTO `carmodel` VALUES ('554', '00AU0BRG0EXN0EXU0QQb', '福仕达新腾达', '00AU0BRG0EXN');
INSERT INTO `carmodel` VALUES ('555', '00AU0BRG0EXN0EXU0QQc', '福仕达荣达', '00AU0BRG0EXN');
INSERT INTO `carmodel` VALUES ('556', '00AU0QKS0QKT0QKU0QKW', '途腾T1', '00AU0QKS0QKT');
INSERT INTO `carmodel` VALUES ('557', '00AU0QKS0QKT0QKU0QKV', '途腾T2', '00AU0QKS0QKT');
INSERT INTO `carmodel` VALUES ('558', '00AU0QKS0QKT0QKU0QZf', '途腾T3', '00AU0QKS0QKT');
INSERT INTO `carmodel` VALUES ('559', '00AU0BSf0QUD0QUG0RPO', '哈弗H1', '00AU0BSf0QUD');
INSERT INTO `carmodel` VALUES ('560', '00AU0BSf0QUD0QUG0QUQ', '哈弗H2', '00AU0BSf0QUD');
INSERT INTO `carmodel` VALUES ('561', '00AU0BSf0QUD0QUG0CBY', '哈弗H3', '00AU0BSf0QUD');
INSERT INTO `carmodel` VALUES ('562', '00AU0BSf0QUD0QUG0DFd', '哈弗H5', '00AU0BSf0QUD');
INSERT INTO `carmodel` VALUES ('563', '00AU0BSf0QUD0QUG0OXd', '哈弗H6', '00AU0BSf0QUD');
INSERT INTO `carmodel` VALUES ('564', '00AU0BSf0QUD0QUG0QPe', '哈弗H8', '00AU0BSf0QUD');
INSERT INTO `carmodel` VALUES ('565', '00AU0BSf0QUD0QUG0QXA', '哈弗H9', '00AU0BSf0QUD');
INSERT INTO `carmodel` VALUES ('566', '00AU0BSf0QUD0QUG0PTf', '哈弗·派', '00AU0BSf0QUD');
INSERT INTO `carmodel` VALUES ('567', '00AU0BRS0BVO0BZW0CDQ', '指南者', '00AU0BRS0BVO');
INSERT INTO `carmodel` VALUES ('568', '00AU0BRS0BVO0BZW0CDR', '自由客', '00AU0BRS0BVO');
INSERT INTO `carmodel` VALUES ('569', '00AU0BRS0BVO0BZW0QTS', '自由光', '00AU0BRS0BVO');
INSERT INTO `carmodel` VALUES ('570', '00AU0BRS0BVO0BZW0CDP', '牧马人', '00AU0BRS0BVO');
INSERT INTO `carmodel` VALUES ('571', '00AU0BRS0BVO0BZW0CDO', '大切诺基(进口)', '00AU0BRS0BVO');
INSERT INTO `carmodel` VALUES ('572', '00AU0BRS0BVO0BZW0QFY', '大切诺基SRT8', '00AU0BRS0BVO');
INSERT INTO `carmodel` VALUES ('573', '00AU0BRS0BVO0BZW0CDM', '指挥官', '00AU0BRS0BVO');
INSERT INTO `carmodel` VALUES ('574', '00AU0BRS0BVO0BZW0CDU', 'Renegade自由侠', '00AU0BRS0BVO');
INSERT INTO `carmodel` VALUES ('575', '00AU0BRf0BVP0BZa0QZO', '捷豹XE', '00AU0BRf0BVP');
INSERT INTO `carmodel` VALUES ('576', '00AU0BRf0BVP0BZa0CHT', '捷豹XF', '00AU0BRf0BVP');
INSERT INTO `carmodel` VALUES ('577', '00AU0BRf0BVP0BZa0RPa', '捷豹XF Sportbrake', '00AU0BRf0BVP');
INSERT INTO `carmodel` VALUES ('578', '00AU0BRf0BVP0BZa0QDD', '捷豹XFR', '00AU0BRf0BVP');
INSERT INTO `carmodel` VALUES ('579', '00AU0BRf0BVP0BZa0CHV', '捷豹XK', '00AU0BRf0BVP');
INSERT INTO `carmodel` VALUES ('580', '00AU0BRf0BVP0BZa0QAC', '捷豹XKR', '00AU0BRf0BVP');
INSERT INTO `carmodel` VALUES ('581', '00AU0BRf0BVP0BZa0CHU', '捷豹XJ', '00AU0BRf0BVP');
INSERT INTO `carmodel` VALUES ('582', '00AU0BRf0BVP0BZa0QMZ', '捷豹F-TYPE', '00AU0BRf0BVP');
INSERT INTO `carmodel` VALUES ('583', '00AU0BRf0BVP0BZa0CMS', '捷豹S-TYPE', '00AU0BRf0BVP');
INSERT INTO `carmodel` VALUES ('584', '00AU0BSU0BUC0BZV0COP', '美日', '00AU0BSU0BUC');
INSERT INTO `carmodel` VALUES ('585', '00AU0BSU0BUC0BZV0CNT', '豪情', '00AU0BSU0BUC');
INSERT INTO `carmodel` VALUES ('586', '00AU0BSU0BUC0BZV0CHI', '优利欧', '00AU0BSU0BUC');
INSERT INTO `carmodel` VALUES ('587', '00AU0BSU0BUC0BZV0RQN', '吉利熊猫', '00AU0BSU0BUC');
INSERT INTO `carmodel` VALUES ('588', '00AU0BSU0BUC0BZV0RQT', '吉利SC3', '00AU0BSU0BUC');
INSERT INTO `carmodel` VALUES ('589', '00AU0BSU0BUC0BZV0RQP', '吉利自由舰', '00AU0BSU0BUC');
INSERT INTO `carmodel` VALUES ('590', '00AU0BSU0BUC0BZV0CHF', '吉利金刚三厢', '00AU0BSU0BUC');
INSERT INTO `carmodel` VALUES ('591', '00AU0BSU0BUC0BZV0RQS', '吉利金刚两厢', '00AU0BSU0BUC');
INSERT INTO `carmodel` VALUES ('592', '00AU0BSU0BUC0BZV0CHG', '金鹰', '00AU0BSU0BUC');
INSERT INTO `carmodel` VALUES ('593', '00AU0BSU0BUC0BZV0RQQ', '吉利海景', '00AU0BSU0BUC');
INSERT INTO `carmodel` VALUES ('594', '00AU0BSU0BUC0BZV0RQO', '吉利远景', '00AU0BSU0BUC');
INSERT INTO `carmodel` VALUES ('595', '00AU0BSU0BUC0BZV0RQU', '吉利英伦TX4', '00AU0BSU0BUC');
INSERT INTO `carmodel` VALUES ('596', '00AU0BSU0BUC0BZV0RQH', '吉利新帝豪三厢', '00AU0BSU0BUC');
INSERT INTO `carmodel` VALUES ('597', '00AU0BSU0BUC0BZV0RQI', '吉利新帝豪两厢', '00AU0BSU0BUC');
INSERT INTO `carmodel` VALUES ('598', '00AU0BSU0BUC0BZV0RQJ', '吉利EC8', '00AU0BSU0BUC');
INSERT INTO `carmodel` VALUES ('599', '00AU0BSU0BUC0BZV0RQL', '吉利GC7', '00AU0BSU0BUC');
INSERT INTO `carmodel` VALUES ('600', '00AU0BSU0BUC0BZV0RVf', '吉利GC9', '00AU0BSU0BUC');
INSERT INTO `carmodel` VALUES ('601', '00AU0BSU0BUC0BZV0RQK', '吉利GX7', '00AU0BSU0BUC');
INSERT INTO `carmodel` VALUES ('602', '00AU0BSU0BUC0BZV0RQR', '吉利SX7', '00AU0BSU0BUC');
INSERT INTO `carmodel` VALUES ('603', '00AU0BSU0BUC0BZV0RTf', '豪情SUV', '00AU0BSU0BUC');
INSERT INTO `carmodel` VALUES ('604', '00AU0BSU0BUC0BZV0COV', '美人豹', '00AU0BSU0BUC');
INSERT INTO `carmodel` VALUES ('605', '00AU0BSU0BUC0BZV0CHK', '中国龙', '00AU0BSU0BUC');
INSERT INTO `carmodel` VALUES ('606', '00AU0BTL0BTQ0BZX0CIE', '悦悦', '00AU0BTL0BTQ');
INSERT INTO `carmodel` VALUES ('607', '00AU0BTL0BTQ0BZX0CHY', '和悦A13', '00AU0BTL0BTQ');
INSERT INTO `carmodel` VALUES ('608', '00AU0BTL0BTQ0BZX0CHf', '和悦A13 RS', '00AU0BTL0BTQ');
INSERT INTO `carmodel` VALUES ('609', '00AU0BTL0BTQ0BZX0QPN', '和悦A30', '00AU0BTL0BTQ');
INSERT INTO `carmodel` VALUES ('610', '00AU0BTL0BTQ0BZX0CHZ', '和悦', '00AU0BTL0BTQ');
INSERT INTO `carmodel` VALUES ('611', '00AU0BTL0BTQ0BZX0CHb', '和悦RS', '00AU0BTL0BTQ');
INSERT INTO `carmodel` VALUES ('612', '00AU0BTL0BTQ0BZX0CHX', '宾悦', '00AU0BTL0BTQ');
INSERT INTO `carmodel` VALUES ('613', '00AU0BTL0BTQ0BZX0RRO', '瑞风S3', '00AU0BTL0BTQ');
INSERT INTO `carmodel` VALUES ('614', '00AU0BTL0BTQ0BZX0QLC', '瑞风S5', '00AU0BTL0BTQ');
INSERT INTO `carmodel` VALUES ('615', '00AU0BTL0BTQ0BZX0CHd', '瑞鹰', '00AU0BTL0BTQ');
INSERT INTO `carmodel` VALUES ('616', '00AU0BTL0BTQ0BZX0CHc', '瑞风', '00AU0BTL0BTQ');
INSERT INTO `carmodel` VALUES ('617', '00AU0BTL0BTQ0BZX0QfM', '瑞风M3', '00AU0BTL0BTQ');
INSERT INTO `carmodel` VALUES ('618', '00AU0BTL0BTQ0BZX0PeE', '瑞风M5', '00AU0BTL0BTQ');
INSERT INTO `carmodel` VALUES ('619', '00AU0BTL0BTQ0BZX0QVG', '瑞风M6', '00AU0BTL0BTQ');
INSERT INTO `carmodel` VALUES ('620', '00AU0BTL0BTQ0BZX0QOK', '星锐', '00AU0BTL0BTQ');
INSERT INTO `carmodel` VALUES ('621', '00AU0BSA0BSZ0BZU0QdD', '吉奥E美', '00AU0BSA0BSZ');
INSERT INTO `carmodel` VALUES ('622', '00AU0BSA0BSZ0BZU0PXJ', '奥轩G3', '00AU0BSA0BSZ');
INSERT INTO `carmodel` VALUES ('623', '00AU0BSA0BSZ0BZU0PZG', '奥轩G5', '00AU0BSA0BSZ');
INSERT INTO `carmodel` VALUES ('624', '00AU0BSA0BSZ0BZU0QIR', '奥轩GX5', '00AU0BSA0BSZ');
INSERT INTO `carmodel` VALUES ('625', '00AU0BSA0BSZ0BZU0QSG', '吉奥GX6', '00AU0BSA0BSZ');
INSERT INTO `carmodel` VALUES ('626', '00AU0BSA0BSZ0BZU0PSd', '奥轩', '00AU0BSA0BSZ');
INSERT INTO `carmodel` VALUES ('627', '00AU0BSA0BSZ0BZU0CLf', '凯睿', '00AU0BSA0BSZ');
INSERT INTO `carmodel` VALUES ('628', '00AU0BSA0BSZ0BZU0DCG', '帅豹', '00AU0BSA0BSZ');
INSERT INTO `carmodel` VALUES ('629', '00AU0BSA0BSZ0BZU0CHR', '帅舰', '00AU0BSA0BSZ');
INSERT INTO `carmodel` VALUES ('630', '00AU0BSA0BSZ0BZU0QaL', '星朗', '00AU0BSA0BSZ');
INSERT INTO `carmodel` VALUES ('631', '00AU0BSA0BSZ0BZU0DIE', '星旺', '00AU0BSA0BSZ');
INSERT INTO `carmodel` VALUES ('632', '00AU0BSA0BSZ0BZU0QWY', '星旺L', '00AU0BSA0BSZ');
INSERT INTO `carmodel` VALUES ('633', '00AU0BSA0BSZ0BZU0QRP', '星旺CL', '00AU0BSA0BSZ');
INSERT INTO `carmodel` VALUES ('634', '00AU0BSA0BSZ0BZU0QWJ', '财运100', '00AU0BSA0BSZ');
INSERT INTO `carmodel` VALUES ('635', '00AU0BSA0BSZ0BZU0QWK', '财运300', '00AU0BSA0BSZ');
INSERT INTO `carmodel` VALUES ('636', '00AU0BSA0BSZ0BZU0QWL', '财运500', '00AU0BSA0BSZ');
INSERT INTO `carmodel` VALUES ('637', '00AU0BSA0BSZ0BZU0RVN', '吉奥GP150', '00AU0BSA0BSZ');
INSERT INTO `carmodel` VALUES ('638', '00AU0BSA0BSZ0BZU0DIF', '新柴神', '00AU0BSA0BSZ');
INSERT INTO `carmodel` VALUES ('639', '00AU0BSV0BVQ0QeO0QAD', '金杯智尚S30', '00AU0BSV0BVQ');
INSERT INTO `carmodel` VALUES ('640', '00AU0BSV0BVQ0BZb0QCO', '金杯S50', '00AU0BSV0BVQ');
INSERT INTO `carmodel` VALUES ('641', '00AU0BSV0BVQ0BZb0QRR', '大海狮', '00AU0BSV0BVQ');
INSERT INTO `carmodel` VALUES ('642', '00AU0BSV0BVQ0BZb0CIJ', '阁瑞斯', '00AU0BSV0BVQ');
INSERT INTO `carmodel` VALUES ('643', '00AU0BSV0BVQ0QQe0QJW', '海星A7', '00AU0BSV0BVQ');
INSERT INTO `carmodel` VALUES ('644', '00AU0BSV0BVQ0BZb0QdY', '新海狮', '00AU0BSV0BVQ');
INSERT INTO `carmodel` VALUES ('645', '00AU0BSV0BVQ0QQe0QQf', '海星A9', '00AU0BSV0BVQ');
INSERT INTO `carmodel` VALUES ('646', '00AU0BSV0BVQ0QQe0QWM', '小海狮X30', '00AU0BSV0BVQ');
INSERT INTO `carmodel` VALUES ('647', '00AU0BSV0BVQ0BZb0QbS', '第六代海狮', '00AU0BSV0BVQ');
INSERT INTO `carmodel` VALUES ('648', '00AU0BSV0BVQ0BZb0QdZ', '第五代海狮', '00AU0BSV0BVQ');
INSERT INTO `carmodel` VALUES ('649', '00AU0BTM0BZY0BZZ0PUW', '驭胜', '00AU0BTM0BZY');
INSERT INTO `carmodel` VALUES ('650', '00AU0BTM0BZY0BZZ0QKd', '宝威', '00AU0BTM0BZY');
INSERT INTO `carmodel` VALUES ('651', '00AU0BTM0BZY0BZZ0QKX', '宝典', '00AU0BTM0BZY');
INSERT INTO `carmodel` VALUES ('652', '00AU0BTM0BZY0BZZ0QLB', '域虎', '00AU0BTM0BZY');
INSERT INTO `carmodel` VALUES ('653', '00AU0BTM0BZY0RVK0RVM', '骐铃T5', '00AU0BTM0BZY');
INSERT INTO `carmodel` VALUES ('654', '00AU0BRP0PUB0PUC0PUD', '江南TT', '00AU0BRP0PUB');
INSERT INTO `carmodel` VALUES ('655', '00AU0BRM0BVS0BcN0QMS', '凯迪拉克ATS-L', '00AU0BRM0BVS');
INSERT INTO `carmodel` VALUES ('656', '00AU0BRM0BVS0BcN0QOT', '凯迪拉克XTS', '00AU0BRM0BVS');
INSERT INTO `carmodel` VALUES ('657', '00AU0BRM0BVS0BZd0CCM', '凯迪拉克CTS(进口)', '00AU0BRM0BVS');
INSERT INTO `carmodel` VALUES ('658', '00AU0BRM0BVS0BZd0PfS', '凯迪拉克CTS-V', '00AU0BRM0BVS');
INSERT INTO `carmodel` VALUES ('659', '00AU0BRM0BVS0BZd0PYN', '凯迪拉克ATS(进口)', '00AU0BRM0BVS');
INSERT INTO `carmodel` VALUES ('660', '00AU0BRM0BVS0BZd0CCN', '凯迪拉克SRX(进口)', '00AU0BRM0BVS');
INSERT INTO `carmodel` VALUES ('661', '00AU0BRM0BVS0BZd0CCR', '凯雷德', '00AU0BRM0BVS');
INSERT INTO `carmodel` VALUES ('662', '00AU0BRM0BVS0BcN0CNJ', '凯迪拉克CTS', '00AU0BRM0BVS');
INSERT INTO `carmodel` VALUES ('663', '00AU0BRM0BVS0BcN0CCb', '凯迪拉克SLS赛威', '00AU0BRM0BVS');
INSERT INTO `carmodel` VALUES ('664', '00AU0BRM0BVS0BZd0CCO', '凯迪拉克XLR', '00AU0BRM0BVS');
INSERT INTO `carmodel` VALUES ('665', '00AU0BRH0BVT0BZe0PaX', '柯尼赛格Agera', '00AU0BRH0BVT');
INSERT INTO `carmodel` VALUES ('666', '00AU0BRH0BVT0BZe0CBd', '柯尼赛格CCXR', '00AU0BRH0BVT');
INSERT INTO `carmodel` VALUES ('667', '00AU0BRH0BVT0BZe0CBc', '柯尼赛格CCX', '00AU0BRH0BVT');
INSERT INTO `carmodel` VALUES ('668', '00AU0BRH0BVT0BZe0RRd', '柯尼赛格CCR', '00AU0BRH0BVT');
INSERT INTO `carmodel` VALUES ('669', '00AU0BSP0BUK0BZc0CIe', '优派', '00AU0BSP0BUK');
INSERT INTO `carmodel` VALUES ('670', '00AU0BSP0BUK0BZc0DCZ', '优胜', '00AU0BSP0BUK');
INSERT INTO `carmodel` VALUES ('671', '00AU0BSP0BUK0BZc0CIf', '优雅', '00AU0BSP0BUK');
INSERT INTO `carmodel` VALUES ('672', '00AU0BSP0BUK0BZc0DCT', '优优', '00AU0BSP0BUK');
INSERT INTO `carmodel` VALUES ('673', '00AU0BSP0BUK0BZc0QLX', '优劲', '00AU0BSP0BUK');
INSERT INTO `carmodel` VALUES ('674', '00AU0BSP0BUK0BZc0CJA', '优翼', '00AU0BSP0BUK');
INSERT INTO `carmodel` VALUES ('675', '00AU0RBE0RBF0RBG0RBH', 'KTM X-BOW GT', '00AU0RBE0RBF');
INSERT INTO `carmodel` VALUES ('676', '00AU0QNN0QNP0QNQ0QNR', 'Knight XV', '00AU0QNN0QNP');
INSERT INTO `carmodel` VALUES ('677', '00AU0BRS0BVU0BcM0CCA', '铂锐', '00AU0BRS0BVU');
INSERT INTO `carmodel` VALUES ('678', '00AU0BRS0BVU0BZf0CCF', 'PT 漫步者', '00AU0BRS0BVU');
INSERT INTO `carmodel` VALUES ('679', '00AU0BRS0BVU0BcM0CCB', '克莱斯勒300C', '00AU0BRS0BVU');
INSERT INTO `carmodel` VALUES ('680', '00AU0BRS0BVU0BZf0CMX', '克莱斯勒300C(进口)', '00AU0BRS0BVU');
INSERT INTO `carmodel` VALUES ('681', '00AU0BRS0BVU0BZf0QMW', '大捷龙(进口)', '00AU0BRS0BVU');
INSERT INTO `carmodel` VALUES ('682', '00AU0BRS0BVU0BZf0PYa', '克莱斯勒Town and Country', '00AU0BRS0BVU');
INSERT INTO `carmodel` VALUES ('683', '00AU0BRS0BVU0BaA0CCE', '大捷龙', '00AU0BRS0BVU');
INSERT INTO `carmodel` VALUES ('684', '00AU0BRS0BVU0BZf0RRf', '猎兽', '00AU0BRS0BVU');
INSERT INTO `carmodel` VALUES ('685', '00AU0QFD0QFE0QFF0QFG', '战盾', '00AU0QFD0QFE');
INSERT INTO `carmodel` VALUES ('686', '00AU0BSP0RTT0RUB0RUF', '凯翼C3', '00AU0BSP0RTT');
INSERT INTO `carmodel` VALUES ('687', '00AU0BSa0BTZ0BYV0CAL', '飞腾', '00AU0BSa0BTZ');
INSERT INTO `carmodel` VALUES ('688', '00AU0BSa0BTZ0BYV0QNV', '飞腾时尚版', '00AU0BSa0BTZ');
INSERT INTO `carmodel` VALUES ('689', '00AU0BSa0BTZ0BYV0QWH', '飞腾C5', '00AU0BSa0BTZ');
INSERT INTO `carmodel` VALUES ('690', '00AU0BSa0BTZ0BYV0CAN', '猎豹CS6', '00AU0BSa0BTZ');
INSERT INTO `carmodel` VALUES ('691', '00AU0BSa0BTZ0BYV0CAO', '猎豹CS7', '00AU0BSa0BTZ');
INSERT INTO `carmodel` VALUES ('692', '00AU0BSa0BTZ0BYV0PXW', '黑金刚', '00AU0BSa0BTZ');
INSERT INTO `carmodel` VALUES ('693', '00AU0BSa0BTZ0BYV0QOE', '猎豹6481', '00AU0BSa0BTZ');
INSERT INTO `carmodel` VALUES ('694', '00AU0BSa0BTZ0BYV0QVL', '猎豹Q6', '00AU0BSa0BTZ');
INSERT INTO `carmodel` VALUES ('695', '00AU0BSa0BTZ0BYV0CAI', '骐菱', '00AU0BSa0BTZ');
INSERT INTO `carmodel` VALUES ('696', '00AU0BSa0BTZ0BYV0QcN', '猎豹CT5', '00AU0BSa0BTZ');
INSERT INTO `carmodel` VALUES ('697', '00AU0BSa0BTZ0BYV0QcO', '飞铃', '00AU0BSa0BTZ');
INSERT INTO `carmodel` VALUES ('698', '00AU0BSa0BTZ0BYV0QOB', '飞扬', '00AU0BSa0BTZ');
INSERT INTO `carmodel` VALUES ('699', '00AU0BRW0BVX0BaF0PUH', '雷克萨斯CT200h', '00AU0BRW0BVX');
INSERT INTO `carmodel` VALUES ('700', '00AU0BRW0BVX0BaF0CCU', '雷克萨斯IS', '00AU0BRW0BVX');
INSERT INTO `carmodel` VALUES ('701', '00AU0BRW0BVX0BaF0CCS', '雷克萨斯ES', '00AU0BRW0BVX');
INSERT INTO `carmodel` VALUES ('702', '00AU0BRW0BVX0BaF0CCT', '雷克萨斯GS', '00AU0BRW0BVX');
INSERT INTO `carmodel` VALUES ('703', '00AU0BRW0BVX0BaF0CCV', '雷克萨斯LS', '00AU0BRW0BVX');
INSERT INTO `carmodel` VALUES ('704', '00AU0BRW0BVX0BaF0RPe', '雷克萨斯NX', '00AU0BRW0BVX');
INSERT INTO `carmodel` VALUES ('705', '00AU0BRW0BVX0BaF0CCX', '雷克萨斯RX', '00AU0BRW0BVX');
INSERT INTO `carmodel` VALUES ('706', '00AU0BRW0BVX0BaF0CMB', '雷克萨斯GX', '00AU0BRW0BVX');
INSERT INTO `carmodel` VALUES ('707', '00AU0BRW0BVX0BaF0CCW', '雷克萨斯LX', '00AU0BRW0BVX');
INSERT INTO `carmodel` VALUES ('708', '00AU0BRW0BVX0BaF0DIM', '雷克萨斯LFA', '00AU0BRW0BVX');
INSERT INTO `carmodel` VALUES ('709', '00AU0BRW0BVX0BaF0Qea', '雷克萨斯RC F', '00AU0BRW0BVX');
INSERT INTO `carmodel` VALUES ('710', '00AU0BRf0BVc0BaP0CEO', '神行者2', '00AU0BRf0BVc');
INSERT INTO `carmodel` VALUES ('711', '00AU0BRf0BVc0BaP0RUS', '发现神行', '00AU0BRf0BVc');
INSERT INTO `carmodel` VALUES ('712', '00AU0BRf0BVc0BaP0PVS', '揽胜极光(进口)', '00AU0BRf0BVc');
INSERT INTO `carmodel` VALUES ('713', '00AU0BRf0BVc0BaP0CEL', '发现3', '00AU0BRf0BVc');
INSERT INTO `carmodel` VALUES ('714', '00AU0BRf0BVc0BaP0CEK', '第四代发现', '00AU0BRf0BVc');
INSERT INTO `carmodel` VALUES ('715', '00AU0BRf0BVc0BaP0CEN', '揽胜运动版', '00AU0BRf0BVc');
INSERT INTO `carmodel` VALUES ('716', '00AU0BRf0BVc0BaP0CEM', '揽胜', '00AU0BRf0BVc');
INSERT INTO `carmodel` VALUES ('717', '00AU0BRf0BVc0BaP0CEP', '卫士', '00AU0BRf0BVc');
INSERT INTO `carmodel` VALUES ('718', '00AU0BSB0BVb0BcH0PUa', '派喜', '00AU0BSB0BVb');
INSERT INTO `carmodel` VALUES ('719', '00AU0BSB0BVb0BcH0CDb', '北斗星', '00AU0BSB0BVb');
INSERT INTO `carmodel` VALUES ('720', '00AU0BSB0BVb0BcH0QPG', '北斗星X5', '00AU0BSB0BVb');
INSERT INTO `carmodel` VALUES ('721', '00AU0BSB0BVb0BcH0CDd', '利亚纳两厢', '00AU0BSB0BVb');
INSERT INTO `carmodel` VALUES ('722', '00AU0BSB0BVb0BcH0QGY', '利亚纳三厢', '00AU0BSB0BVb');
INSERT INTO `carmodel` VALUES ('723', '00AU0BSB0BVb0BcH0Qae', '利亚纳A6两厢', '00AU0BSB0BVb');
INSERT INTO `carmodel` VALUES ('724', '00AU0BSB0BVb0BcH0QVX', '利亚纳A6三厢', '00AU0BSB0BVb');
INSERT INTO `carmodel` VALUES ('725', '00AU0BSB0BVb0BcG0CDZ', '奥拓', '00AU0BSB0BVb');
INSERT INTO `carmodel` VALUES ('726', '00AU0BSB0BVb0BcG0CDa', '雨燕', '00AU0BSB0BVb');
INSERT INTO `carmodel` VALUES ('727', '00AU0BSB0BVb0BcG0CDX', '羚羊', '00AU0BSB0BVb');
INSERT INTO `carmodel` VALUES ('728', '00AU0BSB0BVb0BcG0CDY', '天语 SX4', '00AU0BSB0BVb');
INSERT INTO `carmodel` VALUES ('729', '00AU0BSB0BVb0BcG0PaW', '天语尚悦', '00AU0BSB0BVb');
INSERT INTO `carmodel` VALUES ('730', '00AU0BSB0BVb0BaO0QeS', '速翼特 运动', '00AU0BSB0BVb');
INSERT INTO `carmodel` VALUES ('731', '00AU0BSB0BVb0BaO0EZC', '凯泽西', '00AU0BSB0BVb');
INSERT INTO `carmodel` VALUES ('732', '00AU0BSB0BVb0BaO0CDf', '吉姆尼', '00AU0BSB0BVb');
INSERT INTO `carmodel` VALUES ('733', '00AU0BSB0BVb0BaO0CDe', '超级维特拉', '00AU0BSB0BVb');
INSERT INTO `carmodel` VALUES ('734', '00AU0BSB0BVb0BcH0CDc', '浪迪', '00AU0BSB0BVb');
INSERT INTO `carmodel` VALUES ('735', '00AU0BSB0BVb0BcG0QXZ', '启悦', '00AU0BSB0BVb');
INSERT INTO `carmodel` VALUES ('736', '00AU0BSB0BVb0BcG0QbQ', '锋驭', '00AU0BSB0BVb');
INSERT INTO `carmodel` VALUES ('737', '00AU0BRA0BVV0BaB0CBe', 'Gallardo', '00AU0BRA0BVV');
INSERT INTO `carmodel` VALUES ('738', '00AU0BRA0BVV0BaB0CBf', 'Murcielago', '00AU0BRA0BVV');
INSERT INTO `carmodel` VALUES ('739', '00AU0BRA0BVV0BaB0CCC', 'Reventon', '00AU0BRA0BVV');
INSERT INTO `carmodel` VALUES ('740', '00AU0BRA0BVV0BaB0PdZ', 'Aventador', '00AU0BRA0BVV');
INSERT INTO `carmodel` VALUES ('741', '00AU0BRA0BVV0BaB0QeL', 'Huracan', '00AU0BRA0BVV');
INSERT INTO `carmodel` VALUES ('742', '00AU0BRB0BVW0BaE0QTG', 'Wraith魅影', '00AU0BRB0BVW');
INSERT INTO `carmodel` VALUES ('743', '00AU0BRB0BVW0BaE0CCD', '古思特', '00AU0BRB0BVW');
INSERT INTO `carmodel` VALUES ('744', '00AU0BRB0BVW0BaE0CCQ', '幻影', '00AU0BRB0BVW');
INSERT INTO `carmodel` VALUES ('745', '00AU0BRV0BVY0BaH0CDC', '梅甘娜', '00AU0BRV0BVY');
INSERT INTO `carmodel` VALUES ('746', '00AU0BRV0BVY0BaH0RTL', '梅甘娜RS', '00AU0BRV0BVY');
INSERT INTO `carmodel` VALUES ('747', '00AU0BRV0BVY0BaH0PcZ', '风朗', '00AU0BRV0BVY');
INSERT INTO `carmodel` VALUES ('748', '00AU0BRV0BVY0BaH0CDB', '拉古那', '00AU0BRV0BVY');
INSERT INTO `carmodel` VALUES ('749', '00AU0BRV0BVY0BaH0PVY', '纬度', '00AU0BRV0BVY');
INSERT INTO `carmodel` VALUES ('750', '00AU0BRV0BVY0BaH0QHX', '塔利斯曼', '00AU0BRV0BVY');
INSERT INTO `carmodel` VALUES ('751', '00AU0BRV0BVY0BaH0CDA', '科雷傲', '00AU0BRV0BVY');
INSERT INTO `carmodel` VALUES ('752', '00AU0BRV0BVY0BaH0CCe', '风景', '00AU0BRV0BVY');
INSERT INTO `carmodel` VALUES ('753', '00AU0BRV0BVY0BaH0QXa', 'Espace', '00AU0BRV0BVY');
INSERT INTO `carmodel` VALUES ('754', '00AU0BTK0BTR0BaJ0CDE', '力帆320', '00AU0BTK0BTR');
INSERT INTO `carmodel` VALUES ('755', '00AU0BTK0BTR0BaJ0QUS', '力帆330', '00AU0BTK0BTR');
INSERT INTO `carmodel` VALUES ('756', '00AU0BTK0BTR0BaJ0PYR', '力帆520', '00AU0BTK0BTR');
INSERT INTO `carmodel` VALUES ('757', '00AU0BTK0BTR0BaJ0CDF', '力帆520i', '00AU0BTK0BTR');
INSERT INTO `carmodel` VALUES ('758', '00AU0BTK0BTR0BaJ0QJJ', '力帆530', '00AU0BTK0BTR');
INSERT INTO `carmodel` VALUES ('759', '00AU0BTK0BTR0BaJ0CDH', '力帆620', '00AU0BTK0BTR');
INSERT INTO `carmodel` VALUES ('760', '00AU0BTK0BTR0BaJ0QUU', '力帆630', '00AU0BTK0BTR');
INSERT INTO `carmodel` VALUES ('761', '00AU0BTK0BTR0BaJ0PeT', '力帆720', '00AU0BTK0BTR');
INSERT INTO `carmodel` VALUES ('762', '00AU0BTK0BTR0BaJ0QcI', '力帆X50', '00AU0BTK0BTR');
INSERT INTO `carmodel` VALUES ('763', '00AU0BTK0BTR0BaJ0PbB', '力帆X60', '00AU0BTK0BTR');
INSERT INTO `carmodel` VALUES ('764', '00AU0BTK0BTR0BaJ0QRL', '丰顺', '00AU0BTK0BTR');
INSERT INTO `carmodel` VALUES ('765', '00AU0BTK0BTR0BaJ0QRK', '兴顺', '00AU0BTK0BTR');
INSERT INTO `carmodel` VALUES ('766', '00AU0BTM0BcP0BcQ0CEA', '风华', '00AU0BTM0BcP');
INSERT INTO `carmodel` VALUES ('767', '00AU0BTM0BcP0BcQ0QKa', '陆风X5', '00AU0BTM0BcP');
INSERT INTO `carmodel` VALUES ('768', '00AU0BTM0BcP0BcQ0CEC', '陆风X6', '00AU0BTM0BcP');
INSERT INTO `carmodel` VALUES ('769', '00AU0BTM0BcP0BcQ0RRC', '陆风X7', '00AU0BTM0BcP');
INSERT INTO `carmodel` VALUES ('770', '00AU0BTM0BcP0BcQ0CED', '陆风X8', '00AU0BTM0BcP');
INSERT INTO `carmodel` VALUES ('771', '00AU0BTM0BcP0BcQ0CEE', '陆风X9', '00AU0BTM0BcP');
INSERT INTO `carmodel` VALUES ('772', '00AU0BTM0BcP0BcQ0CEB', '陆风风尚', '00AU0BTM0BcP');
INSERT INTO `carmodel` VALUES ('773', '00AU0BRO0BVa0BaM0QDH', '林肯MKZ', '00AU0BRO0BVa');
INSERT INTO `carmodel` VALUES ('774', '00AU0BRO0BVa0BaM0QNS', '林肯MKS', '00AU0BRO0BVa');
INSERT INTO `carmodel` VALUES ('775', '00AU0BRO0BVa0BaM0CMY', '城市', '00AU0BRO0BVa');
INSERT INTO `carmodel` VALUES ('776', '00AU0BRO0BVa0BaM0QRd', '林肯MKC', '00AU0BRO0BVa');
INSERT INTO `carmodel` VALUES ('777', '00AU0BRO0BVa0BaM0QEX', '林肯MKX', '00AU0BRO0BVa');
INSERT INTO `carmodel` VALUES ('778', '00AU0BRO0BVa0BaM0QEY', '林肯MKT', '00AU0BRO0BVa');
INSERT INTO `carmodel` VALUES ('779', '00AU0BRO0BVa0BaM0CDW', '领航员', '00AU0BRO0BVa');
INSERT INTO `carmodel` VALUES ('780', '00AU0BSI0BTC0Baa0QIY', '莲花L3三厢', '00AU0BSI0BTC');
INSERT INTO `carmodel` VALUES ('781', '00AU0BSI0BTC0Baa0CDV', '莲花L3两厢', '00AU0BSI0BTC');
INSERT INTO `carmodel` VALUES ('782', '00AU0BSI0BTC0Baa0PUO', '莲花L5', '00AU0BSI0BTC');
INSERT INTO `carmodel` VALUES ('783', '00AU0BSI0BTC0Baa0CDS', '竞速', '00AU0BSI0BTC');
INSERT INTO `carmodel` VALUES ('784', '00AU0BSI0BTC0Baa0CDT', '竞悦', '00AU0BSI0BTC');
INSERT INTO `carmodel` VALUES ('785', '00AU0QYY0QYZ0QYa0QYf', '艾威', '00AU0QYY0QYZ');
INSERT INTO `carmodel` VALUES ('786', '00AU0QYY0QYZ0QYa0QYb', '陆地方舟V5', '00AU0QYY0QYZ');
INSERT INTO `carmodel` VALUES ('787', '00AU0QYY0QYZ0QYa0QYd', '劲玛', '00AU0QYY0QYZ');
INSERT INTO `carmodel` VALUES ('788', '00AU0QYY0QYZ0QYa0QYc', '风尚', '00AU0QYY0QYZ');
INSERT INTO `carmodel` VALUES ('789', '00AU0BRK0BVZ0BaK0QCN', '路特斯Evora', '00AU0BRK0BVZ');
INSERT INTO `carmodel` VALUES ('790', '00AU0BRK0BVZ0BaK0QEe', '路特斯Evora GTE', '00AU0BRK0BVZ');
INSERT INTO `carmodel` VALUES ('791', '00AU0BRK0BVZ0BaK0CDJ', '路特斯Elise', '00AU0BRK0BVZ');
INSERT INTO `carmodel` VALUES ('792', '00AU0BRK0BVZ0BaK0QDK', '路特斯Exige', '00AU0BRK0BVZ');
INSERT INTO `carmodel` VALUES ('793', '00AU0BQf0DJY0DJZ0QBa', '劳伦士奔驰E级', '00AU0BQf0DJY');
INSERT INTO `carmodel` VALUES ('794', '00AU0BQf0DJY0DJZ0QBY', '劳伦士奔驰S级', '00AU0BQf0DJY');
INSERT INTO `carmodel` VALUES ('795', '00AU0BQf0DJY0DJZ0QBX', '劳伦士奔驰G级', '00AU0BQf0DJY');
INSERT INTO `carmodel` VALUES ('796', '00AU0BQf0DJY0DJZ0QBZ', '劳伦士奔驰ML级', '00AU0BQf0DJY');
INSERT INTO `carmodel` VALUES ('797', '00AU0BSa0DLL0DLM0PbL', '理念S1', '00AU0BSa0DLL');
INSERT INTO `carmodel` VALUES ('798', '00AU0BRO0BVe0BaT0RBA', '马自达6 ATENZA阿特兹', '00AU0BRO0BVe');
INSERT INTO `carmodel` VALUES ('799', '00AU0BRO0BVe0BaT0CJK', '马自达6', '00AU0BRO0BVe');
INSERT INTO `carmodel` VALUES ('800', '00AU0BRO0BVe0BaT0PfT', '马自达6旅行版', '00AU0BRO0BVe');
INSERT INTO `carmodel` VALUES ('801', '00AU0BRO0BVe0BaT0CJM', '睿翼', '00AU0BRO0BVe');
INSERT INTO `carmodel` VALUES ('802', '00AU0BRO0BVe0BaT0QEA', '马自达CX-7', '00AU0BRO0BVe');
INSERT INTO `carmodel` VALUES ('803', '00AU0BRO0BVe0BaS0CJG', '马自达2', '00AU0BRO0BVe');
INSERT INTO `carmodel` VALUES ('804', '00AU0BRO0BVe0BaS0CJI', '马自达2劲翔', '00AU0BRO0BVe');
INSERT INTO `carmodel` VALUES ('805', '00AU0BRO0BVe0BaS0Qfe', '马自达3 AXELA昂克赛拉两厢', '00AU0BRO0BVe');
INSERT INTO `carmodel` VALUES ('806', '00AU0BRO0BVe0BaS0Qfd', '马自达3 AXELA昂克赛拉三厢', '00AU0BRO0BVe');
INSERT INTO `carmodel` VALUES ('807', '00AU0BRO0BVe0BaS0QCb', '马自达3星骋两厢', '00AU0BRO0BVe');
INSERT INTO `carmodel` VALUES ('808', '00AU0BRO0BVe0BaS0QGX', '马自达3星骋三厢', '00AU0BRO0BVe');
INSERT INTO `carmodel` VALUES ('809', '00AU0BRO0BVe0BaS0CJJ', '马自达3经典', '00AU0BRO0BVe');
INSERT INTO `carmodel` VALUES ('810', '00AU0BRO0BVe0BaQ0CJR', '马自达3(进口)', '00AU0BRO0BVe');
INSERT INTO `carmodel` VALUES ('811', '00AU0BRO0BVe0QLE0QLH', '福美来(合资)', '00AU0BRO0BVe');
INSERT INTO `carmodel` VALUES ('812', '00AU0BRO0BVe0BaQ0CJQ', 'ATENZA(马自达6)', '00AU0BRO0BVe');
INSERT INTO `carmodel` VALUES ('813', '00AU0BRO0BVe0BaS0QQQ', '马自达CX-5', '00AU0BRO0BVe');
INSERT INTO `carmodel` VALUES ('814', '00AU0BRO0BVe0BaQ0QDW', '马自达CX-5(进口)', '00AU0BRO0BVe');
INSERT INTO `carmodel` VALUES ('815', '00AU0BRO0BVe0BaQ0CJU', '马自达CX-7(进口)', '00AU0BRO0BVe');
INSERT INTO `carmodel` VALUES ('816', '00AU0BRO0BVe0BaQ0QDE', '马自达CX-9', '00AU0BRO0BVe');
INSERT INTO `carmodel` VALUES ('817', '00AU0BRO0BVe0QLE0QLF', '普力马(合资)', '00AU0BRO0BVe');
INSERT INTO `carmodel` VALUES ('818', '00AU0BRO0BVe0BaQ0CJT', '马自达5', '00AU0BRO0BVe');
INSERT INTO `carmodel` VALUES ('819', '00AU0BRO0BVe0BaQ0CJZ', '马自达RX-8', '00AU0BRO0BVe');
INSERT INTO `carmodel` VALUES ('820', '00AU0BRO0BVe0BaT0PVc', '马自达8', '00AU0BRO0BVe');
INSERT INTO `carmodel` VALUES ('821', '00AU0BQf0BWA0BaX0CJF', '迈巴赫', '00AU0BQf0BWA');
INSERT INTO `carmodel` VALUES ('822', '00AU0BRB0BWB0BXY0CIS', 'MINI三门掀背', '00AU0BRB0BWB');
INSERT INTO `carmodel` VALUES ('823', '00AU0BRB0BWB0BXY0RRM', 'MINI五门掀背', '00AU0BRB0BWB');
INSERT INTO `carmodel` VALUES ('824', '00AU0BRB0BWB0BXY0CIZ', 'MINI敞篷', '00AU0BRB0BWB');
INSERT INTO `carmodel` VALUES ('825', '00AU0BRB0BWB0QXN0QXO', 'MINI JCW三门轿跑车', '00AU0BRB0BWB');
INSERT INTO `carmodel` VALUES ('826', '00AU0BRB0BWB0BXY0CIU', 'MINI旅行车', '00AU0BRB0BWB');
INSERT INTO `carmodel` VALUES ('827', '00AU0BRB0BWB0QXN0QXP', 'MINI JCW旅行车', '00AU0BRB0BWB');
INSERT INTO `carmodel` VALUES ('828', '00AU0BRB0BWB0BXY0OVJ', 'MINI全能SUV', '00AU0BRB0BWB');
INSERT INTO `carmodel` VALUES ('829', '00AU0BRB0BWB0QXN0QXT', 'MINI JCW全能SUV', '00AU0BRB0BWB');
INSERT INTO `carmodel` VALUES ('830', '00AU0BRB0BWB0BXY0QCZ', 'MINI硬顶跑车', '00AU0BRB0BWB');
INSERT INTO `carmodel` VALUES ('831', '00AU0BRB0BWB0QXN0QXS', 'MINI JCW硬顶跑车', '00AU0BRB0BWB');
INSERT INTO `carmodel` VALUES ('832', '00AU0BRB0BWB0BXY0QEc', 'MINI敞篷跑车', '00AU0BRB0BWB');
INSERT INTO `carmodel` VALUES ('833', '00AU0BRB0BWB0BXY0PbA', 'MINI轿跑SUV', '00AU0BRB0BWB');
INSERT INTO `carmodel` VALUES ('834', '00AU0BRB0BWB0QXN0QXR', 'MINI JCW轿跑SUV', '00AU0BRB0BWB');
INSERT INTO `carmodel` VALUES ('835', '00AU0BRN0BVd0BXX0PaV', 'MG 3', '00AU0BRN0BVd');
INSERT INTO `carmodel` VALUES ('836', '00AU0BRN0BVd0BXX0CIL', 'MG 3SW', '00AU0BRN0BVd');
INSERT INTO `carmodel` VALUES ('837', '00AU0BRN0BVd0BXX0CIN', 'MG 5', '00AU0BRN0BVd');
INSERT INTO `carmodel` VALUES ('838', '00AU0BRN0BVd0BXX0RRX', 'MG GT', '00AU0BRN0BVd');
INSERT INTO `carmodel` VALUES ('839', '00AU0BRN0BVd0BXX0CIP', 'MG 6', '00AU0BRN0BVd');
INSERT INTO `carmodel` VALUES ('840', '00AU0BRN0BVd0BXX0CIM', 'MG 7', '00AU0BRN0BVd');
INSERT INTO `carmodel` VALUES ('841', '00AU0BRN0BVd0BXX0CIQ', 'MG TF', '00AU0BRN0BVd');
INSERT INTO `carmodel` VALUES ('842', '00AU0BRC0BVf0BaV0QSd', '吉博力', '00AU0BRC0BVf');
INSERT INTO `carmodel` VALUES ('843', '00AU0BRC0BVf0BaV0CJC', '总裁', '00AU0BRC0BVf');
INSERT INTO `carmodel` VALUES ('844', '00AU0BRC0BVf0BaV0DFP', '玛莎拉蒂GranCabrio', '00AU0BRC0BVf');
INSERT INTO `carmodel` VALUES ('845', '00AU0BRC0BVf0BaV0CJB', '玛莎拉蒂GranTurismo', '00AU0BRC0BVf');
INSERT INTO `carmodel` VALUES ('846', '00AU0BRC0BVf0BaV0COC', '玛莎拉蒂Spyder', '00AU0BRC0BVf');
INSERT INTO `carmodel` VALUES ('847', '00AU0BRC0BVf0BaV0COY', '玛莎拉蒂COUPE', '00AU0BRC0BVf');
INSERT INTO `carmodel` VALUES ('848', '00AU0BRC0BVf0BaV0COZ', '玛莎拉蒂3200GT', '00AU0BRC0BVf');
INSERT INTO `carmodel` VALUES ('849', '00AU0BRC0BVf0BaV0RSU', 'GS Zagato', '00AU0BRC0BVf');
INSERT INTO `carmodel` VALUES ('850', '00AU0BRC0BVf0BaV0RSS', 'GranSport MC Victory', '00AU0BRC0BVf');
INSERT INTO `carmodel` VALUES ('851', '00AU0BRC0BVf0BaV0RST', 'GranSport Spyder', '00AU0BRC0BVf');
INSERT INTO `carmodel` VALUES ('852', '00AU0BRC0BVf0BaV0RSR', '玛莎拉蒂GranSport', '00AU0BRC0BVf');
INSERT INTO `carmodel` VALUES ('853', '00AU0QLY0QLZ0QLa0QLb', 'Aero Coupe', '00AU0QLY0QLZ');
INSERT INTO `carmodel` VALUES ('854', '00AU0QLY0QLZ0QLa0QYD', 'Roadster', '00AU0QLY0QLZ');
INSERT INTO `carmodel` VALUES ('855', '00AU0QLY0QLZ0QLa0QYE', 'Plus 8', '00AU0QLY0QLZ');
INSERT INTO `carmodel` VALUES ('856', '00AU0QLY0QLZ0QLa0RQV', '摩根3-Wheeler', '00AU0QLY0QLZ');
INSERT INTO `carmodel` VALUES ('857', '00AU0DEF0QBG0QBH0QBI', '迈凯伦12C', '00AU0DEF0QBG');
INSERT INTO `carmodel` VALUES ('858', '00AU0DEF0QBG0QBH0QZW', '迈凯伦650 S', '00AU0DEF0QBG');
INSERT INTO `carmodel` VALUES ('859', '00AU0DEF0QBG0QBH0QUE', '迈凯伦P1', '00AU0DEF0QBG');
INSERT INTO `carmodel` VALUES ('860', '00AU0PaZ0Paa0Pab0Pac', 'Melkus RS2000', '00AU0PaZ0Paa');
INSERT INTO `carmodel` VALUES ('861', '00AU0BRI0PbQ0PbR0QFU', '纳智捷 5 Sedan', '00AU0BRI0PbQ');
INSERT INTO `carmodel` VALUES ('862', '00AU0BRI0PbQ0PbR0QMY', '纳智捷优6 SUV', '00AU0BRI0PbQ');
INSERT INTO `carmodel` VALUES ('863', '00AU0BRI0PbQ0PbR0PbS', '纳智捷大7 SUV', '00AU0BRI0PbQ');
INSERT INTO `carmodel` VALUES ('864', '00AU0BRI0PbQ0PbR0QFa', '纳智捷大7 MPV', '00AU0BRI0PbQ');
INSERT INTO `carmodel` VALUES ('865', '00AU0BRI0PbQ0PbR0QFZ', '纳智捷 MASTER CEO', '00AU0BRI0PbQ');
INSERT INTO `carmodel` VALUES ('866', '00AU0BRY0BWC0BaZ0QII', '讴歌ILX', '00AU0BRY0BWC');
INSERT INTO `carmodel` VALUES ('867', '00AU0BRY0BWC0BaZ0CKM', '讴歌TL', '00AU0BRY0BWC');
INSERT INTO `carmodel` VALUES ('868', '00AU0BRY0BWC0BaZ0QYX', '讴歌TLX', '00AU0BRY0BWC');
INSERT INTO `carmodel` VALUES ('869', '00AU0BRY0BWC0BaZ0CKL', '讴歌RL', '00AU0BRY0BWC');
INSERT INTO `carmodel` VALUES ('870', '00AU0BRY0BWC0BaZ0QQO', '讴歌RLX', '00AU0BRY0BWC');
INSERT INTO `carmodel` VALUES ('871', '00AU0BRY0BWC0BaZ0CKK', '讴歌RDX', '00AU0BRY0BWC');
INSERT INTO `carmodel` VALUES ('872', '00AU0BRY0BWC0BaZ0CKO', '讴歌ZDX', '00AU0BRY0BWC');
INSERT INTO `carmodel` VALUES ('873', '00AU0BRY0BWC0BaZ0CKI', '讴歌MDX', '00AU0BRY0BWC');
INSERT INTO `carmodel` VALUES ('874', '00AU0BRM0BWD0BXO0CKH', '雅特GTC', '00AU0BRM0BWD');
INSERT INTO `carmodel` VALUES ('875', '00AU0BRM0BWD0BXO0CKF', '威达', '00AU0BRM0BWD');
INSERT INTO `carmodel` VALUES ('876', '00AU0BRM0BWD0BXO0QTe', 'Insignia英速亚旅行版', '00AU0BRM0BWD');
INSERT INTO `carmodel` VALUES ('877', '00AU0BRM0BWD0BXO0CJb', '安德拉', '00AU0BRM0BWD');
INSERT INTO `carmodel` VALUES ('878', '00AU0BRM0BWD0BXO0CKC', '赛飞利', '00AU0BRM0BWD');
INSERT INTO `carmodel` VALUES ('879', '00AU0BRM0BWD0BXO0QPO', '麦瑞纳', '00AU0BRM0BWD');
INSERT INTO `carmodel` VALUES ('880', '00AU0BRG0QFK0QFL0QFM', '欧朗三厢', '00AU0BRG0QFK');
INSERT INTO `carmodel` VALUES ('881', '00AU0BRG0QFK0QFL0QMR', '欧朗两厢', '00AU0BRG0QFK');
INSERT INTO `carmodel` VALUES ('882', '00AU0BSP0BUH0BXR0CKR', '奇瑞QQ', '00AU0BSP0BUH');
INSERT INTO `carmodel` VALUES ('883', '00AU0BSP0BUH0BXR0RUU', '奇瑞eQ', '00AU0BSP0BUH');
INSERT INTO `carmodel` VALUES ('884', '00AU0BSP0BUH0BXR0CKS', '奇瑞QQ 6', '00AU0BSP0BUH');
INSERT INTO `carmodel` VALUES ('885', '00AU0BSP0BUH0BXR0CKT', '奇瑞QQme', '00AU0BSP0BUH');
INSERT INTO `carmodel` VALUES ('886', '00AU0BSP0BUH0BXR0CKW', '奇瑞A1', '00AU0BSP0BUH');
INSERT INTO `carmodel` VALUES ('887', '00AU0BSP0BUH0BXR0CKU', '奇瑞A3两厢', '00AU0BSP0BUH');
INSERT INTO `carmodel` VALUES ('888', '00AU0BSP0BUH0BXR0QGW', '奇瑞A3三厢', '00AU0BSP0BUH');
INSERT INTO `carmodel` VALUES ('889', '00AU0BSP0BUH0BXR0CKV', '奇瑞A5', '00AU0BSP0BUH');
INSERT INTO `carmodel` VALUES ('890', '00AU0BSP0BUH0BXR0QYT', '艾瑞泽3', '00AU0BSP0BUH');
INSERT INTO `carmodel` VALUES ('891', '00AU0BSP0BUH0BXR0QPc', '艾瑞泽7', '00AU0BSP0BUH');
INSERT INTO `carmodel` VALUES ('892', '00AU0BSP0BUH0BXR0CKQ', '东方之子', '00AU0BSP0BUH');
INSERT INTO `carmodel` VALUES ('893', '00AU0BSP0BUH0BXR0CMC', '东方之子Cross', '00AU0BSP0BUH');
INSERT INTO `carmodel` VALUES ('894', '00AU0BSP0BUH0BXR0QMC', '奇瑞E3', '00AU0BSP0BUH');
INSERT INTO `carmodel` VALUES ('895', '00AU0BSP0BUH0BXR0Pea', '奇瑞E5', '00AU0BSP0BUH');
INSERT INTO `carmodel` VALUES ('896', '00AU0BSP0BUH0BXR0CKY', '风云2两厢', '00AU0BSP0BUH');
INSERT INTO `carmodel` VALUES ('897', '00AU0BSP0BUH0BXR0QGU', '风云2三厢', '00AU0BSP0BUH');
INSERT INTO `carmodel` VALUES ('898', '00AU0BSP0BUH0BXR0CKX', '旗云', '00AU0BSP0BUH');
INSERT INTO `carmodel` VALUES ('899', '00AU0BSP0BUH0BXR0EYc', '旗云1', '00AU0BSP0BUH');
INSERT INTO `carmodel` VALUES ('900', '00AU0BSP0BUH0BXR0EYd', '旗云2', '00AU0BSP0BUH');
INSERT INTO `carmodel` VALUES ('901', '00AU0BSP0BUH0BXR0EYe', '旗云3', '00AU0BSP0BUH');
INSERT INTO `carmodel` VALUES ('902', '00AU0BSP0BUH0BXR0QAG', '旗云5', '00AU0BSP0BUH');
INSERT INTO `carmodel` VALUES ('903', '00AU0BSP0BUH0BXR0BMc', '风云', '00AU0BSP0BUH');
INSERT INTO `carmodel` VALUES ('904', '00AU0BSP0BUH0BXR0CKG', '奇瑞X1', '00AU0BSP0BUH');
INSERT INTO `carmodel` VALUES ('905', '00AU0BSP0BUH0BXR0CKZ', '瑞虎3', '00AU0BSP0BUH');
INSERT INTO `carmodel` VALUES ('906', '00AU0BSP0BUH0BXR0QIB', '瑞虎5', '00AU0BSP0BUH');
INSERT INTO `carmodel` VALUES ('907', '00AU0BRa0BWF0BXU0CLC', 'RIO锐欧', '00AU0BRa0BWF');
INSERT INTO `carmodel` VALUES ('908', '00AU0BRa0BWF0BXU0COf', '千里马', '00AU0BRa0BWF');
INSERT INTO `carmodel` VALUES ('909', '00AU0BRa0BWF0BXU0COc', '秀尔', '00AU0BRa0BWF');
INSERT INTO `carmodel` VALUES ('910', '00AU0BRa0BWF0BXU0CLF', '赛拉图三厢', '00AU0BRa0BWF');
INSERT INTO `carmodel` VALUES ('911', '00AU0BRa0BWF0BXU0QCa', '赛拉图欧风', '00AU0BRa0BWF');
INSERT INTO `carmodel` VALUES ('912', '00AU0BRa0BWF0BXU0CLD', '福瑞迪', '00AU0BRa0BWF');
INSERT INTO `carmodel` VALUES ('913', '00AU0BRa0BWF0BXT0DCD', '速迈', '00AU0BRa0BWF');
INSERT INTO `carmodel` VALUES ('914', '00AU0BRa0BWF0BXT0QaX', '起亚K5(进口)', '00AU0BRa0BWF');
INSERT INTO `carmodel` VALUES ('915', '00AU0BRa0BWF0BXU0Pdd', '起亚K2三厢', '00AU0BRa0BWF');
INSERT INTO `carmodel` VALUES ('916', '00AU0BRa0BWF0BXU0QGF', '起亚K2两厢', '00AU0BRa0BWF');
INSERT INTO `carmodel` VALUES ('917', '00AU0BRa0BWF0BXU0QKK', '起亚K3', '00AU0BRa0BWF');
INSERT INTO `carmodel` VALUES ('918', '00AU0BRa0BWF0BXU0QeX', '起亚K3S', '00AU0BRa0BWF');
INSERT INTO `carmodel` VALUES ('919', '00AU0BRa0BWF0BXU0QbZ', '起亚K4', '00AU0BRa0BWF');
INSERT INTO `carmodel` VALUES ('920', '00AU0BRa0BWF0BXU0PbD', '起亚K5', '00AU0BRa0BWF');
INSERT INTO `carmodel` VALUES ('921', '00AU0BRa0BWF0BXU0CLG', '远舰', '00AU0BRa0BWF');
INSERT INTO `carmodel` VALUES ('922', '00AU0BRa0BWF0BXT0JaM', '凯尊', '00AU0BRa0BWF');
INSERT INTO `carmodel` VALUES ('923', '00AU0BRa0BWF0BXT0CKb', '欧菲莱斯', '00AU0BRa0BWF');
INSERT INTO `carmodel` VALUES ('924', '00AU0BRa0BWF0BXU0CLE', '狮跑', '00AU0BRa0BWF');
INSERT INTO `carmodel` VALUES ('925', '00AU0BRa0BWF0BXU0JZT', '智跑', '00AU0BRa0BWF');
INSERT INTO `carmodel` VALUES ('926', '00AU0BRa0BWF0BXT0CKc', '索兰托', '00AU0BRa0BWF');
INSERT INTO `carmodel` VALUES ('927', '00AU0BRa0BWF0BXT0CKa', '霸锐', '00AU0BRa0BWF');
INSERT INTO `carmodel` VALUES ('928', '00AU0BRa0BWF0BXT0CKe', '佳乐', '00AU0BRa0BWF');
INSERT INTO `carmodel` VALUES ('929', '00AU0BRa0BWF0BXT0CKd', '起亚VQ', '00AU0BRa0BWF');
INSERT INTO `carmodel` VALUES ('930', '00AU0BRa0BWF0BXU0CLH', '嘉华', '00AU0BRa0BWF');
INSERT INTO `carmodel` VALUES ('931', '00AU0BRa0BWF0BXT0RTA', 'Forte', '00AU0BRa0BWF');
INSERT INTO `carmodel` VALUES ('932', '00AU0BSU0BUE0BaD0CKJ', '吉利熊猫', '00AU0BSU0BUE');
INSERT INTO `carmodel` VALUES ('933', '00AU0BSU0BUE0BaD0CHL', '吉利自由舰', '00AU0BSU0BUE');
INSERT INTO `carmodel` VALUES ('934', '00AU0BSU0BUE0BaD0CHJ', '吉利远景', '00AU0BSU0BUE');
INSERT INTO `carmodel` VALUES ('935', '00AU0BSU0BUE0BaD0PcD', '吉利GC7', '00AU0BSU0BUE');
INSERT INTO `carmodel` VALUES ('936', '00AU0BSU0BUE0BaD0PXI', '吉利全球鹰GX2', '00AU0BSU0BUE');
INSERT INTO `carmodel` VALUES ('937', '00AU0BSU0BUE0BaD0QEF', '吉利GX7', '00AU0BSU0BUE');
INSERT INTO `carmodel` VALUES ('938', '00AU0BRI0PUT0QCT0QWd', '晨风', '00AU0BRI0PUT');
INSERT INTO `carmodel` VALUES ('939', '00AU0BRI0PUT0QCT0QCU', '启辰D50', '00AU0BRI0PUT');
INSERT INTO `carmodel` VALUES ('940', '00AU0BRI0PUT0QCT0RPM', '启辰R30', '00AU0BRI0PUT');
INSERT INTO `carmodel` VALUES ('941', '00AU0BRI0PUT0QCT0QLP', '启辰R50', '00AU0BRI0PUT');
INSERT INTO `carmodel` VALUES ('942', '00AU0BRI0PUT0QCT0RVd', '启辰T70', '00AU0BRI0PUT');
INSERT INTO `carmodel` VALUES ('943', '00AU0BRV0BWG0BaI0EYX', '玛驰', '00AU0BRV0BWG');
INSERT INTO `carmodel` VALUES ('944', '00AU0BRV0BWG0BaI0CJO', '骊威', '00AU0BRV0BWG');
INSERT INTO `carmodel` VALUES ('945', '00AU0BRV0BWG0BaI0COO', '阳光', '00AU0BRV0BWG');
INSERT INTO `carmodel` VALUES ('946', '00AU0BRV0BWG0BaI0CJe', '骐达', '00AU0BRV0BWG');
INSERT INTO `carmodel` VALUES ('947', '00AU0BRV0BWG0BaI0CKA', '颐达', '00AU0BRV0BWG');
INSERT INTO `carmodel` VALUES ('948', '00AU0BRV0BWG0BaI0RRI', '新一代轩逸', '00AU0BRV0BWG');
INSERT INTO `carmodel` VALUES ('949', '00AU0BRV0BWG0BaI0CJS', '轩逸经典', '00AU0BRV0BWG');
INSERT INTO `carmodel` VALUES ('950', '00AU0BRV0BWG0BaI0CNa', '蓝鸟', '00AU0BRV0BWG');
INSERT INTO `carmodel` VALUES ('951', '00AU0BRV0BWG0BaI0CJc', '天籁', '00AU0BRV0BWG');
INSERT INTO `carmodel` VALUES ('952', '00AU0BRV0BWG0BaG0CND', '风度', '00AU0BRV0BWG');
INSERT INTO `carmodel` VALUES ('953', '00AU0BRV0BWG0BaG0CNO', '风雅', '00AU0BRV0BWG');
INSERT INTO `carmodel` VALUES ('954', '00AU0BRV0BWG0BaG0COS', '西玛', '00AU0BRV0BWG');
INSERT INTO `carmodel` VALUES ('955', '00AU0BRV0BWG0BaG0PSf', 'Juke', '00AU0BRV0BWG');
INSERT INTO `carmodel` VALUES ('956', '00AU0BRV0BWG0BaI0CJY', '逍客', '00AU0BRV0BWG');
INSERT INTO `carmodel` VALUES ('957', '00AU0BRV0BWG0BaI0CJW', '奇骏', '00AU0BRV0BWG');
INSERT INTO `carmodel` VALUES ('958', '00AU0BRV0BWG0BaI0Pbc', '楼兰', '00AU0BRV0BWG');
INSERT INTO `carmodel` VALUES ('959', '00AU0BRV0BWG0BaG0CMe', '奇骏(进口)', '00AU0BRV0BWG');
INSERT INTO `carmodel` VALUES ('960', '00AU0BRV0BWG0BaL0CDD', '帕拉丁', '00AU0BRV0BWG');
INSERT INTO `carmodel` VALUES ('961', '00AU0BRV0BWG0BaG0COH', '途乐', '00AU0BRV0BWG');
INSERT INTO `carmodel` VALUES ('962', '00AU0BRV0BWG0BaG0CNS', '贵士', '00AU0BRV0BWG');
INSERT INTO `carmodel` VALUES ('963', '00AU0BRV0BWG0BaG0QUF', '碧莲', '00AU0BRV0BWG');
INSERT INTO `carmodel` VALUES ('964', '00AU0BRV0BWG0BaG0CJL', '日产GT-R', '00AU0BRV0BWG');
INSERT INTO `carmodel` VALUES ('965', '00AU0BRV0BWG0BaG0CJN', '日产350Z', '00AU0BRV0BWG');
INSERT INTO `carmodel` VALUES ('966', '00AU0BRV0BWG0BaG0JYS', '日产370Z', '00AU0BRV0BWG');
INSERT INTO `carmodel` VALUES ('967', '00AU0BRV0BWG0BaL0EXI', '日产NV200', '00AU0BRV0BWG');
INSERT INTO `carmodel` VALUES ('968', '00AU0BRV0BWG0BaI0CJH', '骏逸', '00AU0BRV0BWG');
INSERT INTO `carmodel` VALUES ('969', '00AU0BRV0BWG0BaL0QMe', '日产D22', '00AU0BRV0BWG');
INSERT INTO `carmodel` VALUES ('970', '00AU0BRV0BWG0BaL0QOR', '日产ZN6494', '00AU0BRV0BWG');
INSERT INTO `carmodel` VALUES ('971', '00AU0BRN0BcV0BcW0QOS', '荣威E50', '00AU0BRN0BcV');
INSERT INTO `carmodel` VALUES ('972', '00AU0BRN0BcV0BcW0DCP', '荣威350', '00AU0BRN0BcV');
INSERT INTO `carmodel` VALUES ('973', '00AU0BRN0BcV0BcW0CJD', '荣威550', '00AU0BRN0BcV');
INSERT INTO `carmodel` VALUES ('974', '00AU0BRN0BcV0BcW0CJE', '荣威750', '00AU0BRN0BcV');
INSERT INTO `carmodel` VALUES ('975', '00AU0BRN0BcV0BcW0QHB', '荣威950', '00AU0BRN0BcV');
INSERT INTO `carmodel` VALUES ('976', '00AU0BRN0BcV0BcW0PUY', '荣威W5', '00AU0BRN0BcV');
INSERT INTO `carmodel` VALUES ('977', '00AU0BSP0BUI0BaN0CKE', '瑞麒M1', '00AU0BSP0BUI');
INSERT INTO `carmodel` VALUES ('978', '00AU0BSP0BUI0BaN0OUe', '瑞麒M5', '00AU0BSP0BUI');
INSERT INTO `carmodel` VALUES ('979', '00AU0BSP0BUI0BaN0PTG', '瑞麒G3', '00AU0BSP0BUI');
INSERT INTO `carmodel` VALUES ('980', '00AU0BSP0BUI0BaN0DCE', '瑞麒G5', '00AU0BSP0BUI');
INSERT INTO `carmodel` VALUES ('981', '00AU0BSP0BUI0BaN0PUN', '瑞麒G6', '00AU0BSP0BUI');
INSERT INTO `carmodel` VALUES ('982', '00AU0DEF0QQR0QQT0QQU', 'CTR 3', '00AU0DEF0QQR');
INSERT INTO `carmodel` VALUES ('983', '00AU0DEF0QQR0QQT0QQW', 'RXL', '00AU0DEF0QQR');
INSERT INTO `carmodel` VALUES ('984', '00AU0DEF0QQR0QQT0QQV', 'Rt 12 R', '00AU0DEF0QQR');
INSERT INTO `carmodel` VALUES ('985', '00AU0BRA0BWQ0BbI0CIW', '晶锐', '00AU0BRA0BWQ');
INSERT INTO `carmodel` VALUES ('986', '00AU0BRA0BWQ0BbI0QKI', '昕锐', '00AU0BRA0BWQ');
INSERT INTO `carmodel` VALUES ('987', '00AU0BRA0BWQ0BbI0Qbd', '昕动', '00AU0BRA0BWQ');
INSERT INTO `carmodel` VALUES ('988', '00AU0BRA0BWQ0BbI0RUT', '新明锐', '00AU0BRA0BWQ');
INSERT INTO `carmodel` VALUES ('989', '00AU0BRA0BWQ0BbI0CIV', '明锐经典', '00AU0BRA0BWQ');
INSERT INTO `carmodel` VALUES ('990', '00AU0BRA0BWQ0BbI0PeU', '明锐RS', '00AU0BRA0BWQ');
INSERT INTO `carmodel` VALUES ('991', '00AU0BRA0BWQ0BbI0CIT', '速派', '00AU0BRA0BWQ');
INSERT INTO `carmodel` VALUES ('992', '00AU0BRA0BWQ0BbH0QKB', '速尊', '00AU0BRA0BWQ');
INSERT INTO `carmodel` VALUES ('993', '00AU0BRA0BWQ0BbH0PUd', 'Yeti(进口)', '00AU0BRA0BWQ');
INSERT INTO `carmodel` VALUES ('994', '00AU0BRA0BWQ0BbI0QMG', '野帝', '00AU0BRA0BWQ');
INSERT INTO `carmodel` VALUES ('995', '00AU0BRe0BWK0BaW0CHC', '蓝瑟', '00AU0BRe0BWK');
INSERT INTO `carmodel` VALUES ('996', '00AU0BRe0BWK0BaW0CHD', '三菱翼神', '00AU0BRe0BWK');
INSERT INTO `carmodel` VALUES ('997', '00AU0BRe0BWK0BaU0CHH', '三菱Lancer', '00AU0BRe0BWK');
INSERT INTO `carmodel` VALUES ('998', '00AU0BRe0BWK0BaU0QBe', '蓝瑟 翼豪陆神', '00AU0BRe0BWK');
INSERT INTO `carmodel` VALUES ('999', '00AU0BRe0BWK0BaW0QQM', '风迪思', '00AU0BRe0BWK');
INSERT INTO `carmodel` VALUES ('1000', '00AU0BRe0BWK0BaW0CHA', '戈蓝', '00AU0BRe0BWK');
INSERT INTO `carmodel` VALUES ('1001', '00AU0BRe0BWK0BaY0QDb', '劲炫ASX', '00AU0BRe0BWK');
INSERT INTO `carmodel` VALUES ('1002', '00AU0BRe0BWK0BaU0DFG', '三菱ASX劲炫(进口)', '00AU0BRe0BWK');
INSERT INTO `carmodel` VALUES ('1003', '00AU0BRe0BWK0BaU0CHN', '欧蓝德(进口)', '00AU0BRe0BWK');
INSERT INTO `carmodel` VALUES ('1004', '00AU0BRe0BWK0BaY0CAG', '帕杰罗', '00AU0BRe0BWK');
INSERT INTO `carmodel` VALUES ('1005', '00AU0BRe0BWK0BaU0CHO', '帕杰罗(进口)', '00AU0BRe0BWK');
INSERT INTO `carmodel` VALUES ('1006', '00AU0BRe0BWK0BaY0QRM', '帕杰罗·劲畅', '00AU0BRe0BWK');
INSERT INTO `carmodel` VALUES ('1007', '00AU0BRe0BWK0BaU0PdU', '帕杰罗·劲畅(进口)', '00AU0BRe0BWK');
INSERT INTO `carmodel` VALUES ('1008', '00AU0BRe0BWK0BaW0CHB', '君阁', '00AU0BRe0BWK');
INSERT INTO `carmodel` VALUES ('1009', '00AU0BRe0BWK0BaU0CHE', '格蓝迪', '00AU0BRe0BWK');
INSERT INTO `carmodel` VALUES ('1010', '00AU0BRe0BWK0BaU0CHM', '伊柯丽斯', '00AU0BRe0BWK');
INSERT INTO `carmodel` VALUES ('1011', '00AU0BRe0BWK0BaW0CNe', '菱绅', '00AU0BRe0BWK');
INSERT INTO `carmodel` VALUES ('1012', '00AU0BRW0BWP0BbG0CIH', '翼豹', '00AU0BRW0BWP');
INSERT INTO `carmodel` VALUES ('1013', '00AU0BRW0BWP0BbG0QGV', '翼豹三厢', '00AU0BRW0BWP');
INSERT INTO `carmodel` VALUES ('1014', '00AU0BRW0BWP0BbG0PeW', '翼豹STI', '00AU0BRW0BWP');
INSERT INTO `carmodel` VALUES ('1015', '00AU0BRW0BWP0BbG0QRU', '翼豹STI两厢', '00AU0BRW0BWP');
INSERT INTO `carmodel` VALUES ('1016', '00AU0BRW0BWP0BbG0PeX', '翼豹WRX', '00AU0BRW0BWP');
INSERT INTO `carmodel` VALUES ('1017', '00AU0BRW0BWP0BbG0QRV', '翼豹WRX两厢', '00AU0BRW0BWP');
INSERT INTO `carmodel` VALUES ('1018', '00AU0BRW0BWP0BbG0CII', '力狮三厢', '00AU0BRW0BWP');
INSERT INTO `carmodel` VALUES ('1019', '00AU0BRW0BWP0BbG0PeV', '力狮Wagon', '00AU0BRW0BWP');
INSERT INTO `carmodel` VALUES ('1020', '00AU0BRW0BWP0BbG0CIG', '傲虎', '00AU0BRW0BWP');
INSERT INTO `carmodel` VALUES ('1021', '00AU0BRW0BWP0BbG0QFP', '斯巴鲁XV', '00AU0BRW0BWP');
INSERT INTO `carmodel` VALUES ('1022', '00AU0BRW0BWP0BbG0CIF', '森林人', '00AU0BRW0BWP');
INSERT INTO `carmodel` VALUES ('1023', '00AU0BRW0BWP0BbG0CIK', '驰鹏', '00AU0BRW0BWP');
INSERT INTO `carmodel` VALUES ('1024', '00AU0BRW0BWP0BbG0QID', '斯巴鲁BRZ', '00AU0BRW0BWP');
INSERT INTO `carmodel` VALUES ('1025', '00AU0BRB0BVR0BXZ0CGe', 'smart fortwo', '00AU0BRB0BVR');
INSERT INTO `carmodel` VALUES ('1026', '00AU0BRH0BWJ0BaR0CIa', 'Saab 9-3', '00AU0BRH0BWJ');
INSERT INTO `carmodel` VALUES ('1027', '00AU0BRH0BWJ0BaR0CIc', 'Saab 9-5', '00AU0BRH0BWJ');
INSERT INTO `carmodel` VALUES ('1028', '00AU0BRF0BWM0Bac0CHS', '世爵C8', '00AU0BRF0BWM');
INSERT INTO `carmodel` VALUES ('1029', '00AU0BTB0BTU0BbD0CHa', '小贵族', '00AU0BTB0BTU');
INSERT INTO `carmodel` VALUES ('1030', '00AU0BTB0BTU0BbD0CNQ', '来宝SRV', '00AU0BTB0BTU');
INSERT INTO `carmodel` VALUES ('1031', '00AU0BTB0BTU0BbD0CHW', '双环SCEO', '00AU0BTB0BTU');
INSERT INTO `carmodel` VALUES ('1032', '00AU0PcV0BWO0BbE0CNf', '主席', '00AU0PcV0BWO');
INSERT INTO `carmodel` VALUES ('1033', '00AU0PcV0BWO0BbE0PYS', '柯兰多', '00AU0PcV0BWO');
INSERT INTO `carmodel` VALUES ('1034', '00AU0PcV0BWO0BbE0CHe', '爱腾', '00AU0PcV0BWO');
INSERT INTO `carmodel` VALUES ('1035', '00AU0PcV0BWO0BbE0CIB', '享御', '00AU0PcV0BWO');
INSERT INTO `carmodel` VALUES ('1036', '00AU0PcV0BWO0BbE0CIA', '雷斯特', '00AU0PcV0BWO');
INSERT INTO `carmodel` VALUES ('1037', '00AU0PcV0BWO0BbE0CID', '路帝', '00AU0PcV0BWO');
INSERT INTO `carmodel` VALUES ('1038', '00AU0PbG0PbI0PbJ0PbK', '斯派朗', '00AU0PbG0PbI');
INSERT INTO `carmodel` VALUES ('1039', '00AU0BRd0QHY0QHZ0QeP', '首望500e', '00AU0BRd0QHY');
INSERT INTO `carmodel` VALUES ('1040', '00AU0BRI0QHE0QHF0QHG', '思铭', '00AU0BRI0QHE');
INSERT INTO `carmodel` VALUES ('1041', '00AU0BRd0QPa0QRH0RVX', '绅宝D20两厢', '00AU0BRd0QPa');
INSERT INTO `carmodel` VALUES ('1042', '00AU0BRd0QPa0QRH0RVY', '绅宝D20三厢', '00AU0BRd0QPa');
INSERT INTO `carmodel` VALUES ('1043', '00AU0BRd0QPa0QRH0QaH', '绅宝D50', '00AU0BRd0QPa');
INSERT INTO `carmodel` VALUES ('1044', '00AU0BRd0QPa0QRH0RPF', '绅宝D60', '00AU0BRd0QPa');
INSERT INTO `carmodel` VALUES ('1045', '00AU0BRd0QPa0QRH0QRI', '绅宝D70', '00AU0BRd0QPa');
INSERT INTO `carmodel` VALUES ('1046', '00AU0PZI0PZJ0PZK0PaY', 'Tramontana R', '00AU0PZI0PZJ');
INSERT INTO `carmodel` VALUES ('1047', '00AU0BSd0QHM0QHQ0QIF', '腾势DENZA', '00AU0BSd0QHM');
INSERT INTO `carmodel` VALUES ('1048', '00AU0DEF0QSX0QSY0QSZ', 'Model S', '00AU0DEF0QSX');
INSERT INTO `carmodel` VALUES ('1049', '00AU0BRO0BWT0BbR0BfF', '沃尔沃C30', '00AU0BRO0BWT');
INSERT INTO `carmodel` VALUES ('1050', '00AU0BRO0BWT0BbR0BfH', '沃尔沃C70', '00AU0BRO0BWT');
INSERT INTO `carmodel` VALUES ('1051', '00AU0BRO0BWT0BbR0CNA', '沃尔沃S40(进口)', '00AU0BRO0BWT');
INSERT INTO `carmodel` VALUES ('1052', '00AU0BRO0BWT0BbR0BfI', '沃尔沃S60(进口)', '00AU0BRO0BWT');
INSERT INTO `carmodel` VALUES ('1053', '00AU0BRO0BWT0BbR0BfJ', '沃尔沃S80', '00AU0BRO0BWT');
INSERT INTO `carmodel` VALUES ('1054', '00AU0BRO0BWT0BbR0BfL', '沃尔沃XC60(进口)', '00AU0BRO0BWT');
INSERT INTO `carmodel` VALUES ('1055', '00AU0BRO0BWT0BbR0BfN', '沃尔沃XC90(进口)', '00AU0BRO0BWT');
INSERT INTO `carmodel` VALUES ('1056', '00AU0BRO0BWT0BbS0BfD', '沃尔沃S40', '00AU0BRO0BWT');
INSERT INTO `carmodel` VALUES ('1057', '00AU0BRO0BWT0QdF0QdG', '沃尔沃S60L', '00AU0BRO0BWT');
INSERT INTO `carmodel` VALUES ('1058', '00AU0BRO0BWT0BbR0QHd', '沃尔沃V40', '00AU0BRO0BWT');
INSERT INTO `carmodel` VALUES ('1059', '00AU0BRO0BWT0BbR0Pcb', '沃尔沃V60', '00AU0BRO0BWT');
INSERT INTO `carmodel` VALUES ('1060', '00AU0BRO0BWT0QdF0RVH', '沃尔沃XC60', '00AU0BRO0BWT');
INSERT INTO `carmodel` VALUES ('1061', '00AU0BRO0BWT0BbS0BfE', '沃尔沃S80L', '00AU0BRO0BWT');
INSERT INTO `carmodel` VALUES ('1062', '00AU0BRO0BWT0BbR0QaZ', '沃尔沃P1800', '00AU0BRO0BWT');
INSERT INTO `carmodel` VALUES ('1063', '00AU0BRO0BWT0QdF0ROb', '沃尔沃XC CLASSIC', '00AU0BRO0BWT');
INSERT INTO `carmodel` VALUES ('1064', '00AU0BSP0BUJ0BbO0DCa', '威麟X5', '00AU0BSP0BUJ');
INSERT INTO `carmodel` VALUES ('1065', '00AU0BSP0BUJ0BbO0BfC', '威麟V5', '00AU0BSP0BUJ');
INSERT INTO `carmodel` VALUES ('1066', '00AU0BSP0BUJ0BbO0PYQ', '威麟H3', '00AU0BSP0BUJ');
INSERT INTO `carmodel` VALUES ('1067', '00AU0BSP0BUJ0BbO0DCb', '威麟H5', '00AU0BSP0BUJ');
INSERT INTO `carmodel` VALUES ('1068', '00AU0BRN0DJF0DJG0DJI', '宏光', '00AU0BRN0DJF');
INSERT INTO `carmodel` VALUES ('1069', '00AU0BRN0DJF0DJG0QLS', '荣光', '00AU0BRN0DJF');
INSERT INTO `carmodel` VALUES ('1070', '00AU0BRN0DJF0DJG0QQP', '五菱之光', '00AU0BRN0DJF');
INSERT INTO `carmodel` VALUES ('1071', '00AU0BRN0DJF0DJG0RUO', '征程', '00AU0BRN0DJF');
INSERT INTO `carmodel` VALUES ('1072', '00AU0BRE0BWS0BbP0Bef', '威兹曼GT', '00AU0BRE0BWS');
INSERT INTO `carmodel` VALUES ('1073', '00AU0BRE0BWS0BbP0BfA', '威兹曼Roaster', '00AU0BRE0BWS');
INSERT INTO `carmodel` VALUES ('1074', '00AU0DEF0QNb0QNc0QNd', '五十铃皮卡', '00AU0DEF0QNb');
INSERT INTO `carmodel` VALUES ('1075', '00AU0DEF0QNb0QNc0QOD', '竞技者', '00AU0DEF0QNb');
INSERT INTO `carmodel` VALUES ('1076', '00AU0DEF0QNb0RUP0RUR', '五十铃D-MAX', '00AU0DEF0QNb');
INSERT INTO `carmodel` VALUES ('1077', '00AU0BRT0BWc0Bbd0CAZ', '雪铁龙C2', '00AU0BRT0BWc');
INSERT INTO `carmodel` VALUES ('1078', '00AU0BRT0BWc0Bbd0QMT', '雪铁龙C4L', '00AU0BRT0BWc');
INSERT INTO `carmodel` VALUES ('1079', '00AU0BRT0BWc0Bbd0CAd', '雪铁龙C5', '00AU0BRT0BWc');
INSERT INTO `carmodel` VALUES ('1080', '00AU0BRT0BWc0Bbd0QbT', '全新爱丽舍三厢', '00AU0BRT0BWc');
INSERT INTO `carmodel` VALUES ('1081', '00AU0BRT0BWc0Bbd0CAY', '经典爱丽舍三厢', '00AU0BRT0BWc');
INSERT INTO `carmodel` VALUES ('1082', '00AU0BRT0BWc0Bbd0QGc', '经典爱丽舍两厢', '00AU0BRT0BWc');
INSERT INTO `carmodel` VALUES ('1083', '00AU0BRT0BWc0Bbd0CNE', '富康', '00AU0BRT0BWc');
INSERT INTO `carmodel` VALUES ('1084', '00AU0BRT0BWc0Bbd0CAX', '世嘉两厢', '00AU0BRT0BWc');
INSERT INTO `carmodel` VALUES ('1085', '00AU0BRT0BWc0Bbd0QGa', '世嘉三厢', '00AU0BRT0BWc');
INSERT INTO `carmodel` VALUES ('1086', '00AU0BRT0BWc0Bbd0CAW', '凯旋', '00AU0BRT0BWc');
INSERT INTO `carmodel` VALUES ('1087', '00AU0BRT0BWc0Bbd0COA', '赛纳', '00AU0BRT0BWc');
INSERT INTO `carmodel` VALUES ('1088', '00AU0BRT0BWc0Bbd0RTG', '雪铁龙C3-XR', '00AU0BRT0BWc');
INSERT INTO `carmodel` VALUES ('1089', '00AU0BRT0BWc0Bbc0CBA', '雪铁龙C4', '00AU0BRT0BWc');
INSERT INTO `carmodel` VALUES ('1090', '00AU0BRT0BWc0Bbc0QHW', '雪铁龙C4 Aircross', '00AU0BRT0BWc');
INSERT INTO `carmodel` VALUES ('1091', '00AU0BRT0BWc0Bbc0CMG', '大C4毕加索', '00AU0BRT0BWc');
INSERT INTO `carmodel` VALUES ('1092', '00AU0BRT0BWc0Bbc0CBB', '雪铁龙C6', '00AU0BRT0BWc');
INSERT INTO `carmodel` VALUES ('1093', '00AU0BRT0BWc0Bbd0CAU', '毕加索', '00AU0BRT0BWc');
INSERT INTO `carmodel` VALUES ('1094', '00AU0BRa0BWY0BbQ0EZD', '瑞纳', '00AU0BRa0BWY');
INSERT INTO `carmodel` VALUES ('1095', '00AU0BRa0BWY0BbT0PcN', 'Veloster飞思', '00AU0BRa0BWY');
INSERT INTO `carmodel` VALUES ('1096', '00AU0BRa0BWY0BbQ0QGJ', '瑞奕', '00AU0BRa0BWY');
INSERT INTO `carmodel` VALUES ('1097', '00AU0BRa0BWY0BbT0PYZ', '索纳塔(进口)', '00AU0BRa0BWY');
INSERT INTO `carmodel` VALUES ('1098', '00AU0BRa0BWY0BbT0CAH', '雅尊', '00AU0BRa0BWY');
INSERT INTO `carmodel` VALUES ('1099', '00AU0BRa0BWY0BbT0CMV', '君爵', '00AU0BRa0BWY');
INSERT INTO `carmodel` VALUES ('1100', '00AU0BRa0BWY0BbQ0BfW', '雅绅特', '00AU0BRa0BWY');
INSERT INTO `carmodel` VALUES ('1101', '00AU0BRa0BWY0BbT0RPY', '捷恩斯', '00AU0BRa0BWY');
INSERT INTO `carmodel` VALUES ('1102', '00AU0BRa0BWY0BbQ0BfZ', '伊兰特', '00AU0BRa0BWY');
INSERT INTO `carmodel` VALUES ('1103', '00AU0BRa0BWY0BbT0Bfc', '劳恩斯', '00AU0BRa0BWY');
INSERT INTO `carmodel` VALUES ('1104', '00AU0BRa0BWY0BbQ0QIQ', '伊兰特两厢', '00AU0BRa0BWY');
INSERT INTO `carmodel` VALUES ('1105', '00AU0BRa0BWY0BbQ0BcD', '悦动', '00AU0BRa0BWY');
INSERT INTO `carmodel` VALUES ('1106', '00AU0BRa0BWY0BbT0CAF', '雅科仕', '00AU0BRa0BWY');
INSERT INTO `carmodel` VALUES ('1107', '00AU0BRa0BWY0BbQ0QHS', '朗动', '00AU0BRa0BWY');
INSERT INTO `carmodel` VALUES ('1108', '00AU0BRa0BWY0BbQ0BfV', '现代i30', '00AU0BRa0BWY');
INSERT INTO `carmodel` VALUES ('1109', '00AU0BRa0BWY0BbT0CAE', '新胜达(进口)', '00AU0BRa0BWY');
INSERT INTO `carmodel` VALUES ('1110', '00AU0BRa0BWY0BbQ0Qba', '现代ix25', '00AU0BRa0BWY');
INSERT INTO `carmodel` VALUES ('1111', '00AU0BRa0BWY0BbQ0DCX', '现代ix35', '00AU0BRa0BWY');
INSERT INTO `carmodel` VALUES ('1112', '00AU0BRa0BWY0BbT0QZI', '格锐', '00AU0BRa0BWY');
INSERT INTO `carmodel` VALUES ('1113', '00AU0BRa0BWY0BbQ0QUP', '名图', '00AU0BRa0BWY');
INSERT INTO `carmodel` VALUES ('1114', '00AU0BRa0BWY0BbQ0BfU', '索纳塔', '00AU0BRa0BWY');
INSERT INTO `carmodel` VALUES ('1115', '00AU0BRa0BWY0BbT0CAB', '维拉克斯', '00AU0BRa0BWY');
INSERT INTO `carmodel` VALUES ('1116', '00AU0BRa0BWY0BbQ0BfR', 'MOINCA名驭', '00AU0BRa0BWY');
INSERT INTO `carmodel` VALUES ('1117', '00AU0BRa0BWY0BbQ0COB', 'SONATA·御翔', '00AU0BRa0BWY');
INSERT INTO `carmodel` VALUES ('1118', '00AU0BRa0BWY0BbQ0BfT', 'SONATA·领翔', '00AU0BRa0BWY');
INSERT INTO `carmodel` VALUES ('1119', '00AU0BRa0BWY0BbT0Bfd', '劳恩斯-酷派', '00AU0BRa0BWY');
INSERT INTO `carmodel` VALUES ('1120', '00AU0BRa0BWY0BbT0CNN', '酷派', '00AU0BRa0BWY');
INSERT INTO `carmodel` VALUES ('1121', '00AU0BRa0BWY0BbQ0BfX', '途胜', '00AU0BRa0BWY');
INSERT INTO `carmodel` VALUES ('1122', '00AU0BRa0BWY0BbQ0QNI', '全新胜达', '00AU0BRa0BWY');
INSERT INTO `carmodel` VALUES ('1123', '00AU0BRa0BWY0BbT0COM', '美佳', '00AU0BRa0BWY');
INSERT INTO `carmodel` VALUES ('1124', '00AU0BRa0BWY0BbT0PYP', '辉翼', '00AU0BRa0BWY');
INSERT INTO `carmodel` VALUES ('1125', '00AU0BRa0BWY0QZM0QZP', '康恩迪', '00AU0BRa0BWY');
INSERT INTO `carmodel` VALUES ('1126', '00AU0BRM0BWb0BbZ0PZF', '斯帕可', '00AU0BRM0BWb');
INSERT INTO `carmodel` VALUES ('1127', '00AU0BRM0BWb0Bba0CAT', '赛欧两厢', '00AU0BRM0BWb');
INSERT INTO `carmodel` VALUES ('1128', '00AU0BRM0BWb0Bba0QGO', '赛欧三厢', '00AU0BRM0BWb');
INSERT INTO `carmodel` VALUES ('1129', '00AU0BRM0BWb0Bba0RWF', '赛欧3', '00AU0BRM0BWb');
INSERT INTO `carmodel` VALUES ('1130', '00AU0BRM0BWb0Bba0QBP', '爱唯欧两厢', '00AU0BRM0BWb');
INSERT INTO `carmodel` VALUES ('1131', '00AU0BRM0BWb0Bba0QGP', '爱唯欧三厢', '00AU0BRM0BWb');
INSERT INTO `carmodel` VALUES ('1132', '00AU0BRM0BWb0Bba0CAR', '乐骋', '00AU0BRM0BWb');
INSERT INTO `carmodel` VALUES ('1133', '00AU0BRM0BWb0Bba0CAS', '乐风', '00AU0BRM0BWb');
INSERT INTO `carmodel` VALUES ('1134', '00AU0BRM0BWb0Bba0RTZ', '新科鲁兹', '00AU0BRM0BWb');
INSERT INTO `carmodel` VALUES ('1135', '00AU0BRM0BWb0Bba0CAQ', '科鲁兹经典', '00AU0BRM0BWb');
INSERT INTO `carmodel` VALUES ('1136', '00AU0BRM0BWb0Bba0QUR', '科鲁兹掀背车', '00AU0BRM0BWb');
INSERT INTO `carmodel` VALUES ('1137', '00AU0BRM0BWb0BbZ0PUE', '沃蓝达', '00AU0BRM0BWb');
INSERT INTO `carmodel` VALUES ('1138', '00AU0BRM0BWb0Bba0QCf', '迈锐宝', '00AU0BRM0BWb');
INSERT INTO `carmodel` VALUES ('1139', '00AU0BRM0BWb0Bba0CAP', '景程', '00AU0BRM0BWb');
INSERT INTO `carmodel` VALUES ('1140', '00AU0BRM0BWb0Bba0QcG', '创酷', '00AU0BRM0BWb');
INSERT INTO `carmodel` VALUES ('1141', '00AU0BRM0BWb0Bba0QEB', '科帕奇', '00AU0BRM0BWb');
INSERT INTO `carmodel` VALUES ('1142', '00AU0BRM0BWb0BbZ0CAJ', '科帕奇(进口)', '00AU0BRM0BWb');
INSERT INTO `carmodel` VALUES ('1143', '00AU0BRM0BWb0BbZ0CON', '科迈罗', '00AU0BRM0BWb');
INSERT INTO `carmodel` VALUES ('1144', '00AU0BRM0BWb0BbZ0QRc', 'Silverado', '00AU0BRM0BWb');
INSERT INTO `carmodel` VALUES ('1145', '00AU0BRG0BcY0BcZ0Bed', '夏利A+两厢', '00AU0BRG0BcY');
INSERT INTO `carmodel` VALUES ('1146', '00AU0BRG0BcY0BcZ0QGN', '夏利A+三厢', '00AU0BRG0BcY');
INSERT INTO `carmodel` VALUES ('1147', '00AU0BRG0BcY0BcZ0QNM', '夏利N3+两厢', '00AU0BRG0BcY');
INSERT INTO `carmodel` VALUES ('1148', '00AU0BRG0BcY0BcZ0QNL', '夏利N3+三厢', '00AU0BRG0BcY');
INSERT INTO `carmodel` VALUES ('1149', '00AU0BRA0BWV0BbV0PeH', '伊比飒', '00AU0BRA0BWV');
INSERT INTO `carmodel` VALUES ('1150', '00AU0BRA0BWV0BbV0QOF', '伊比飒旅行版', '00AU0BRA0BWV');
INSERT INTO `carmodel` VALUES ('1151', '00AU0BRA0BWV0BbV0RBK', '西雅特Leon', '00AU0BRA0BWV');
INSERT INTO `carmodel` VALUES ('1152', '00AU0BRA0BWV0BbV0QAH', '西雅特Leon CUPRA', '00AU0BRA0BWV');
INSERT INTO `carmodel` VALUES ('1153', '00AU0BRA0BWV0BbV0QCQ', '欧悦搏', '00AU0BRA0BWV');
INSERT INTO `carmodel` VALUES ('1154', '00AU0QYF0QYG0QYH0QYI', '福特E-350', '00AU0QYF0QYG');
INSERT INTO `carmodel` VALUES ('1155', '00AU0BSK0BVA0BYX0QHP', '野马F10', '00AU0BSK0BVA');
INSERT INTO `carmodel` VALUES ('1156', '00AU0BSK0BVA0BYX0QHO', '野马F12', '00AU0BSK0BVA');
INSERT INTO `carmodel` VALUES ('1157', '00AU0BSK0BVA0BYX0QQA', '野马F16', '00AU0BSK0BVA');
INSERT INTO `carmodel` VALUES ('1158', '00AU0BSK0BVA0BYX0CLa', '野马F99', '00AU0BSK0BVA');
INSERT INTO `carmodel` VALUES ('1159', '00AU0BRV0BWe0Bbf0QbE', '英菲尼迪Q50(G)', '00AU0BRV0BWe');
INSERT INTO `carmodel` VALUES ('1160', '00AU0BRV0BWe0Bbf0QcY', '英菲尼迪Q60S', '00AU0BRV0BWe');
INSERT INTO `carmodel` VALUES ('1161', '00AU0BRV0BWe0Bbf0QbF', '英菲尼迪Q60', '00AU0BRV0BWe');
INSERT INTO `carmodel` VALUES ('1162', '00AU0BRV0BWe0Bbf0QbG', '英菲尼迪Q70L(M)', '00AU0BRV0BWe');
INSERT INTO `carmodel` VALUES ('1163', '00AU0BRV0BWe0Bbf0QbH', '英菲尼迪QX50(进口)', '00AU0BRV0BWe');
INSERT INTO `carmodel` VALUES ('1164', '00AU0BRV0BWe0Bbf0RRQ', '英菲尼迪ESQ', '00AU0BRV0BWe');
INSERT INTO `carmodel` VALUES ('1165', '00AU0BRV0BWe0Bbf0QbI', '英菲尼迪QX60(JX)', '00AU0BRV0BWe');
INSERT INTO `carmodel` VALUES ('1166', '00AU0BRV0BWe0Bbf0QbJ', '英菲尼迪QX70(FX)', '00AU0BRV0BWe');
INSERT INTO `carmodel` VALUES ('1167', '00AU0BRV0BWe0Bbf0QbK', '英菲尼迪QX80(QX)', '00AU0BRV0BWe');
INSERT INTO `carmodel` VALUES ('1168', '00AU0BRV0BWe0Bbf0CBJ', '英菲尼迪G', '00AU0BRV0BWe');
INSERT INTO `carmodel` VALUES ('1169', '00AU0BRV0BWe0Bbf0CBK', '英菲尼迪M', '00AU0BRV0BWe');
INSERT INTO `carmodel` VALUES ('1170', '00AU0BRV0BWe0Bbf0CBH', '英菲尼迪EX', '00AU0BRV0BWe');
INSERT INTO `carmodel` VALUES ('1171', '00AU0BRV0BWe0Bbf0QJT', '英菲尼迪JX', '00AU0BRV0BWe');
INSERT INTO `carmodel` VALUES ('1172', '00AU0BRV0BWe0QfR0RTR', '英菲尼迪Q50L', '00AU0BRV0BWe');
INSERT INTO `carmodel` VALUES ('1173', '00AU0BRV0BWe0Bbf0CBI', '英菲尼迪FX', '00AU0BRV0BWe');
INSERT INTO `carmodel` VALUES ('1174', '00AU0BRV0BWe0Bbf0COR', '英菲尼迪QX', '00AU0BRV0BWe');
INSERT INTO `carmodel` VALUES ('1175', '00AU0BSC0BSb0BZK0CLQ', '永源A380', '00AU0BSC0BSb');
INSERT INTO `carmodel` VALUES ('1176', '00AU0BSC0BSb0BZK0QVS', '猎鹰', '00AU0BSC0BSb');
INSERT INTO `carmodel` VALUES ('1177', '00AU0BSC0BSb0BZK0QJZ', '永源五星', '00AU0BSC0BSb');
INSERT INTO `carmodel` VALUES ('1178', '00AU0BRG0BbB0BbC0CBF', '森雅M80', '00AU0BRG0BbB');
INSERT INTO `carmodel` VALUES ('1179', '00AU0BRG0BbB0BbK0QNK', '夏利N3两厢', '00AU0BRG0BbB');
INSERT INTO `carmodel` VALUES ('1180', '00AU0BRG0BbB0BbK0QNJ', '夏利N3三厢', '00AU0BRG0BbB');
INSERT INTO `carmodel` VALUES ('1181', '00AU0BRG0BbB0BbC0PUP', '森雅S80', '00AU0BRG0BbB');
INSERT INTO `carmodel` VALUES ('1182', '00AU0BRG0BbB0BbK0Bec', '夏利N5', '00AU0BRG0BbB');
INSERT INTO `carmodel` VALUES ('1183', '00AU0BRG0BbB0BbC0QNe', '佳宝V52', '00AU0BRG0BbB');
INSERT INTO `carmodel` VALUES ('1184', '00AU0BRG0BbB0BbK0QMD', '夏利N7', '00AU0BRG0BbB');
INSERT INTO `carmodel` VALUES ('1185', '00AU0BRG0BbB0BbC0QaK', '佳宝V55', '00AU0BRG0BbB');
INSERT INTO `carmodel` VALUES ('1186', '00AU0BRG0BbB0BbC0QNf', '佳宝V70', '00AU0BRG0BbB');
INSERT INTO `carmodel` VALUES ('1187', '00AU0BRG0BbB0BbK0BeX', '威志两厢', '00AU0BRG0BbB');
INSERT INTO `carmodel` VALUES ('1188', '00AU0BRG0BbB0BbK0QGM', '威志三厢', '00AU0BRG0BbB');
INSERT INTO `carmodel` VALUES ('1189', '00AU0BRG0BbB0BbC0QUW', '佳宝V80', '00AU0BRG0BbB');
INSERT INTO `carmodel` VALUES ('1190', '00AU0BRG0BbB0BbK0JYU', '威志V2', '00AU0BRG0BbB');
INSERT INTO `carmodel` VALUES ('1191', '00AU0BRG0BbB0BbK0QHA', '威志V5', '00AU0BRG0BbB');
INSERT INTO `carmodel` VALUES ('1192', '00AU0BRG0BbB0BbK0BeW', '威乐', '00AU0BRG0BbB');
INSERT INTO `carmodel` VALUES ('1193', '00AU0BRG0BbB0BbK0BeZ', '威姿', '00AU0BRG0BbB');
INSERT INTO `carmodel` VALUES ('1194', '00AU0BRG0BbB0BbK0QTX', '骏派D60', '00AU0BRG0BbB');
INSERT INTO `carmodel` VALUES ('1195', '00AU0BSU0BUG0Bab0Pce', '吉利金刚三厢', '00AU0BSU0BUG');
INSERT INTO `carmodel` VALUES ('1196', '00AU0BSU0BUG0Bab0QDT', '吉利英伦金刚三厢二代', '00AU0BSU0BUG');
INSERT INTO `carmodel` VALUES ('1197', '00AU0BSU0BUG0Bab0PVB', '吉利英伦金刚两厢', '00AU0BSU0BUG');
INSERT INTO `carmodel` VALUES ('1198', '00AU0BSU0BUG0Bab0Pcf', '吉利英伦金刚CROSS', '00AU0BSU0BUG');
INSERT INTO `carmodel` VALUES ('1199', '00AU0BSU0BUG0Bab0QJX', '吉利英伦SC3', '00AU0BSU0BUG');
INSERT INTO `carmodel` VALUES ('1200', '00AU0BSU0BUG0Bab0QAY', '吉利英伦SC6', '00AU0BSU0BUG');
INSERT INTO `carmodel` VALUES ('1201', '00AU0BSU0BUG0Bab0OVT', '吉利海景', '00AU0BSU0BUG');
INSERT INTO `carmodel` VALUES ('1202', '00AU0BSU0BUG0Bab0CHQ', '吉利英伦TX4', '00AU0BSU0BUG');
INSERT INTO `carmodel` VALUES ('1203', '00AU0BSU0BUG0Bab0QRS', '吉利SX7', '00AU0BSU0BUG');
INSERT INTO `carmodel` VALUES ('1204', '00AU0QeE0QeF0QeG0QeH', '英致G3', '00AU0QeE0QeF');
INSERT INTO `carmodel` VALUES ('1205', '00AU0BSV0BWf0BcA0QTJ', '中华豚', '00AU0BSV0BWf');
INSERT INTO `carmodel` VALUES ('1206', '00AU0BSV0BWf0BcA0QKC', '中华H220', '00AU0BSV0BWf');
INSERT INTO `carmodel` VALUES ('1207', '00AU0BSV0BWf0BcA0QFb', '中华H230', '00AU0BSV0BWf');
INSERT INTO `carmodel` VALUES ('1208', '00AU0BSV0BWf0BcA0QKQ', '中华H320', '00AU0BSV0BWf');
INSERT INTO `carmodel` VALUES ('1209', '00AU0BSV0BWf0BcA0QMN', '中华H330', '00AU0BSV0BWf');
INSERT INTO `carmodel` VALUES ('1210', '00AU0BSV0BWf0BcA0PeA', '中华H530', '00AU0BSV0BWf');
INSERT INTO `carmodel` VALUES ('1211', '00AU0BSV0BWf0BcA0CBM', '骏捷', '00AU0BSV0BWf');
INSERT INTO `carmodel` VALUES ('1212', '00AU0BSV0BWf0BcA0QBf', '骏捷Wagon', '00AU0BSV0BWf');
INSERT INTO `carmodel` VALUES ('1213', '00AU0BSV0BWf0BcA0CBO', '骏捷FSV', '00AU0BSV0BWf');
INSERT INTO `carmodel` VALUES ('1214', '00AU0BSV0BWf0BcA0CBP', '骏捷FRV', '00AU0BSV0BWf');
INSERT INTO `carmodel` VALUES ('1215', '00AU0BSV0BWf0BcA0CBN', '骏捷Cross', '00AU0BSV0BWf');
INSERT INTO `carmodel` VALUES ('1216', '00AU0BSV0BWf0BcA0CBR', '尊驰', '00AU0BSV0BWf');
INSERT INTO `carmodel` VALUES ('1217', '00AU0BSV0BWf0BcA0PeG', '中华V5', '00AU0BSV0BWf');
INSERT INTO `carmodel` VALUES ('1218', '00AU0BSV0BWf0BcA0CBQ', '酷宝', '00AU0BSV0BWf');
INSERT INTO `carmodel` VALUES ('1219', '00AU0BRP0BSN0BcC0RQc', '众泰E20知豆', '00AU0BRP0BSN');
INSERT INTO `carmodel` VALUES ('1220', '00AU0BRP0BSN0BcC0QTF', '众泰Z100', '00AU0BRP0BSN');
INSERT INTO `carmodel` VALUES ('1221', '00AU0BRP0BSN0BcC0RUf', '云100', '00AU0BRP0BSN');
INSERT INTO `carmodel` VALUES ('1222', '00AU0BRP0BSN0BcC0PXG', '众泰Z200', '00AU0BRP0BSN');
INSERT INTO `carmodel` VALUES ('1223', '00AU0BRP0BSN0BcC0JZD', '众泰Z200HB', '00AU0BRP0BSN');
INSERT INTO `carmodel` VALUES ('1224', '00AU0BRP0BSN0BcC0QDI', '众泰Z300', '00AU0BRP0BSN');
INSERT INTO `carmodel` VALUES ('1225', '00AU0BRP0BSN0BcC0RBP', '众泰Z500', '00AU0BRP0BSN');
INSERT INTO `carmodel` VALUES ('1226', '00AU0BRP0BSN0BcC0CBU', '众泰2008', '00AU0BRP0BSN');
INSERT INTO `carmodel` VALUES ('1227', '00AU0BRP0BSN0BcC0CBV', '众泰5008', '00AU0BRP0BSN');
INSERT INTO `carmodel` VALUES ('1228', '00AU0BRP0BSN0BcC0QDM', '众泰T200', '00AU0BRP0BSN');
INSERT INTO `carmodel` VALUES ('1229', '00AU0BRP0BSN0BcC0QDO', '众泰T600', '00AU0BRP0BSN');
INSERT INTO `carmodel` VALUES ('1230', '00AU0BRP0BSN0BcC0PUR', '众泰M300', '00AU0BRP0BSN');
INSERT INTO `carmodel` VALUES ('1231', '00AU0BRP0BSN0BcC0CBS', '梦迪博朗', '00AU0BRP0BSN');
INSERT INTO `carmodel` VALUES ('1232', '00AU0BRP0BSN0BcC0QLc', '众泰V10', '00AU0BRP0BSN');
INSERT INTO `carmodel` VALUES ('1233', '00AU0BRU0BSR0BcB0QWS', '中兴C3', '00AU0BRU0BSR');
INSERT INTO `carmodel` VALUES ('1234', '00AU0BRU0BSR0BcB0EWf', '无限', '00AU0BRU0BSR');
INSERT INTO `carmodel` VALUES ('1235', '00AU0BRU0BSR0BcB0CBL', '无限V3', '00AU0BRU0BSR');
INSERT INTO `carmodel` VALUES ('1236', '00AU0BRU0BSR0BcB0JaR', '无限V5', '00AU0BRU0BSR');
INSERT INTO `carmodel` VALUES ('1237', '00AU0BRU0BSR0BcB0QOA', '旗舰A9', '00AU0BRU0BSR');
INSERT INTO `carmodel` VALUES ('1238', '00AU0BRU0BSR0BcB0QJV', '威虎G3', '00AU0BRU0BSR');
INSERT INTO `carmodel` VALUES ('1239', '00AU0BRU0BSR0BcB0QUB', '威虎TUV', '00AU0BRU0BSR');
INSERT INTO `carmodel` VALUES ('1240', '00AU0BRU0BSR0BcB0QNZ', '威虎F1', '00AU0BRU0BSR');
INSERT INTO `carmodel` VALUES ('1241', '00AU0BRU0BSR0BcB0RWH', 'GX3', '00AU0BRU0BSR');
INSERT INTO `carmodel` VALUES ('1242', '00AU0BSV0QUa0QUb0QXI', '之诺1E', '00AU0BSV0QUa');

-- ----------------------------
-- Table structure for `chelianginfo`
-- ----------------------------
DROP TABLE IF EXISTS `chelianginfo`;
CREATE TABLE `chelianginfo` (
  `txtCustId` varchar(40) COLLATE utf8_bin NOT NULL COMMENT '客户id',
  `txtCheLiangId` varchar(40) COLLATE utf8_bin NOT NULL COMMENT '车辆id',
  `txtCheLiangChePaiHao` varchar(10) COLLATE utf8_bin DEFAULT NULL COMMENT '车牌号',
  `txtCheLiangCheXingDaiMa` varchar(30) COLLATE utf8_bin DEFAULT NULL COMMENT '车辆型号',
  `txtCheLiangCheJiaHao` varchar(20) COLLATE utf8_bin DEFAULT NULL COMMENT '车架号',
  `txtCheLiangDengJiRiQi` varchar(20) COLLATE utf8_bin DEFAULT NULL COMMENT '车辆注册登记日期',
  `txtCheLiangFaDongJiHao` varchar(20) COLLATE utf8_bin DEFAULT NULL COMMENT '发动机号',
  `txtCheLiangNianShenDaoQiRi` varchar(20) COLLATE utf8_bin DEFAULT NULL COMMENT '年审到期日',
  `txtCheLiangBaoXianDaoQiRi` varchar(20) COLLATE utf8_bin DEFAULT NULL COMMENT '保险到期日',
  `ddlCheLiangZhiZaoShang` varchar(20) COLLATE utf8_bin NOT NULL COMMENT '品牌',
  `ddlCheLiangCheXi` varchar(20) COLLATE utf8_bin DEFAULT NULL COMMENT '车型',
  `ddlChengBaoGongSi` varchar(20) COLLATE utf8_bin DEFAULT NULL COMMENT '承保公司',
  PRIMARY KEY (`txtCheLiangId`),
  KEY `txtCustId` (`txtCustId`) USING BTREE,
  CONSTRAINT `chelianginfo_ibfk_1` FOREIGN KEY (`txtCustId`) REFERENCES `customerinfo` (`txtCustId`)
) ENGINE=InnoDB DEFAULT CHARSET=utf8 COLLATE=utf8_bin;

-- ----------------------------
-- Records of chelianginfo
-- ----------------------------
INSERT INTO `chelianginfo` VALUES ('0fb78631-db87-482d-af90-0d0c0fd6d3fc', '29675ec0-514e-4fca-9009-5f87eae3625e', '粤A12345', 'AWD23', '12345678901234567', '2015-02-03', 'AWD23', '2015-02-04', '2015-02-04', '奥迪', '奥迪A4', '人保');
INSERT INTO `chelianginfo` VALUES ('f4e40905-a04f-42bd-84aa-72df4a2b5ca5', '2971eeb4-18d2-4a37-afff-43e774ebbe77', '粤B 22222', 'ADS', '12345678901234567', '2014-10-20', 'ASD251', '2016-10-19', '2015-10-19', '本田', '飞度(进口)', '平安');
INSERT INTO `chelianginfo` VALUES ('a812396c-3f41-4af9-b72e-cda6f9c0495f', '3c21588b-be32-456a-8a1a-f8ee472f3144', 'a', 'a', 'd', '2015-02-09', 'g', '2015-02-18', '2015-02-13', 'AC Schnitzer', 'ACS6', 'aa');
INSERT INTO `chelianginfo` VALUES ('3d9ee5b9-099a-49f0-8911-1b14bddf9ab4', '46dec77c-645a-451d-baba-9b57256f18a2', '粤B 7H67', 'DSA12', '12345678901234567', '2015-02-01', 'DSA11', '2021-02-01', '2016-02-01', '江淮', '和悦A13 RS', '人保');
INSERT INTO `chelianginfo` VALUES ('734c0bbd-bd23-4c0e-a329-f8d1ad77104e', '4ef659e9-f715-404a-bbc3-9fed68132f09', '粤B 12345', 'BT1', 'BT12345', '2013-06-20', 'BT111', '2015-02-25', '2016-02-10', '本田', '思铂睿', '人保');
INSERT INTO `chelianginfo` VALUES ('c50bdddb-91d1-4d62-8536-56f2a4073f51', '57725a87-356c-476f-864c-5cb25e5c4b3c', '6', '6', '6', '2015-02-17', '6', '', '', '别克', '君威', '');
INSERT INTO `chelianginfo` VALUES ('a812396c-3f41-4af9-b72e-cda6f9c0495f', '7f374559-5f50-4ea1-a87f-0d56ffde425c', '55', '66', '77', '2015-02-17', '88', '2015-02-16', '2015-02-28', '别克', '昂科雷', 'gg');
INSERT INTO `chelianginfo` VALUES ('900d1e3f-2bea-46cb-a8a2-4e7917f914e9', '826e224a-377a-47e9-87a3-d45d7e68a058', '粤B 88889', 'BMW', '12345678901234567', '2015-02-04', 'BMW123', '2021-02-03', '2016-02-04', '宝马I', '宝马I8', '人保');
INSERT INTO `chelianginfo` VALUES ('ffd9b613-1e9a-4be5-94ff-3c501321763b', 'a77399f8-28c9-490f-baac-cad7a260bfda', '粤B 10010', 'DSA00', '98765432100123456', '2015-02-05', 'DSA22', '2015-02-25', '2015-02-20', '宝马', '宝马X5', '太平洋');
INSERT INTO `chelianginfo` VALUES ('734c0bbd-bd23-4c0e-a329-f8d1ad77104e', 'be4282cd-d202-4e40-880d-dd8380f97099', 'am', 'bm', 'cm', '2015-02-18', 'dm', '2015-02-10', '2015-02-18', '宝马', '宝马3系GT', 'aa');
INSERT INTO `chelianginfo` VALUES ('f4e40905-a04f-42bd-84aa-72df4a2b5ca5', 'c6a81af4-b977-4ed7-8db8-2c4b89bff299', '粤B 99999', 'DA234', '01234567890123456', '2015-02-10', 'DAS222', '2021-02-09', '2016-02-10', '保时捷', 'Cayman', '人保');
INSERT INTO `chelianginfo` VALUES ('ffd9b613-1e9a-4be5-94ff-3c501321763b', 'cf8bffe6-621a-4ebd-a33e-697df4427f9c', '粤B 10111', 'DSA21', '01237894560147258', '2015-01-27', 'DSA31', '2015-02-18', '2015-02-25', '奔驰', '奔驰GL', '人保');
INSERT INTO `chelianginfo` VALUES ('0fb78631-db87-482d-af90-0d0c0fd6d3fc', 'f3b9d07d-1357-4a23-aca9-c77442682a0a', '粤B 78919', 'QWE23', '12345678900123456', '2015-01-26', 'WQE23', '2021-01-25', '2016-02-25', '宝马', '宝马3系', '人保');
INSERT INTO `chelianginfo` VALUES ('feb09af6-3e15-47dd-a2d0-5eee03cff07d', 'f783b3f5-00f6-44f8-bb5b-8b39cf2874e2', '粤B11111', 'ASDA', 'ASDA', '2014-10-30', 'ADSA', '2016-10-20', '2015-10-29', '奥迪', '奥迪Q7', '人保');

-- ----------------------------
-- Table structure for `customerinfo`
-- ----------------------------
DROP TABLE IF EXISTS `customerinfo`;
CREATE TABLE `customerinfo` (
  `txtCustId` varchar(40) COLLATE utf8_bin NOT NULL COMMENT '客户id',
  `ddlDianPu` varchar(100) COLLATE utf8_bin DEFAULT NULL COMMENT '所属店铺',
  `ddlCustSort` varchar(40) COLLATE utf8_bin DEFAULT NULL COMMENT '客户类别',
  `txtCheZhuName` varchar(100) COLLATE utf8_bin DEFAULT NULL COMMENT '车主名',
  `txtCheZhuTel` varchar(20) COLLATE utf8_bin DEFAULT NULL COMMENT '车主电话',
  `txtCheZhuPwd` varchar(20) COLLATE utf8_bin DEFAULT NULL COMMENT '密码',
  `txtLianXiRenName` varchar(20) COLLATE utf8_bin DEFAULT NULL COMMENT '联系人姓名',
  `txtLianXiRenTel` varchar(20) COLLATE utf8_bin DEFAULT NULL COMMENT '联系人电话',
  `txtLianXiRenAdd` varchar(100) COLLATE utf8_bin DEFAULT NULL COMMENT '联系人地址',
  `txtCheZhuJiaZhaoDate` varchar(40) COLLATE utf8_bin DEFAULT NULL COMMENT '车主驾照日期',
  `txtHuiYuanJiFen` int(20) DEFAULT NULL COMMENT '会员积分',
  `txtGongShiZheKou` float(20,2) DEFAULT NULL COMMENT '工时折扣',
  `txtCaiLiaoZheKou` float(20,2) DEFAULT NULL COMMENT '材料折扣',
  `txtHuiYuanDengJi` varchar(40) COLLATE utf8_bin DEFAULT NULL COMMENT '会员等级',
  `couponNum` int(11) DEFAULT NULL COMMENT '优惠券',
  PRIMARY KEY (`txtCustId`)
) ENGINE=InnoDB DEFAULT CHARSET=utf8 COLLATE=utf8_bin;

-- ----------------------------
-- Records of customerinfo
-- ----------------------------
INSERT INTO `customerinfo` VALUES ('0fb78631-db87-482d-af90-0d0c0fd6d3fc', '八路通深圳罗芳店', '龙卡', '小明', '12345678900', null, '小明', '12345678900', '深圳市南山区', '2013-06-26', '0', '1.00', '1.00', '注册会员', null);
INSERT INTO `customerinfo` VALUES ('17fffbf3-0159-4e4b-801f-ba0deb401969', '八路通深圳罗芳店', null, 'a', 'a', null, 'ab', 'a', 'a', '2015-02-17', '0', '1.00', '1.00', '注册会员', null);
INSERT INTO `customerinfo` VALUES ('3d9ee5b9-099a-49f0-8911-1b14bddf9ab4', '八路通深圳罗芳店', '会员', '德明士', '13800138000', null, '德明士', '13800138000', '深圳市宝安区', '2013-05-20', '0', '1.00', '1.00', '注册会员', null);
INSERT INTO `customerinfo` VALUES ('5a267dc1-7af2-42de-9c66-1d654ceeb3a9', '八路通深圳罗芳店', '龙卡', 'aw', '11', null, '11', '11', '11', '2015-02-02', '0', '1.00', '1.00', '注册会员', null);
INSERT INTO `customerinfo` VALUES ('734c0bbd-bd23-4c0e-a329-f8d1ad77104e', '八路通深圳西乡店', '合作商户', '小明', '13569863254', '5688', '小明', '13569863254', '宝安区西乡大道', '2015-02-02', '0', '0.00', '0.00', '注册会员', '0');
INSERT INTO `customerinfo` VALUES ('900d1e3f-2bea-46cb-a8a2-4e7917f914e9', '八路通深圳西乡店', '人保客户', '韩梅梅', '13800138001', '3688', '韩梅梅', '13800138000', '深圳市宝安区西乡大道大宇广场', '2015-02-05', '0', '1.00', '1.00', '注册会员', null);
INSERT INTO `customerinfo` VALUES ('a440000a-d6d7-407e-ba70-f67e111e5f2a', '八路通深圳西乡店', '龙卡', '张东子', '13800138002', '4255', '小张', '13800138001', '广东省深圳市宝安区西乡立交万骏汇大厦1031室', '2013-08-15', '0', '1.00', '1.00', '注册会员', null);
INSERT INTO `customerinfo` VALUES ('a812396c-3f41-4af9-b72e-cda6f9c0495f', '八路通深圳罗芳店', '会员', 'aav', 'a', null, 'w', 'e', 'ee', '2015-02-19', '0', '1.00', '1.00', '注册会员', null);
INSERT INTO `customerinfo` VALUES ('b31dd3f6-9fcc-4336-8f5e-c07fdcd6ad72', null, '合作商户', '小马', '12345678901', null, '小马', '12345678901', '深圳市南山区', '2013-07-23', '0', '1.00', '1.00', '注册会员', null);
INSERT INTO `customerinfo` VALUES ('b6a772c0-34e9-431a-969a-b33e28174d06', '八路通深圳西乡店', '合作商户', '范兵', '13800138000', null, '范兵', '13800138000', '深圳市宝安区西乡大道西乡汽车客运站', '2013-02-13', '0', '1.00', '1.00', '注册会员', null);
INSERT INTO `customerinfo` VALUES ('c50bdddb-91d1-4d62-8536-56f2a4073f51', '八路通深圳西乡店', '合作商户', '王涛', '18033050001', '7633', '小李', '18033050001', '深圳市宝安区西乡大道大益广场', '2014-06-20', '0', '1.00', '1.00', '注册会员', null);
INSERT INTO `customerinfo` VALUES ('e6953489-7909-4b86-be47-94db235c6ff1', '八路通深圳西乡店', null, '张月华', '13800138003', '4533', '张月华', '13800138000', '广东省深圳市宝安区西乡大道', '2012-07-11', '0', '1.00', '1.00', '注册会员', null);
INSERT INTO `customerinfo` VALUES ('f4e40905-a04f-42bd-84aa-72df4a2b5ca5', '八路通深圳西乡店', '会员', '小王', '13800138001', null, '小王', '13800138001', '深圳市宝安区西乡大道', '2015-02-04', '0', '0.80', '0.80', '注册会员', null);
INSERT INTO `customerinfo` VALUES ('feb09af6-3e15-47dd-a2d0-5eee03cff07d', '八路通深圳罗芳店', '人保客户', '小五', '13800138000', null, '小五', '13800138000', '深圳市宝安区', '2014-10-20', '0', '1.00', '1.00', '注册会员', null);
INSERT INTO `customerinfo` VALUES ('ffd9b613-1e9a-4be5-94ff-3c501321763b', '八路通深圳西乡店', '现金', '张月华', '13800138004', '4777', '张月华', '13800138000', '广东省深圳市宝安区西乡大道', '2012-07-11', '0', '1.00', '1.00', '注册会员', null);

-- ----------------------------
-- Table structure for `department`
-- ----------------------------
DROP TABLE IF EXISTS `department`;
CREATE TABLE `department` (
  `departId` varchar(50) COLLATE utf8_bin NOT NULL DEFAULT '',
  `departCode` varchar(50) COLLATE utf8_bin DEFAULT NULL COMMENT '部门编号',
  `departName` varchar(50) COLLATE utf8_bin DEFAULT NULL COMMENT '部门名称',
  `departDesc` varchar(200) COLLATE utf8_bin DEFAULT NULL,
  PRIMARY KEY (`departId`)
) ENGINE=InnoDB DEFAULT CHARSET=utf8 COLLATE=utf8_bin;

-- ----------------------------
-- Records of department
-- ----------------------------
INSERT INTO `department` VALUES ('0', 'XX10010001', 'IT部', '移动互联网技术');
INSERT INTO `department` VALUES ('0177b77b-97c8-42ba-8aa9-f28e02c048b1', 'XX10010005', '财务部', '精打细算');
INSERT INTO `department` VALUES ('27c7e429-e230-40dd-a479-3178f128e2ab', 'XX10010006', '市场部', '伶牙俐齿');
INSERT INTO `department` VALUES ('52933370-0d83-4d57-93b2-fd607612ea18', 'XX10010004', '采购部', '精明伶俐');
INSERT INTO `department` VALUES ('659a8880-8fbe-4377-a034-43056824046b', 'XX10010002', '业务部', '高效团队');
INSERT INTO `department` VALUES ('ee706564-0dbc-498b-bd6a-799b603d6022', 'XX10010003', '客服部', '激情四射');

-- ----------------------------
-- Table structure for `feedback`
-- ----------------------------
DROP TABLE IF EXISTS `feedback`;
CREATE TABLE `feedback` (
  `id` int(10) NOT NULL AUTO_INCREMENT,
  `suggestions` varchar(50) DEFAULT NULL,
  `error` varchar(50) DEFAULT NULL,
  `doubat` varchar(50) DEFAULT NULL,
  `username` varchar(20) DEFAULT NULL,
  `userid` varchar(50) DEFAULT NULL,
  PRIMARY KEY (`id`)
) ENGINE=InnoDB AUTO_INCREMENT=68 DEFAULT CHARSET=utf8;

-- ----------------------------
-- Records of feedback
-- ----------------------------
INSERT INTO `feedback` VALUES ('1', 'd', 'd', 'd', 'd', '7');
INSERT INTO `feedback` VALUES ('7', '测试', '测试', '测试', '李明', '1');
INSERT INTO `feedback` VALUES ('19', '提建议', '有问题', '不会用', '沈军', '7');
INSERT INTO `feedback` VALUES ('20', '提建议', '有问题', '不会用', '沈军', '7');
INSERT INTO `feedback` VALUES ('51', '测试建议', '有错误', '不会用喔', '沈军', '7');
INSERT INTO `feedback` VALUES ('52', '测试测试', '', '', '沈军', '7');
INSERT INTO `feedback` VALUES ('53', '好诶', '错误', '不会', '邓先生', '2');
INSERT INTO `feedback` VALUES ('55', '斤么必备wt', '', '', '邓先生', '2');
INSERT INTO `feedback` VALUES ('57', '莉莉', '天蝎座', '你我咯罗门来咯哦分', '沈军', '7');
INSERT INTO `feedback` VALUES ('58', '宁静咯莫', '距咯喔', '', '沈军', '7');
INSERT INTO `feedback` VALUES ('59', '乘机打劫刺激性奖学金', '', '', '邓先生', '2');
INSERT INTO `feedback` VALUES ('60', '不会额', '啊', '', '', '0');
INSERT INTO `feedback` VALUES ('61', '啊啊啊', '', '', '', '0');
INSERT INTO `feedback` VALUES ('62', 'aaa', 'dd', 'dd', '1', '57346bfb-0d2b-4a4e-ae9b-087b640f72be');
INSERT INTO `feedback` VALUES ('63', 'aaa', '', '', '1', '57346bfb-0d2b-4a4e-ae9b-087b640f72be');
INSERT INTO `feedback` VALUES ('64', '法萨芬撒', '', '', '', '0');
INSERT INTO `feedback` VALUES ('65', '法萨芬撒', '', '', '1', '57346bfb-0d2b-4a4e-ae9b-087b640f72be');
INSERT INTO `feedback` VALUES ('66', '不会', '', '', '1', '57346bfb-0d2b-4a4e-ae9b-087b640f72be');
INSERT INTO `feedback` VALUES ('67', '不会用', '发现错误', '', '小明', '734c0bbd-bd23-4c0e-a329-f8d1ad77104e');

-- ----------------------------
-- Table structure for `gongdan`
-- ----------------------------
DROP TABLE IF EXISTS `gongdan`;
CREATE TABLE `gongdan` (
  `txtGongDanId` varchar(40) COLLATE utf8_bin NOT NULL COMMENT '工单唯一编号',
  `ddlDianPu` varchar(100) COLLATE utf8_bin DEFAULT NULL COMMENT '所属店铺',
  `txtBillNo` varchar(40) COLLATE utf8_bin DEFAULT NULL COMMENT '维修单号',
  `txtXieYiBillNo` varchar(40) COLLATE utf8_bin DEFAULT NULL COMMENT '协议单号',
  `txtRuChangDate` varchar(20) COLLATE utf8_bin DEFAULT NULL COMMENT '入厂时间',
  `txtYuChuChangDate` varchar(20) COLLATE utf8_bin DEFAULT NULL COMMENT '预出厂时间',
  `txtFuWuGuWen` varchar(40) COLLATE utf8_bin DEFAULT NULL COMMENT '服务顾问',
  `txtJiaoXiuReason` varchar(100) COLLATE utf8_bin DEFAULT NULL COMMENT '交修原因',
  `txtGuZhangReason` varchar(100) COLLATE utf8_bin DEFAULT NULL COMMENT '故障原因',
  `txtWeiXiuCuoShi` varchar(100) COLLATE utf8_bin DEFAULT NULL COMMENT '维修措施',
  `txtCustId` varchar(40) COLLATE utf8_bin DEFAULT NULL COMMENT '客户id',
  `txtCheLiangId` varchar(40) COLLATE utf8_bin DEFAULT NULL COMMENT '车辆id',
  `txtYuYueId` varchar(40) COLLATE utf8_bin DEFAULT NULL COMMENT '预约id',
  `txtChePaiHao` varchar(40) COLLATE utf8_bin DEFAULT NULL COMMENT '车牌号',
  `txtLiCheng` int(11) DEFAULT NULL COMMENT '里程',
  `txtVin` varchar(20) COLLATE utf8_bin DEFAULT NULL COMMENT 'VIN',
  `txtFaDongJiHao` varchar(20) COLLATE utf8_bin DEFAULT NULL COMMENT '发动机号',
  `txtChangJiaPinPai` varchar(20) COLLATE utf8_bin DEFAULT NULL COMMENT '厂家品牌',
  `txtCheXiName` varchar(20) COLLATE utf8_bin DEFAULT NULL COMMENT '车系名称',
  `txtCheXingDaiMa` varchar(30) COLLATE utf8_bin DEFAULT NULL COMMENT '车型代码',
  `txtCustSort` varchar(30) COLLATE utf8_bin DEFAULT NULL COMMENT '客户类别',
  `txtCheZhuName` varchar(100) COLLATE utf8_bin DEFAULT NULL COMMENT '车主名',
  `txtCheZhuTel` varchar(20) COLLATE utf8_bin DEFAULT NULL COMMENT '车主电话',
  `txtLianXiRenName` varchar(20) COLLATE utf8_bin NOT NULL COMMENT '联系人姓名',
  `txtLianXiRenTel` varchar(20) COLLATE utf8_bin DEFAULT NULL COMMENT '联系人电话',
  `txtLianXiRenAdd` varchar(100) COLLATE utf8_bin DEFAULT NULL COMMENT '联系地址',
  `txtGongDanStatus` varchar(20) COLLATE utf8_bin DEFAULT NULL COMMENT '工单状态',
  `txtJieSuanDate` varchar(20) COLLATE utf8_bin DEFAULT NULL COMMENT '结算时间',
  `txtChuChangDate` varchar(20) COLLATE utf8_bin DEFAULT NULL COMMENT '出厂时间',
  `txtNewLiCheng` int(20) DEFAULT NULL COMMENT '下次保养里程',
  `txtNewRuChangDate` varchar(20) COLLATE utf8_bin DEFAULT NULL COMMENT '下次保养时间',
  `chkFanXiu` varchar(20) COLLATE utf8_bin DEFAULT NULL COMMENT '返修',
  `txtHuiYuanDengJi` varchar(20) COLLATE utf8_bin DEFAULT NULL COMMENT '会员等级',
  `txtGongShiZheKou` float(10,2) DEFAULT '1.00' COMMENT '会员工时折扣',
  `txtCaiLiaoZheKou` float(10,2) DEFAULT '1.00' COMMENT '会员材料折扣',
  `txtCheLiangDengJiRiQi` varchar(20) COLLATE utf8_bin DEFAULT NULL COMMENT '注册登记日',
  `txtCheLiangNianShenDaoQiRi` varchar(20) COLLATE utf8_bin DEFAULT NULL COMMENT '年审到期日',
  `txtCheLiangBaoXianDaoQiRi` varchar(20) COLLATE utf8_bin DEFAULT NULL COMMENT '保险到期日',
  `ddlChengBaoGongSi` varchar(20) COLLATE utf8_bin DEFAULT NULL COMMENT '承保公司',
  `txtGongShiDiYongQuan` float(10,2) DEFAULT NULL COMMENT '维修项目抵用券',
  `txtCaiLiaoDiYongQuan` float(10,2) DEFAULT NULL COMMENT '材料抵用券',
  PRIMARY KEY (`txtGongDanId`),
  KEY `txtGongDanId` (`txtGongDanId`)
) ENGINE=InnoDB DEFAULT CHARSET=utf8 COLLATE=utf8_bin;

-- ----------------------------
-- Records of gongdan
-- ----------------------------
INSERT INTO `gongdan` VALUES ('41bbea19-79a1-4990-ba3a-f84b1d758808', '八路通深圳罗芳店', 'JDD20150213001', '', '2015-02-13', '2015-02-25 15:43:15', '小院', '', '', '', '0fb78631-db87-482d-af90-0d0c0fd6d3fc', 'f3b9d07d-1357-4a23-aca9-c77442682a0a', null, '粤B 78919', '0', '12345678900123456', 'WQE23', '宝马', '宝马3系', 'QWE23', '龙卡', '小明', '12345678900', '小明', '12345678900', '深圳市南山区', '领取物料', null, null, '50000', '2015-02-25', null, '注册会员', '1.00', '1.00', '2015-01-26', '2021-01-25', '2016-02-25', '人保', '0.00', '0.00');

-- ----------------------------
-- Table structure for `gongdanjiance`
-- ----------------------------
DROP TABLE IF EXISTS `gongdanjiance`;
CREATE TABLE `gongdanjiance` (
  `txtjianceGuid` varchar(40) COLLATE utf8_bin NOT NULL,
  `txtGongDanGuid` varchar(40) COLLATE utf8_bin DEFAULT NULL COMMENT '维修单号',
  `txtXuHao` int(11) DEFAULT NULL COMMENT '序号',
  `txtNeiRong` varchar(40) COLLATE utf8_bin DEFAULT NULL COMMENT '检查内容',
  `txtZhuangTai` varchar(40) COLLATE utf8_bin DEFAULT NULL COMMENT '检测状态',
  `txtRemark` varchar(100) COLLATE utf8_bin DEFAULT '' COMMENT '备注',
  PRIMARY KEY (`txtjianceGuid`),
  KEY `txtGongDanGuid` (`txtGongDanGuid`),
  CONSTRAINT `gongdanjiance_ibfk_1` FOREIGN KEY (`txtGongDanGuid`) REFERENCES `gongdan` (`txtGongDanId`)
) ENGINE=InnoDB DEFAULT CHARSET=utf8 COLLATE=utf8_bin;

-- ----------------------------
-- Records of gongdanjiance
-- ----------------------------
INSERT INTO `gongdanjiance` VALUES ('069808dc-fb8b-425c-b789-5ab811c03955', '41bbea19-79a1-4990-ba3a-f84b1d758808', '15', '检查蓄电池', '未检测', null);
INSERT INTO `gongdanjiance` VALUES ('113c16a8-2b56-42fc-a414-911397dc1bc6', '41bbea19-79a1-4990-ba3a-f84b1d758808', '10', '检查发动机附件皮带', '未检测', null);
INSERT INTO `gongdanjiance` VALUES ('11be9ad7-d02d-457a-82a9-2ed36f2ba866', '41bbea19-79a1-4990-ba3a-f84b1d758808', '6', '检查车辆底部', '未检测', null);
INSERT INTO `gongdanjiance` VALUES ('185d4f7e-527d-4a55-989a-0bdfdcd32f6e', '41bbea19-79a1-4990-ba3a-f84b1d758808', '0', '检测发动机控制模块系统', '异常', '');
INSERT INTO `gongdanjiance` VALUES ('1ddbedfa-c6c1-48e2-8322-99a6faff6075', '41bbea19-79a1-4990-ba3a-f84b1d758808', '8', '检查制动系统', '未检测', null);
INSERT INTO `gongdanjiance` VALUES ('25d6505a-a872-4f13-8aa6-2abd5311155e', '41bbea19-79a1-4990-ba3a-f84b1d758808', '1', '检查发动机机油液位', '未检测', null);
INSERT INTO `gongdanjiance` VALUES ('52f5c2ba-5e18-4707-8d63-636d0994a573', '41bbea19-79a1-4990-ba3a-f84b1d758808', '5', '检查刮水器刮片', '正常', '');
INSERT INTO `gongdanjiance` VALUES ('542a1283-ae26-4673-9307-db3c7afb639d', '41bbea19-79a1-4990-ba3a-f84b1d758808', '4', '检查挡风玻璃清洁剂液位', '未检测', null);
INSERT INTO `gongdanjiance` VALUES ('5df45ca7-0a4b-4e30-9853-6b6bb3606488', '41bbea19-79a1-4990-ba3a-f84b1d758808', '14', '检查车轮', '未检测', null);
INSERT INTO `gongdanjiance` VALUES ('5ee6063f-ef1a-4902-9f7c-a514348b23f4', '41bbea19-79a1-4990-ba3a-f84b1d758808', '9', '检查动力转向系统', '未检测', null);
INSERT INTO `gongdanjiance` VALUES ('60e799a7-f183-4075-af1c-c51613ffdd79', '41bbea19-79a1-4990-ba3a-f84b1d758808', '2', '检查发动机冷却系统', '正常', '');
INSERT INTO `gongdanjiance` VALUES ('8d9faa0d-566b-4ac4-bb1d-4e5dd0ee7587', '41bbea19-79a1-4990-ba3a-f84b1d758808', '11', '检查空调系统', '未检测', null);
INSERT INTO `gongdanjiance` VALUES ('b5ac5c77-88c7-4c57-8231-8507c19e5d4d', '41bbea19-79a1-4990-ba3a-f84b1d758808', '7', '检查灯光系统', '未检测', null);
INSERT INTO `gongdanjiance` VALUES ('be34e935-978b-49b4-b807-8acb0ec14806', '41bbea19-79a1-4990-ba3a-f84b1d758808', '12', '检查冷却风扇', '未检测', null);
INSERT INTO `gongdanjiance` VALUES ('c2403961-c6b9-4f8e-a5a9-e5f7e5d54b6b', '41bbea19-79a1-4990-ba3a-f84b1d758808', '13', '检查反光镜、后视镜', '未检测', null);
INSERT INTO `gongdanjiance` VALUES ('ce85a875-76fc-49ca-8ba4-cda8ade2a02f', '41bbea19-79a1-4990-ba3a-f84b1d758808', '3', '检查发动机空气滤芯', '未检测', null);

-- ----------------------------
-- Table structure for `gongdanwuliao`
-- ----------------------------
DROP TABLE IF EXISTS `gongdanwuliao`;
CREATE TABLE `gongdanwuliao` (
  `txtWuLiaoGuid` varchar(40) COLLATE utf8_bin NOT NULL,
  `txtGongDanGuid` varchar(40) COLLATE utf8_bin DEFAULT NULL COMMENT '维修单号',
  `txtWuLiaoCode` varchar(40) COLLATE utf8_bin DEFAULT NULL COMMENT '商品编号',
  `txtWuLiaoName` varchar(40) COLLATE utf8_bin DEFAULT NULL COMMENT '商品名称',
  `txtSuppName` varchar(100) COLLATE utf8_bin DEFAULT '' COMMENT '供应商',
  `txtQty` float(10,2) DEFAULT '1.00' COMMENT '领用数量',
  `txtPrice` float(10,2) DEFAULT NULL COMMENT '单价',
  `ddlSuoSuXiangMu` varchar(100) COLLATE utf8_bin DEFAULT NULL COMMENT '所属维修项目',
  `ddlZhangTao` varchar(20) COLLATE utf8_bin DEFAULT NULL COMMENT '帐套',
  `ddlStatus` varchar(10) COLLATE utf8_bin DEFAULT NULL COMMENT '物料状态',
  `txtRemark` varchar(100) COLLATE utf8_bin DEFAULT NULL COMMENT '备注',
  `txtLaiYuan` varchar(20) COLLATE utf8_bin DEFAULT NULL COMMENT '物料来源',
  `txtLaiYuanGuid` varchar(40) COLLATE utf8_bin DEFAULT NULL COMMENT '物料来源guid',
  PRIMARY KEY (`txtWuLiaoGuid`),
  KEY `txtBillNo` (`txtGongDanGuid`),
  CONSTRAINT `gongdanwuliao_ibfk_1` FOREIGN KEY (`txtGongDanGuid`) REFERENCES `gongdan` (`txtGongDanId`)
) ENGINE=InnoDB DEFAULT CHARSET=utf8 COLLATE=utf8_bin;

-- ----------------------------
-- Records of gongdanwuliao
-- ----------------------------
INSERT INTO `gongdanwuliao` VALUES ('46a3c486-e0cf-480d-bae5-2cf249ff0e0f', '41bbea19-79a1-4990-ba3a-f84b1d758808', 'zxc', 'zxc', '深圳市冠峰汽车滤清器有限公司', '1.00', '0.00', '更换小型车水箱水', '免费', '未出库', '', '库存', 'd9ff9c09-1f62-4b75-8c63-d4ceaffd39bd');
INSERT INTO `gongdanwuliao` VALUES ('8a972dba-d83d-46a5-b8a8-bc5cafbc6a63', '41bbea19-79a1-4990-ba3a-f84b1d758808', 'b', 'b', '深圳市冠峰汽车滤清器有限公司', '1.00', '2.00', '小型车四轮定位', '免费', '已收货', 'aaa', '采购', '8a972dba-d83d-46a5-b8a8-bc5cafbc6a63');
INSERT INTO `gongdanwuliao` VALUES ('c5ef1eb3-5b5a-4743-93de-cd4ba18e79f8', '41bbea19-79a1-4990-ba3a-f84b1d758808', 'eee', 'eee', '深圳市冠峰汽车滤清器有限公司', '1.00', '4.00', '更换小型车水箱水', '免费', '已收货', '', '采购', 'c5ef1eb3-5b5a-4743-93de-cd4ba18e79f8');
INSERT INTO `gongdanwuliao` VALUES ('ca477b3e-0d86-4890-bb12-d867dadb5301', '41bbea19-79a1-4990-ba3a-f84b1d758808', 'd', 'd', '德明士贸易有限公司', '1.00', '0.00', '小型车大保养套餐', '免费', '已出库', '', '库存', '1bb3032b-61a0-4c48-ae9e-480dc55b7cef');

-- ----------------------------
-- Table structure for `gongdanxiangmu`
-- ----------------------------
DROP TABLE IF EXISTS `gongdanxiangmu`;
CREATE TABLE `gongdanxiangmu` (
  `txtWeiXiuXiangMuId` varchar(40) COLLATE utf8_bin NOT NULL COMMENT '工单维修项目唯一标识',
  `txtGongDanGuid` varchar(40) COLLATE utf8_bin NOT NULL COMMENT '维修单号',
  `txtXiangMuCode` varchar(40) COLLATE utf8_bin DEFAULT NULL COMMENT '项目编号',
  `txtXiangMuName` varchar(40) COLLATE utf8_bin DEFAULT NULL COMMENT '项目名称',
  `txtWeiXiuNeiRong` varchar(100) COLLATE utf8_bin DEFAULT NULL COMMENT '维修内容',
  `txtGongDuanName` varchar(40) COLLATE utf8_bin DEFAULT NULL COMMENT '工段',
  `txtFeiYong` float(10,2) DEFAULT NULL COMMENT '费用',
  `ddlSuoSuXiangMu` varchar(40) COLLATE utf8_bin DEFAULT NULL COMMENT '所属项目',
  `ddlZhangTao` varchar(20) COLLATE utf8_bin DEFAULT NULL COMMENT '帐套',
  `txtRemark` varchar(100) COLLATE utf8_bin DEFAULT NULL COMMENT '备注',
  `txtBanZu` varchar(20) COLLATE utf8_bin DEFAULT NULL COMMENT '维修班组',
  `txtZhuXiuRen` varchar(20) COLLATE utf8_bin DEFAULT NULL COMMENT '主修人',
  `txtWanJianStatus` varchar(20) COLLATE utf8_bin DEFAULT NULL COMMENT '完检状态',
  `txtWanJianRen` varchar(40) COLLATE utf8_bin DEFAULT NULL COMMENT '完检人',
  `txtWanJianShiJian` varchar(40) COLLATE utf8_bin DEFAULT NULL COMMENT '完检时间',
  PRIMARY KEY (`txtWeiXiuXiangMuId`),
  KEY `txtBillNo` (`txtGongDanGuid`)
) ENGINE=InnoDB DEFAULT CHARSET=utf8 COLLATE=utf8_bin;

-- ----------------------------
-- Records of gongdanxiangmu
-- ----------------------------
INSERT INTO `gongdanxiangmu` VALUES ('4090ab5d-a14f-4fd8-8550-701f83e15711', '41bbea19-79a1-4990-ba3a-f84b1d758808', '20002001', '小型车四轮定位', '四轮定位', '机电', '200.00', null, '付费', null, '三号班组', '老李', null, null, null);
INSERT INTO `gongdanxiangmu` VALUES ('5324eaf4-2938-415c-b0a0-41959b0a5050', '41bbea19-79a1-4990-ba3a-f84b1d758808', '10001006', '小型车大保养套餐', '改底盘装甲', '保养', '800.00', null, '付费', null, '三号班组', '老李', null, null, null);
INSERT INTO `gongdanxiangmu` VALUES ('6c4b3b8a-6d03-4b9c-bad4-4d80dbbe0654', '41bbea19-79a1-4990-ba3a-f84b1d758808', '10001005', '更换小型车水箱水', '一般维修', '保养', '150.00', null, '付费', null, '二号班组', '老杨', null, null, null);

-- ----------------------------
-- Table structure for `groups`
-- ----------------------------
DROP TABLE IF EXISTS `groups`;
CREATE TABLE `groups` (
  `groupId` varchar(40) COLLATE utf8_bin NOT NULL COMMENT '分组ID',
  `groupName` varchar(40) COLLATE utf8_bin NOT NULL COMMENT '组名称',
  `groupDesc` varchar(100) COLLATE utf8_bin NOT NULL COMMENT '组描述',
  PRIMARY KEY (`groupId`)
) ENGINE=InnoDB DEFAULT CHARSET=utf8 COLLATE=utf8_bin;

-- ----------------------------
-- Records of groups
-- ----------------------------
INSERT INTO `groups` VALUES ('1', 'reception', '接待员');
INSERT INTO `groups` VALUES ('2', 'saleAftereManager', '售后经理');
INSERT INTO `groups` VALUES ('3', 'partsManager', '物料经理');

-- ----------------------------
-- Table structure for `group_privilege`
-- ----------------------------
DROP TABLE IF EXISTS `group_privilege`;
CREATE TABLE `group_privilege` (
  `groupId` varchar(40) COLLATE utf8_bin NOT NULL COMMENT '分组ID',
  `privilegeId` varchar(40) COLLATE utf8_bin NOT NULL COMMENT '权限ID',
  PRIMARY KEY (`groupId`,`privilegeId`),
  KEY `privilegeId` (`privilegeId`),
  CONSTRAINT `group_privilege_ibfk_1` FOREIGN KEY (`groupId`) REFERENCES `groups` (`groupId`),
  CONSTRAINT `group_privilege_ibfk_2` FOREIGN KEY (`privilegeId`) REFERENCES `privileges` (`privilegeId`)
) ENGINE=InnoDB DEFAULT CHARSET=utf8 COLLATE=utf8_bin;

-- ----------------------------
-- Records of group_privilege
-- ----------------------------
INSERT INTO `group_privilege` VALUES ('1', '1');
INSERT INTO `group_privilege` VALUES ('2', '1');
INSERT INTO `group_privilege` VALUES ('1', '2');
INSERT INTO `group_privilege` VALUES ('2', '2');
INSERT INTO `group_privilege` VALUES ('1', '3');
INSERT INTO `group_privilege` VALUES ('2', '3');
INSERT INTO `group_privilege` VALUES ('1', '4');
INSERT INTO `group_privilege` VALUES ('2', '4');
INSERT INTO `group_privilege` VALUES ('3', '5');
INSERT INTO `group_privilege` VALUES ('3', '6');
INSERT INTO `group_privilege` VALUES ('3', '7');

-- ----------------------------
-- Table structure for `jigou`
-- ----------------------------
DROP TABLE IF EXISTS `jigou`;
CREATE TABLE `jigou` (
  `jigouGuid` varchar(40) NOT NULL COMMENT '机构guid',
  `jigouCode` varchar(10) NOT NULL COMMENT '机构代码',
  `jigouName` varchar(50) NOT NULL COMMENT '机构名称',
  `jigouLogo` varchar(20) DEFAULT NULL COMMENT '机构LOGO',
  `jigouAddr` varchar(100) DEFAULT NULL COMMENT '机构地址',
  `jigouDesc` text COMMENT '机构描述',
  `jigouTel` varchar(20) NOT NULL COMMENT '机构电话',
  `jigouFax` varchar(20) DEFAULT NULL COMMENT '机构传真',
  PRIMARY KEY (`jigouGuid`)
) ENGINE=InnoDB DEFAULT CHARSET=utf8;

-- ----------------------------
-- Records of jigou
-- ----------------------------
INSERT INTO `jigou` VALUES ('b7b8787b-ee3d-480f-98b7-084481a8010a', '007', '八路通深圳钟屋店', null, '★导航标记：明天西部酒店', '八路通深圳钟屋店成立于2014年,维修师傅曾就职比亚迪、上海大众、丰田、奥迪、宝马捷豹4S店。熟悉德系、日系、韩系等常用车型。 美容师傅有五年以上工作经验，擅长镀晶、打蜡、贴膜等项目。\r\n', '18822807738', '');
INSERT INTO `jigou` VALUES ('b7b8787b-ee3d-480f-98b7-084481a8010d', '001', '八路通深圳西乡店', 'shop1.png', '深圳市宝安五十区宝安大道开屏路1-3号', '八路通深圳西乡店成立于2008年，维修师傅曾就职上海大众、奔驰、别克4S店。熟悉德系、日系、韩系等常用车型。 美容师傅有五年以上工作经验，擅长镀晶、打蜡、贴膜等项目。', '13538046066', '');
INSERT INTO `jigou` VALUES ('b7b8787b-ee3d-480f-98b7-084481a8010e', '002', '八路通深圳红岭店', null, '深圳市福田区红岭北路3001号先科大院3栋108号（泥岗西路与红岭北路交界处）', '八路通深圳红岭店成立于2004年，维修师傅曾就职本田、丰田、奥迪、奔驰大兴4S店。熟悉欧洲系及国产车系列常用车型。\r\n', '13392809689', '');
INSERT INTO `jigou` VALUES ('b7b8787b-ee3d-480f-98b7-084481a8010f', '003', '八路通深圳横岗店', 'shop3.png', '深圳市龙岗区龙岗大道转入荷康路200米（导航荷坳地铁站B出口)', '八路通深圳横岗店成立于2014年，维修师傅曾就职一汽大众、马自达、奔驰、宝马、奥迪、路虎、保时捷4S店。熟悉德系、日系、韩系等常用车型。美容师傅有10年以上的工作经验，擅长镀金、打蜡、贴膜等项目。\r\n', '13510171260', '');
INSERT INTO `jigou` VALUES ('b7b8787b-ee3d-480f-98b7-084481a8010g', '004', '八路通深圳罗芳店', 'shop4.png', '深圳市罗湖区罗芳路91号二楼', '八路通深圳罗芳店成立于1998年,维修师傅曾就职奔驰、宝马、奥迪、4S店。熟悉德系、日系、韩系等常用车型。', '13510020009', '');
INSERT INTO `jigou` VALUES ('b7b8787b-ee3d-480f-98b7-084481a8010h', '005', '八路通深圳新洲店', 'shop5.png', '深圳市福田区下梅林梅华路217号嘉梅小区1号商铺', '八路通深圳新洲店成立于2014年,维修师傅曾就职比亚迪、上海大众、丰田、奥迪、宝马捷豹4S店。熟悉德系、日系、韩系等常用车型。 美容师傅有五年以上工作经验，擅长镀晶、打蜡、贴膜等项目。\r\n ', '18038033335', '');
INSERT INTO `jigou` VALUES ('b7b8787b-ee3d-480f-98b7-084481a8010i', '006', '八路通深圳龙岗店', null, '深圳市龙岗区南通道爱南路353号（永茂行汽车服务有限公司隔壁）', '八路通深圳龙岗店成立于2014年,维修师傅曾就职风行、荣威、丰田4S店。熟悉德系、日系、韩系等常用车型。 \r\n', '15012936204', '');

-- ----------------------------
-- Table structure for `kucun`
-- ----------------------------
DROP TABLE IF EXISTS `kucun`;
CREATE TABLE `kucun` (
  `txtKuCunGuid` varchar(40) COLLATE utf8_bin NOT NULL COMMENT '库存guid',
  `txtWuLiaoGuid` varchar(40) COLLATE utf8_bin DEFAULT '' COMMENT '物料guid',
  `txtWuLiaoCode` varchar(40) COLLATE utf8_bin DEFAULT NULL COMMENT '物料编码',
  `txtWuLiaoName` varchar(100) COLLATE utf8_bin DEFAULT NULL COMMENT '名称及规格',
  `txtQty` int(11) DEFAULT NULL COMMENT '数量',
  `txtChengBenJia` float(10,4) DEFAULT NULL COMMENT '成本价格',
  `txtSuppName` varchar(100) COLLATE utf8_bin DEFAULT '' COMMENT '供应商名字',
  `txtSalePrice` float(10,4) DEFAULT NULL COMMENT '销售价格',
  `ddlCangKu` varchar(100) COLLATE utf8_bin DEFAULT NULL COMMENT '所属仓库',
  `ddlStatus` varchar(20) COLLATE utf8_bin DEFAULT NULL COMMENT '状态',
  `txtRemark` varchar(100) COLLATE utf8_bin DEFAULT NULL COMMENT '备注',
  PRIMARY KEY (`txtKuCunGuid`)
) ENGINE=InnoDB DEFAULT CHARSET=utf8 COLLATE=utf8_bin;

-- ----------------------------
-- Records of kucun
-- ----------------------------
INSERT INTO `kucun` VALUES ('1bb3032b-61a0-4c48-ae9e-480dc55b7cef', 'ca477b3e-0d86-4890-bb12-d867dadb5301', 'd', 'd', '11', '11.0000', '德明士贸易有限公司', '0.0000', null, null, null);
INSERT INTO `kucun` VALUES ('5a85612d-996c-45a5-8329-a4f96d1797db', 'bd8f2d3c-2c1e-4f03-b22e-836f49239924', 'e', 'e', '1', '2.0000', '德明士贸易有限公司', '0.0000', null, null, null);
INSERT INTO `kucun` VALUES ('d9ff9c09-1f62-4b75-8c63-d4ceaffd39bd', 'c7591edb-f86f-4ca3-96a4-c50b3bac9ac5', 'zxc', 'zxc', '4', '4.0000', '深圳市冠峰汽车滤清器有限公司', '0.0000', null, null, null);
INSERT INTO `kucun` VALUES ('ea43caf0-1219-44e0-81c8-9682ac91bd09', '17e93242-7cd9-4f08-a5af-3ad3a30b5e0d', 'f', 'f', '55', '55.0000', '德明士贸易有限公司', '0.0000', null, null, null);

-- ----------------------------
-- Table structure for `kucunoperlog`
-- ----------------------------
DROP TABLE IF EXISTS `kucunoperlog`;
CREATE TABLE `kucunoperlog` (
  `txtLogGuid` varchar(40) COLLATE utf8_bin NOT NULL COMMENT '操作日志guid',
  `txtKuCunGuid` varchar(40) COLLATE utf8_bin DEFAULT NULL COMMENT '库存guid',
  `txtWuLiaoGuid` varchar(40) COLLATE utf8_bin DEFAULT '' COMMENT '物料guid',
  `txtWuLiaoCode` varchar(40) COLLATE utf8_bin DEFAULT NULL COMMENT '物料编码',
  `txtWuLiaoName` varchar(40) COLLATE utf8_bin DEFAULT NULL COMMENT '物料名称',
  `txtQty` int(11) DEFAULT NULL COMMENT '数量',
  `txtChengBenJia` float(10,2) DEFAULT NULL COMMENT '成本价格',
  `ddlCangKu` varchar(40) COLLATE utf8_bin DEFAULT NULL COMMENT '所属仓库',
  `txtSuppName` varchar(100) COLLATE utf8_bin DEFAULT NULL COMMENT '供应商',
  `txtSalePrice` float(10,2) DEFAULT NULL COMMENT '销售价格',
  `txtBillGuid` varchar(40) COLLATE utf8_bin DEFAULT NULL COMMENT '业务单号',
  `txtBillSort` varchar(40) COLLATE utf8_bin DEFAULT NULL COMMENT '业务类别',
  `txtLogDate` varchar(40) COLLATE utf8_bin DEFAULT NULL COMMENT '操作时间',
  PRIMARY KEY (`txtLogGuid`),
  KEY `txtWuLiaoGuid` (`txtWuLiaoGuid`),
  KEY `txtKuCunGuid` (`txtKuCunGuid`),
  CONSTRAINT `kucunoperlog_ibfk_1` FOREIGN KEY (`txtKuCunGuid`) REFERENCES `kucun` (`txtKuCunGuid`)
) ENGINE=InnoDB DEFAULT CHARSET=utf8 COLLATE=utf8_bin;

-- ----------------------------
-- Records of kucunoperlog
-- ----------------------------
INSERT INTO `kucunoperlog` VALUES ('4b878ba4-e1a5-4ad1-af71-9a9f275e7b02', null, '46a3c486-e0cf-480d-bae5-2cf249ff0e0f', 'zxc', 'zxc', '1', '0.00', null, '深圳市冠峰汽车滤清器有限公司', '0.00', '41bbea19-79a1-4990-ba3a-f84b1d758808', '维修出库', '2015-02-13 17:05:54');
INSERT INTO `kucunoperlog` VALUES ('5b318fd6-447d-49f3-997d-45de3136a74b', null, '17e93242-7cd9-4f08-a5af-3ad3a30b5e0d', 'f', 'f', '55', '55.00', null, '德明士贸易有限公司', '0.00', 'RCCG20150213002', '日常采购', '2015-02-13 16:16:39');
INSERT INTO `kucunoperlog` VALUES ('9f5c886e-b534-454c-a387-b1279062d319', null, 'ca477b3e-0d86-4890-bb12-d867dadb5301', 'd', 'd', '1', '0.00', null, '德明士贸易有限公司', '0.00', '41bbea19-79a1-4990-ba3a-f84b1d758808', '维修出库', '2015-02-13 16:51:03');
INSERT INTO `kucunoperlog` VALUES ('a73bf06d-2938-468f-ab7f-36241322a536', null, 'c7591edb-f86f-4ca3-96a4-c50b3bac9ac5', 'zxc', 'zxc', '4', '4.00', null, '深圳市冠峰汽车滤清器有限公司', '0.00', 'RCCG20150213003', '日常采购', '2015-02-13 16:27:54');
INSERT INTO `kucunoperlog` VALUES ('bc4ce05a-4b70-455d-8312-ddfd064c761b', null, 'ca477b3e-0d86-4890-bb12-d867dadb5301', 'd', 'd', '11', '11.00', null, '德明士贸易有限公司', '0.00', 'RCCG20150213002', '日常采购', '2015-02-13 16:16:39');
INSERT INTO `kucunoperlog` VALUES ('fe948664-f105-4da3-8a08-f399d026fb1d', null, 'bd8f2d3c-2c1e-4f03-b22e-836f49239924', 'e', 'e', '1', '2.00', null, '德明士贸易有限公司', '0.00', 'RCCG20150213002', '日常采购', '2015-02-13 16:16:39');

-- ----------------------------
-- Table structure for `maill`
-- ----------------------------
DROP TABLE IF EXISTS `maill`;
CREATE TABLE `maill` (
  `maillId` varchar(40) COLLATE utf8_bin NOT NULL,
  `senderId` varchar(40) COLLATE utf8_bin NOT NULL COMMENT '发送人ID',
  `senderName` varchar(40) COLLATE utf8_bin NOT NULL COMMENT '发送人姓名',
  `hidToUserId` varchar(40) COLLATE utf8_bin DEFAULT NULL COMMENT '主送人ID',
  `hidCCUserId` varchar(40) COLLATE utf8_bin DEFAULT NULL COMMENT '抄送人ID',
  `hidToUserName` varchar(40) COLLATE utf8_bin DEFAULT NULL COMMENT '主送人姓名',
  `hidCCUserName` varchar(40) COLLATE utf8_bin DEFAULT NULL COMMENT '抄送人姓名',
  `txtRemarks` varchar(40) COLLATE utf8_bin NOT NULL COMMENT '内容',
  `txtSendDate` date DEFAULT NULL COMMENT '发送时间',
  `txtReadDate` date DEFAULT NULL COMMENT '阅读时间',
  PRIMARY KEY (`maillId`)
) ENGINE=InnoDB DEFAULT CHARSET=utf8 COLLATE=utf8_bin;

-- ----------------------------
-- Records of maill
-- ----------------------------
INSERT INTO `maill` VALUES ('064a8cbd-6bb6-4a29-b7f5-dfd07c303ddf', '3', '小邓', '1', '2', '小院', '小乐', '789078', '2015-01-30', '2015-01-30');
INSERT INTO `maill` VALUES ('1cf9e9cf-f17c-4c5e-b1b2-ca8c6693a619', '2', '小乐', '', '5c519165-4f57-4edc-b05f-80bbe40d7df0', '', '陈浩', '啊啊啊啊啊啊', '2015-02-02', null);
INSERT INTO `maill` VALUES ('22a32b2b-f307-4d08-8c42-3633bd00b85d', '2', '小乐', '', 'fdb8cb6c-cbfa-40fe-a9c8-faba52bb3c5a', '', '肖高平', '啊啊啊啊啊啊', '2015-02-02', null);
INSERT INTO `maill` VALUES ('234d8169-ad83-4ecc-9683-9fbb883743aa', '2', '小乐', '1', '', '小院', '', '你好', '2015-01-31', '2015-02-06');
INSERT INTO `maill` VALUES ('26104d8b-387d-4704-ba08-5606e8f012c8', '1', '小院', '', '92c36efe-f2b0-4f11-962d-7134058b8179', '', '冷勇强', '你们好', '2015-01-29', null);
INSERT INTO `maill` VALUES ('31831ae4-339d-4d65-9206-cd2b1de941a6', '1', '小院', '', 'fdb8cb6c-cbfa-40fe-a9c8-faba52bb3c5a', '', '肖高平', '你们好', '2015-01-29', null);
INSERT INTO `maill` VALUES ('35773dae-3f8c-4bbb-8929-ef4d0176fb3d', '2', '小乐', '3', '', '小邓', '', '你好', '2015-01-31', '2015-01-31');
INSERT INTO `maill` VALUES ('3d1c266b-cf6a-4017-b79e-168cf6c35054', '1', '小院', '2', 'bd69461a-f527-4c6d-be54-f1c54a6cfdc6', '小乐', '周艳', 'sssssssssssssss', '2015-02-05', '2015-02-06');
INSERT INTO `maill` VALUES ('5dcbfaf4-5ae7-45e6-8092-762da3c5f39a', '1', '小院', '', 'c7ce4da6-7a20-4858-9626-be3835c58be4', '', '沈总', '你们好', '2015-01-29', null);
INSERT INTO `maill` VALUES ('5eb3742f-ab60-46ed-80f6-997a2f3954bc', '2', '小乐', '', 'bd69461a-f527-4c6d-be54-f1c54a6cfdc6', '', '周艳', '啊啊啊啊啊啊', '2015-02-02', null);
INSERT INTO `maill` VALUES ('702bcf8b-4d56-4391-9ca4-866b9140e42d', '1', '小院', '', 'bd69461a-f527-4c6d-be54-f1c54a6cfdc6', '', '周艳', '你们好', '2015-01-29', null);
INSERT INTO `maill` VALUES ('71f1c6fa-98a6-4103-86da-b43ded65490b', '3', '小邓', '1', '2', '小院', '小乐', 'test', '2015-02-02', '2015-02-06');
INSERT INTO `maill` VALUES ('74b0eeaa-cf15-4229-b68c-4d377d4c95bd', '2', '小乐', '1', '', '小院', '', '你们好', '2015-01-29', '2015-01-29');
INSERT INTO `maill` VALUES ('76732c44-158d-4482-9d37-41affd1061a6', '2', '小乐', '3', '', '小邓', '', '你好啊', '2015-01-30', '2015-01-30');
INSERT INTO `maill` VALUES ('8fd78939-a6a8-4c07-96d1-927249a4f609', '3', '小邓', '1', '', '小院', '', '好好好', '2015-02-02', '2015-02-06');
INSERT INTO `maill` VALUES ('94c951d9-728d-4dcc-b17c-b6ef1a949f24', '2', '小乐', '3', '41a53bd3-b6e8-477a-96e3-c5755139a3d7', '小邓', '彭世明', '啊啊啊啊啊啊', '2015-02-02', '2015-02-02');
INSERT INTO `maill` VALUES ('964ee8cf-afcb-4dea-9273-fbadf27fceae', '2', '小乐', '1', '22897e49-c92e-4c20-b8a6-da676bc2851b', '小院', '邹新现', '啊啊啊啊啊啊', '2015-02-02', '2015-02-06');
INSERT INTO `maill` VALUES ('ac7df999-bfe6-49ce-bef6-b964446875fb', '2', '小乐', '', 'c7ce4da6-7a20-4858-9626-be3835c58be4', '', '沈总', '啊啊啊啊啊啊', '2015-02-02', null);
INSERT INTO `maill` VALUES ('c0a16195-06b6-4342-aba0-83cbdb0b0327', '1', '小院', '3', 'c7ce4da6-7a20-4858-9626-be3835c58be4', '小邓', '沈总', 'sssssssssssssss', '2015-02-05', '2015-02-10');
INSERT INTO `maill` VALUES ('c9a6000b-1f5c-4409-90fd-a95f2b44d3c5', '1', '小院', '', '5c519165-4f57-4edc-b05f-80bbe40d7df0', '', '陈浩', '你们好', '2015-01-29', null);
INSERT INTO `maill` VALUES ('cbb95b1b-3a16-4818-8180-262e62507b57', '3', '小邓', '2', '', '小乐', '', '好好好', '2015-02-02', null);
INSERT INTO `maill` VALUES ('d47bd9c2-f834-4a77-95da-a60c385f3dee', '2', '小乐', '3', '', '小邓', '', '你好', '2015-01-31', '2015-01-31');
INSERT INTO `maill` VALUES ('dd791d80-6fe6-42d4-9f88-c2849f36dd7e', '2', '小乐', '', '92c36efe-f2b0-4f11-962d-7134058b8179', '', '冷勇强', '啊啊啊啊啊啊', '2015-02-02', null);
INSERT INTO `maill` VALUES ('efd81a69-f845-4c69-9b7a-520dc3d67f77', '1', '小院', '3', '41a53bd3-b6e8-477a-96e3-c5755139a3d7', '小邓', '彭世明', '你们好', '2015-01-29', '2015-01-30');

-- ----------------------------
-- Table structure for `privileges`
-- ----------------------------
DROP TABLE IF EXISTS `privileges`;
CREATE TABLE `privileges` (
  `privilegeId` varchar(40) COLLATE utf8_bin NOT NULL COMMENT '权限ID',
  `privilegeName` varchar(40) COLLATE utf8_bin NOT NULL COMMENT '权限名称',
  `privilegeDesc` varchar(100) COLLATE utf8_bin NOT NULL COMMENT '权限描述',
  PRIMARY KEY (`privilegeId`)
) ENGINE=InnoDB DEFAULT CHARSET=utf8 COLLATE=utf8_bin;

-- ----------------------------
-- Records of privileges
-- ----------------------------
INSERT INTO `privileges` VALUES ('1', 'gongdan_new', '');
INSERT INTO `privileges` VALUES ('2', 'gongdan_xiangmu_add', '');
INSERT INTO `privileges` VALUES ('3', 'gongdan_xiangmu_delete', '');
INSERT INTO `privileges` VALUES ('4', 'gongdan_xiangmu_update', '');
INSERT INTO `privileges` VALUES ('5', 'gongdan_wuliao_add', '');
INSERT INTO `privileges` VALUES ('6', 'gongdan_wuliao_delete', '');
INSERT INTO `privileges` VALUES ('7', 'gongdan_wuliao_update', '');

-- ----------------------------
-- Table structure for `rukudan`
-- ----------------------------
DROP TABLE IF EXISTS `rukudan`;
CREATE TABLE `rukudan` (
  `txtGuid` varchar(40) COLLATE utf8_bin NOT NULL COMMENT 'guid',
  `ddlDianPu` varchar(100) COLLATE utf8_bin DEFAULT NULL COMMENT '所属店铺',
  `txtBillNo` varchar(40) COLLATE utf8_bin DEFAULT NULL COMMENT '单号',
  `txtRuKuDate` varchar(40) COLLATE utf8_bin DEFAULT NULL COMMENT '入库日期',
  `txtSuppName` varchar(40) COLLATE utf8_bin DEFAULT NULL COMMENT '供应商名称',
  `txtJingShouRen` varchar(40) COLLATE utf8_bin DEFAULT NULL COMMENT '经手人',
  `ddlRuKuSort` varchar(40) COLLATE utf8_bin DEFAULT NULL COMMENT '出入标志',
  `txtRemarks` varchar(100) COLLATE utf8_bin DEFAULT NULL COMMENT '单据备注',
  `txtStatus` varchar(40) COLLATE utf8_bin DEFAULT '' COMMENT '审核状态',
  `txtShenHeRen` varchar(40) COLLATE utf8_bin DEFAULT NULL COMMENT '审核人',
  `txtShenHeShiJian` varchar(40) COLLATE utf8_bin DEFAULT NULL COMMENT '审核时间',
  PRIMARY KEY (`txtGuid`),
  KEY `txtBillNo` (`txtBillNo`)
) ENGINE=InnoDB DEFAULT CHARSET=utf8 COLLATE=utf8_bin;

-- ----------------------------
-- Records of rukudan
-- ----------------------------
INSERT INTO `rukudan` VALUES ('26f50ad3-3fe2-4ed5-a660-ae87759d37ea', '八路通深圳罗芳店', 'LSCG20150213005', '2015-02-13', '深圳市冠峰汽车滤清器有限公司', '小院', '临时采购', '', '审核完毕', '小院', '2015-02-13');
INSERT INTO `rukudan` VALUES ('41b9dd2e-171a-4542-98ac-9c1bd7ed2e87', '八路通深圳罗芳店', 'RCCG20150213003', '2015-02-13', '深圳市冠峰汽车滤清器有限公司', '小院', '日常采购', '', '审核完毕', '小院', '2015-02-13');
INSERT INTO `rukudan` VALUES ('ac16f147-4a6f-4635-8273-efaa403b4ede', '八路通深圳罗芳店', 'LSCG20150213004', '2015-02-13', '一汽丰田', '小院', '临时采购', '', '审核完毕', '小院', '2015-02-13');
INSERT INTO `rukudan` VALUES ('c0e907f4-5d57-4f98-9143-c769826df3b5', '八路通深圳罗芳店', 'LSCG20150213001', '2015-02-13', '深圳市冠峰汽车滤清器有限公司', '小院', '临时采购', '', '审核完毕', '小院', '2015-02-13');
INSERT INTO `rukudan` VALUES ('c246a31d-8f5b-4437-b2f3-18fa08fdb1a2', '八路通深圳罗芳店', 'RCCG20150213002', '2015-02-13', '德明士贸易有限公司', '小院', '日常采购', '', '审核完毕', '小院', '2015-02-13');

-- ----------------------------
-- Table structure for `rukudanwuliao`
-- ----------------------------
DROP TABLE IF EXISTS `rukudanwuliao`;
CREATE TABLE `rukudanwuliao` (
  `txtWuLiaoGuid` varchar(40) COLLATE utf8_bin NOT NULL DEFAULT '' COMMENT '入库单物料guid',
  `txtRuKuDanGuid` varchar(40) COLLATE utf8_bin DEFAULT NULL COMMENT '入库单guid',
  `txtWuLiaoCode` varchar(40) COLLATE utf8_bin DEFAULT NULL COMMENT '物料编码',
  `txtWuLiaoName` varchar(40) COLLATE utf8_bin DEFAULT NULL COMMENT '物料名称',
  `txtQty` int(11) DEFAULT '1' COMMENT '数量',
  `txtPrice` float(10,2) DEFAULT NULL COMMENT '价格',
  `ddlStatus` varchar(20) COLLATE utf8_bin DEFAULT NULL COMMENT '物料状态',
  PRIMARY KEY (`txtWuLiaoGuid`),
  KEY `txtRuKuDanGuid` (`txtRuKuDanGuid`),
  CONSTRAINT `rukudanwuliao_ibfk_1` FOREIGN KEY (`txtRuKuDanGuid`) REFERENCES `rukudan` (`txtGuid`)
) ENGINE=InnoDB DEFAULT CHARSET=utf8 COLLATE=utf8_bin;

-- ----------------------------
-- Records of rukudanwuliao
-- ----------------------------
INSERT INTO `rukudanwuliao` VALUES ('17e93242-7cd9-4f08-a5af-3ad3a30b5e0d', 'c246a31d-8f5b-4437-b2f3-18fa08fdb1a2', 'f', 'f', '55', '55.00', null);
INSERT INTO `rukudanwuliao` VALUES ('8a972dba-d83d-46a5-b8a8-bc5cafbc6a63', 'c0e907f4-5d57-4f98-9143-c769826df3b5', 'b', 'b', '2', '2.00', '已收货');
INSERT INTO `rukudanwuliao` VALUES ('ad5f6897-2a21-43a3-a072-2050a42a0ad3', 'c0e907f4-5d57-4f98-9143-c769826df3b5', 'c', 'c', '3', '3.00', '已下单');
INSERT INTO `rukudanwuliao` VALUES ('b6211844-730b-4e3a-ba9f-681a7746d074', 'c0e907f4-5d57-4f98-9143-c769826df3b5', 'a', 'a', '1', '1.00', '已下单');
INSERT INTO `rukudanwuliao` VALUES ('bd8f2d3c-2c1e-4f03-b22e-836f49239924', 'c246a31d-8f5b-4437-b2f3-18fa08fdb1a2', 'e', 'e', '1', '2.00', null);
INSERT INTO `rukudanwuliao` VALUES ('c5ef1eb3-5b5a-4743-93de-cd4ba18e79f8', '26f50ad3-3fe2-4ed5-a660-ae87759d37ea', 'eee', 'eee', '4', '4.00', '已收货');
INSERT INTO `rukudanwuliao` VALUES ('c7591edb-f86f-4ca3-96a4-c50b3bac9ac5', '41b9dd2e-171a-4542-98ac-9c1bd7ed2e87', 'zxc', 'zxc', '4', '4.00', null);
INSERT INTO `rukudanwuliao` VALUES ('ca477b3e-0d86-4890-bb12-d867dadb5301', 'c246a31d-8f5b-4437-b2f3-18fa08fdb1a2', 'd', 'd', '11', '11.00', null);
INSERT INTO `rukudanwuliao` VALUES ('f8a7db6d-2768-4486-99ce-02a1f095cfe1', 'ac16f147-4a6f-4635-8273-efaa403b4ede', 'qqq', 'qqq', '3', '3.00', '已下单');

-- ----------------------------
-- Table structure for `serviceitem`
-- ----------------------------
DROP TABLE IF EXISTS `serviceitem`;
CREATE TABLE `serviceitem` (
  `id` int(11) NOT NULL AUTO_INCREMENT,
  `itemCode` varchar(10) NOT NULL,
  `itemName` varchar(50) NOT NULL,
  `itemDesc` varchar(100) DEFAULT '',
  PRIMARY KEY (`id`)
) ENGINE=InnoDB AUTO_INCREMENT=15 DEFAULT CHARSET=utf8;

-- ----------------------------
-- Records of serviceitem
-- ----------------------------
INSERT INTO `serviceitem` VALUES ('1', '001001', '普洗', '水枪冲洗，去污');
INSERT INTO `serviceitem` VALUES ('2', '001002', '精洗', '专用车辆清洗液，不损伤车漆可保持车辆漆面的光洁度');
INSERT INTO `serviceitem` VALUES ('3', '001', '洗车美容', '');
INSERT INTO `serviceitem` VALUES ('4', '002', '机电维修', '');
INSERT INTO `serviceitem` VALUES ('8', '003', '钣金喷漆', '');
INSERT INTO `serviceitem` VALUES ('9', '007', '理赔', '');
INSERT INTO `serviceitem` VALUES ('10', '008', '新车销售', '');
INSERT INTO `serviceitem` VALUES ('12', '004', '代办年审', '');
INSERT INTO `serviceitem` VALUES ('13', '005', '二手车买卖', '');
INSERT INTO `serviceitem` VALUES ('14', '006', '保险销售', '');

-- ----------------------------
-- Table structure for `shopserviceitem`
-- ----------------------------
DROP TABLE IF EXISTS `shopserviceitem`;
CREATE TABLE `shopserviceitem` (
  `id` int(11) NOT NULL AUTO_INCREMENT,
  `jigouCode` varchar(10) NOT NULL,
  `serviceItemCode` varchar(10) NOT NULL,
  PRIMARY KEY (`id`)
) ENGINE=InnoDB AUTO_INCREMENT=82 DEFAULT CHARSET=utf8;

-- ----------------------------
-- Records of shopserviceitem
-- ----------------------------
INSERT INTO `shopserviceitem` VALUES ('2', '001', '001');
INSERT INTO `shopserviceitem` VALUES ('3', '001', '002');
INSERT INTO `shopserviceitem` VALUES ('5', '001', '004');
INSERT INTO `shopserviceitem` VALUES ('6', '001', '005');
INSERT INTO `shopserviceitem` VALUES ('11', '001', '006');
INSERT INTO `shopserviceitem` VALUES ('12', '002', '001');
INSERT INTO `shopserviceitem` VALUES ('13', '002', '002');
INSERT INTO `shopserviceitem` VALUES ('14', '002', '003');
INSERT INTO `shopserviceitem` VALUES ('15', '002', '004');
INSERT INTO `shopserviceitem` VALUES ('16', '002', '005');
INSERT INTO `shopserviceitem` VALUES ('17', '002', '006');
INSERT INTO `shopserviceitem` VALUES ('18', '002', '007');
INSERT INTO `shopserviceitem` VALUES ('19', '001', '007');
INSERT INTO `shopserviceitem` VALUES ('25', '004', '003');
INSERT INTO `shopserviceitem` VALUES ('32', '005', '003');
INSERT INTO `shopserviceitem` VALUES ('39', '006', '003');
INSERT INTO `shopserviceitem` VALUES ('43', '006', '004');
INSERT INTO `shopserviceitem` VALUES ('44', '006', '005');
INSERT INTO `shopserviceitem` VALUES ('45', '006', '006');
INSERT INTO `shopserviceitem` VALUES ('46', '003', '002');
INSERT INTO `shopserviceitem` VALUES ('47', '003', '003');
INSERT INTO `shopserviceitem` VALUES ('48', '003', '004');
INSERT INTO `shopserviceitem` VALUES ('49', '003', '005');
INSERT INTO `shopserviceitem` VALUES ('50', '003', '006');
INSERT INTO `shopserviceitem` VALUES ('51', '003', '007');
INSERT INTO `shopserviceitem` VALUES ('52', '003', '001');
INSERT INTO `shopserviceitem` VALUES ('53', '004', '003');
INSERT INTO `shopserviceitem` VALUES ('54', '004', '004');
INSERT INTO `shopserviceitem` VALUES ('55', '004', '005');
INSERT INTO `shopserviceitem` VALUES ('56', '004', '006');
INSERT INTO `shopserviceitem` VALUES ('57', '004', '001');
INSERT INTO `shopserviceitem` VALUES ('58', '004', '002');
INSERT INTO `shopserviceitem` VALUES ('59', '005', '004');
INSERT INTO `shopserviceitem` VALUES ('60', '005', '005');
INSERT INTO `shopserviceitem` VALUES ('61', '005', '006');
INSERT INTO `shopserviceitem` VALUES ('62', '005', '007');
INSERT INTO `shopserviceitem` VALUES ('63', '005', '001');
INSERT INTO `shopserviceitem` VALUES ('64', '006', '005');
INSERT INTO `shopserviceitem` VALUES ('65', '006', '006');
INSERT INTO `shopserviceitem` VALUES ('69', '005', '002');
INSERT INTO `shopserviceitem` VALUES ('70', '006', '001');
INSERT INTO `shopserviceitem` VALUES ('71', '006', '002');
INSERT INTO `shopserviceitem` VALUES ('72', '006', '003');
INSERT INTO `shopserviceitem` VALUES ('73', '006', '004');
INSERT INTO `shopserviceitem` VALUES ('74', '006', '007');
INSERT INTO `shopserviceitem` VALUES ('75', '007', '001');
INSERT INTO `shopserviceitem` VALUES ('76', '007', '002');
INSERT INTO `shopserviceitem` VALUES ('77', '007', '003');
INSERT INTO `shopserviceitem` VALUES ('78', '007', '004');
INSERT INTO `shopserviceitem` VALUES ('79', '007', '005');
INSERT INTO `shopserviceitem` VALUES ('80', '007', '006');
INSERT INTO `shopserviceitem` VALUES ('81', '007', '007');

-- ----------------------------
-- Table structure for `store`
-- ----------------------------
DROP TABLE IF EXISTS `store`;
CREATE TABLE `store` (
  `StoreId` varchar(40) COLLATE utf8_bin NOT NULL DEFAULT '' COMMENT 'ID',
  `txtStoreBianHao` varchar(40) COLLATE utf8_bin NOT NULL DEFAULT '' COMMENT '仓库编号',
  `txtStoreName` varchar(40) COLLATE utf8_bin NOT NULL COMMENT '仓库名称',
  `txtRemarks` varchar(40) COLLATE utf8_bin DEFAULT NULL COMMENT '备注',
  PRIMARY KEY (`StoreId`)
) ENGINE=InnoDB DEFAULT CHARSET=utf8 COLLATE=utf8_bin;

-- ----------------------------
-- Records of store
-- ----------------------------
INSERT INTO `store` VALUES ('037DBA88-C4B0-480F-B488-29E0C9CF8415', '0001', '宝安配件仓库', '');
INSERT INTO `store` VALUES ('03E5A3F8-7F33-48AD-AD18-7429A2D8A1C6', '0002', '福田配件仓库', '');
INSERT INTO `store` VALUES ('0950B268-7C4F-43E4-A1F1-3FD28F72E6A9', '0003', '龙岗配件仓库', '');

-- ----------------------------
-- Table structure for `supplier`
-- ----------------------------
DROP TABLE IF EXISTS `supplier`;
CREATE TABLE `supplier` (
  `txtSuppId` varchar(40) COLLATE utf8_bin NOT NULL COMMENT '供应商Id',
  `txtSuppBianHao` varchar(40) COLLATE utf8_bin NOT NULL COMMENT '供应商编号',
  `txtSuppName` varchar(40) COLLATE utf8_bin NOT NULL COMMENT '供应商名称',
  `txtRemarks` varchar(40) COLLATE utf8_bin NOT NULL COMMENT '备注',
  PRIMARY KEY (`txtSuppId`)
) ENGINE=InnoDB DEFAULT CHARSET=utf8 COLLATE=utf8_bin;

-- ----------------------------
-- Records of supplier
-- ----------------------------
INSERT INTO `supplier` VALUES ('217de046-ccc0-4a4f-bbff-99b94f26d04d', '00001', '德明士贸易有限公司', '');
INSERT INTO `supplier` VALUES ('548000e1-14fd-49e2-9651-9b80c1738b72', '00002', '一汽丰田', '');
INSERT INTO `supplier` VALUES ('e6af546f-adb7-45b7-92d0-5c9632568718', '00003', '深圳市冠峰汽车滤清器有限公司', '');

-- ----------------------------
-- Table structure for `users`
-- ----------------------------
DROP TABLE IF EXISTS `users`;
CREATE TABLE `users` (
  `userId` varchar(40) COLLATE utf8_bin NOT NULL COMMENT '用户id',
  `loginName` varchar(40) COLLATE utf8_bin NOT NULL COMMENT '用户登录名',
  `displayName` varchar(40) COLLATE utf8_bin NOT NULL COMMENT '显示的用户名称',
  `password` varchar(40) COLLATE utf8_bin NOT NULL COMMENT '用户密码',
  `lastLoginTime` timestamp NULL DEFAULT CURRENT_TIMESTAMP ON UPDATE CURRENT_TIMESTAMP COMMENT '上次登录时间',
  `expirydate` varchar(20) COLLATE utf8_bin DEFAULT NULL COMMENT '账号有效期',
  `jigouName` varchar(50) COLLATE utf8_bin DEFAULT NULL COMMENT '机构名称',
  `departName` varchar(50) COLLATE utf8_bin DEFAULT NULL COMMENT '部门名称',
  PRIMARY KEY (`userId`)
) ENGINE=InnoDB DEFAULT CHARSET=utf8 COLLATE=utf8_bin;

-- ----------------------------
-- Records of users
-- ----------------------------
INSERT INTO `users` VALUES ('1', 'yangxy', '小院', 'a', null, '2015-12-23', '八路通深圳罗芳店', 'IT部');
INSERT INTO `users` VALUES ('10', 'dashi', '大师', 'dashi', '2015-02-10 15:39:36', '2015-12-30', '八路通深圳西乡店', 'IT部');
INSERT INTO `users` VALUES ('2', 'leh', '小乐', 'leh', '2015-02-10 15:39:36', '2015-12-30', '总部', 'IT部');
INSERT INTO `users` VALUES ('22897e49-c92e-4c20-b8a6-da676bc2851b', 'zhouxj', '邹新现', '123', '2015-02-10 15:39:36', '2015-12-30', '总部', '业务部');
INSERT INTO `users` VALUES ('3', 'dengsj', '小邓', 'dengsj', '2015-02-11 12:09:01', '2015-12-30', '八路通深圳罗芳店', 'IT部');
INSERT INTO `users` VALUES ('41a53bd3-b6e8-477a-96e3-c5755139a3d7', 'pengsm', '彭世明', '123', '2015-02-10 15:39:36', '2015-12-30', '总部', '业务部');
INSERT INTO `users` VALUES ('47ff59ac-9904-44d3-9cab-7d2509fc97f3', 'xiaom', '小明', '123', '2015-02-10 15:39:36', '2015-12-30', '八路通深圳横岗店', '业务部');
INSERT INTO `users` VALUES ('5c519165-4f57-4edc-b05f-80bbe40d7df0', 'chenh', '陈浩', '123', '2015-02-10 15:39:36', '2015-12-30', '总部', '业务部');
INSERT INTO `users` VALUES ('7bc9942a-63de-4b45-b939-e5d8574951db', 'chengc', '程晨', '123', '2015-02-10 15:39:36', '2015-12-30', '八路通深圳横岗店', '业务部');
INSERT INTO `users` VALUES ('7c1af8e8-7c8a-49ac-9e18-f7a597ced597', 'songtf', '宋腾飞', '123', null, '2015-12-24', '八路通深圳横岗店', '业务部');
INSERT INTO `users` VALUES ('92c36efe-f2b0-4f11-962d-7134058b8179', 'lengyq', '冷勇强', '123', '2015-02-10 15:39:36', '2015-12-30', '总部', '业务部');
INSERT INTO `users` VALUES ('bd69461a-f527-4c6d-be54-f1c54a6cfdc6', 'zhouy', '周艳', '123', '2015-02-10 15:39:36', '2015-12-30', '总部', '业务部');
INSERT INTO `users` VALUES ('c7ce4da6-7a20-4858-9626-be3835c58be4', 'sz', '沈总', '123', '2015-02-10 15:39:36', '2015-12-30', '总部', '业务部');
INSERT INTO `users` VALUES ('fdb8cb6c-cbfa-40fe-a9c8-faba52bb3c5a', 'xiaogp', '肖高平', '123', '2015-02-10 15:39:36', '2015-12-30', '总部', '业务部');

-- ----------------------------
-- Table structure for `user_group`
-- ----------------------------
DROP TABLE IF EXISTS `user_group`;
CREATE TABLE `user_group` (
  `userId` varchar(40) COLLATE utf8_bin NOT NULL COMMENT '用户ID',
  `groupId` varchar(40) COLLATE utf8_bin NOT NULL COMMENT '分组ID',
  PRIMARY KEY (`userId`,`groupId`),
  KEY `groupId` (`groupId`),
  CONSTRAINT `user_group_ibfk_1` FOREIGN KEY (`userId`) REFERENCES `users` (`userId`),
  CONSTRAINT `user_group_ibfk_2` FOREIGN KEY (`groupId`) REFERENCES `groups` (`groupId`)
) ENGINE=InnoDB DEFAULT CHARSET=utf8 COLLATE=utf8_bin;

-- ----------------------------
-- Records of user_group
-- ----------------------------
INSERT INTO `user_group` VALUES ('2', '1');
INSERT INTO `user_group` VALUES ('1', '2');
INSERT INTO `user_group` VALUES ('1', '3');
INSERT INTO `user_group` VALUES ('3', '3');

-- ----------------------------
-- Table structure for `weixiuxiangmu`
-- ----------------------------
DROP TABLE IF EXISTS `weixiuxiangmu`;
CREATE TABLE `weixiuxiangmu` (
  `txtGuid` varchar(40) COLLATE utf8_bin NOT NULL COMMENT '维修项目guid',
  `txtCode` varchar(40) COLLATE utf8_bin DEFAULT '' COMMENT '项目编号',
  `txtName` varchar(40) COLLATE utf8_bin DEFAULT NULL COMMENT '项目名称',
  `txtNeiRong` varchar(100) COLLATE utf8_bin DEFAULT NULL COMMENT '维修内容',
  `txtFeiYong` float(10,2) DEFAULT NULL COMMENT '费用',
  `ddlGongDuan` varchar(40) COLLATE utf8_bin DEFAULT NULL COMMENT '所属工段',
  `ddlDianPu` varchar(100) COLLATE utf8_bin DEFAULT NULL COMMENT '所属店铺',
  `txtRemark` varchar(100) COLLATE utf8_bin DEFAULT NULL COMMENT '备注',
  PRIMARY KEY (`txtGuid`)
) ENGINE=InnoDB DEFAULT CHARSET=utf8 COLLATE=utf8_bin;

-- ----------------------------
-- Records of weixiuxiangmu
-- ----------------------------
INSERT INTO `weixiuxiangmu` VALUES ('030f0f80-db77-4a6b-addb-f2d73f5f279e', '10001000', '更换小型车机油及机油格', '一般维修', '50.00', '保养', '八路通深圳红岭店', '');
INSERT INTO `weixiuxiangmu` VALUES ('0f079414-0896-4447-adea-9cb44222973b', '30003000', '更换制动液', '制动液更换', '200.00', '快修', '八路通深圳新洲店', '');
INSERT INTO `weixiuxiangmu` VALUES ('10', '10001001', '普通小型车保养套餐', '4L统一壳牌润滑油，更换机油及机油格；16项检测，发动机润滑系统清洗；洗车', '330.00', '保养', '八路通深圳西乡店', '');
INSERT INTO `weixiuxiangmu` VALUES ('10e15d79-5d9c-4d74-afa0-eda55179a5ee', '10001003', '普通中型车保养套餐', '4L统一润滑油，更换机油，机油格，16项检测发动机润滑清洗，洗车', '510.00', '保养', '八路通深圳西乡店', '');
INSERT INTO `weixiuxiangmu` VALUES ('11', '10001004', '普通豪华型车保养套餐', '4L金装美孚一号润滑油，更换机油，机油格，16项检测发动机润滑清洗，洗车', '780.00', '保养', '八路通深圳西乡店', '');
INSERT INTO `weixiuxiangmu` VALUES ('2e040b0e-d5ad-41df-a1b6-acc4663ad6d3', '20002003', '豪华车四轮定位', '四轮定位', '400.00', '机电', '八路通深圳西乡店', '');
INSERT INTO `weixiuxiangmu` VALUES ('3', '10001005', '更换小型车水箱水', '一般维修', '150.00', '保养', '八路通深圳罗芳店', '');
INSERT INTO `weixiuxiangmu` VALUES ('3abf8daf-9420-41ba-a0ce-9cc939a61d30', '50005000', '更换刹车片', '换刹车片一副', '200.00', '快修', '八路通深圳龙岗店', '');
INSERT INTO `weixiuxiangmu` VALUES ('3d9ddb76-d39b-484a-9cea-04552066aed2', '10001006', '小型车大保养套餐', '改底盘装甲', '800.00', '保养', '八路通深圳罗芳店', '');
INSERT INTO `weixiuxiangmu` VALUES ('4', '10001007', '中型车大保养套餐', '吊装发动机', '950.00', '保养', '八路通深圳龙岗店', '');
INSERT INTO `weixiuxiangmu` VALUES ('47bc452c-4617-4f76-9c16-e442b5effae2', '20002012', '脚垫清洗', '全车脚垫清洗，甩干', '20.00', '美容', '八路通深圳龙岗店', '');
INSERT INTO `weixiuxiangmu` VALUES ('4a009e75-df2d-4875-888d-e8035e80538a', 'a', 'a', 'a', '1.00', '美容', '八路通深圳罗芳店', '');
INSERT INTO `weixiuxiangmu` VALUES ('5', '10001008', '豪华车大保养套餐', '检修门玻璃升降', '1300.00', '保养', '八路通深圳龙岗店', '');
INSERT INTO `weixiuxiangmu` VALUES ('6', '20002001', '小型车四轮定位', '四轮定位', '200.00', '机电', '八路通深圳罗芳店', '');
INSERT INTO `weixiuxiangmu` VALUES ('6386e923-b890-4537-a475-6632b842c81c', '30003000', '更换制动液', '制动液更换', '200.00', '快修', '八路通深圳新洲店', '');
INSERT INTO `weixiuxiangmu` VALUES ('65356cc5-6f20-4478-ac6a-0f9e20b6f38f', '30003000', '更换制动液', '制动液更换', '200.00', '快修', '八路通深圳新洲店', '');
INSERT INTO `weixiuxiangmu` VALUES ('7', '20002002', '中型车四轮定位', '四轮定位', '280.00', '机电', '八路通深圳罗芳店', '');
INSERT INTO `weixiuxiangmu` VALUES ('798c8ea3-2a56-41e2-9b19-778c4d7e1a33', '20002004', '更换小型车刹车皮', '刹车系统', '80.00', '机电', '八路通深圳罗芳店', '');
INSERT INTO `weixiuxiangmu` VALUES ('7a82504c-c22a-40d1-b4aa-9d71057b41fd', '30003000', '更换制动液', '制动液更换', '200.00', '快修', '八路通深圳新洲店', '');
INSERT INTO `weixiuxiangmu` VALUES ('7debd47a-ebfd-44fc-9803-18d48504c7a8', '20002005', '小型车刹车保养', '刹车保养', '200.00', '保养', '八路通深圳罗芳店', '');
INSERT INTO `weixiuxiangmu` VALUES ('7e73f910-c7dd-4a5d-b4b8-58e13b77b22e', '30003000', '更换制动液', '制动液更换', '200.00', '快修', '八路通深圳新洲店', '');
INSERT INTO `weixiuxiangmu` VALUES ('8', '20002006', '中型车刹车保养', '刹车保养', '280.00', '保养', '八路通深圳罗芳店', '');
INSERT INTO `weixiuxiangmu` VALUES ('843d5556-63cf-4552-b390-6a079d6cbcb8', '20002007', '豪华车刹车保养', '刹车保养', '400.00', '保养', '八路通深圳罗芳店', '');
INSERT INTO `weixiuxiangmu` VALUES ('8926e2e5-e4cb-4f59-bde1-e276b8346139', '30003000', '更换制动液', '制动液更换', '200.00', '快修', '八路通深圳新洲店', '');
INSERT INTO `weixiuxiangmu` VALUES ('9', '20002008', '手工打蜡', '自带材料', '150.00', '美容', '八路通深圳罗芳店', '');
INSERT INTO `weixiuxiangmu` VALUES ('95ff8ba7-e10a-47e1-9c07-6f6eaa047199', '30003000', '更换制动液', '制动液更换', '200.00', '快修', '八路通深圳新洲店', '');
INSERT INTO `weixiuxiangmu` VALUES ('96a3dae2-77e0-4dd8-94f4-5b0cdf12b98b', '30003000', '更换制动液', '制动液更换', '200.00', '快修', '八路通深圳新洲店', '');
INSERT INTO `weixiuxiangmu` VALUES ('9d9eab68-93ff-4ce7-9f01-49935fedccf4', '20002009', '车内干洗', '车内顶棚，门边，地毯，座椅，后尾箱干洗，消毒除异味', '320.00', '美容', null, null);
INSERT INTO `weixiuxiangmu` VALUES ('9dd27877-2d9f-4793-9bac-986feabbeee0', '30003000', '更换制动液', '制动液更换', '200.00', '快修', '八路通深圳新洲店', '');
INSERT INTO `weixiuxiangmu` VALUES ('9ee9d759-340a-453f-b797-c6df6a9e91bb', '20002010', '玻璃护理', '全车玻璃清洁防水处理', '100.00', '美容', null, null);
INSERT INTO `weixiuxiangmu` VALUES ('b3c0fa02-b692-49e8-b2a4-8e93df199c08', '30003000', '更换制动液', '制动液更换', '200.00', '快修', '八路通深圳新洲店', '');
INSERT INTO `weixiuxiangmu` VALUES ('b797d741-63be-4505-86eb-766773acb0ab', '30003000', '更换制动液', '制动液更换', '200.00', '快修', '八路通深圳新洲店', '');
INSERT INTO `weixiuxiangmu` VALUES ('bf09a34b-a40f-47db-a99a-b608f6f7d6e8', '30003000', '更换制动液', '制动液更换', '200.00', '快修', '八路通深圳新洲店', '');
INSERT INTO `weixiuxiangmu` VALUES ('c3b8fe89-abd5-4fc4-8cc7-375da82723c3', '30003000', '更换制动液', '制动液更换', '200.00', '快修', '八路通深圳新洲店', '');
INSERT INTO `weixiuxiangmu` VALUES ('f57b66c2-c2d1-4e54-b948-ffeea9625302', '30003000', '更换制动液', '制动液更换', '200.00', '快修', '八路通深圳新洲店', '');
INSERT INTO `weixiuxiangmu` VALUES ('f60b9385-24e4-442e-97e9-54c9d1606473', '30003000', '更换制动液', '制动液更换', '200.00', '快修', '八路通深圳新洲店', '');
INSERT INTO `weixiuxiangmu` VALUES ('f7f58541-fc51-464a-a35c-e7d9ff30c976', '20002013', '车内超声消毒', '专用设备，专用车内消毒粉，清洗剂超速消除菌消毒', '120.00', '美容', null, null);
INSERT INTO `weixiuxiangmu` VALUES ('f9fd3cc4-6502-4ead-830f-b328ba3d923d', '20002011', '底盘防锈', '底盘装甲，防锈处理，消除杂音', '1280.00', '保养', null, null);

-- ----------------------------
-- Table structure for `weixiuzu`
-- ----------------------------
DROP TABLE IF EXISTS `weixiuzu`;
CREATE TABLE `weixiuzu` (
  `weixiuzuID` varchar(50) COLLATE utf8_bin NOT NULL COMMENT '维修类别ID',
  `suoShuJiGou` varchar(100) COLLATE utf8_bin NOT NULL COMMENT '所属机构 ',
  `weixiuzuName` varchar(50) COLLATE utf8_bin NOT NULL COMMENT '维修组名',
  `zhuxiuRen` varchar(50) COLLATE utf8_bin NOT NULL COMMENT '主修人',
  PRIMARY KEY (`weixiuzuID`)
) ENGINE=InnoDB DEFAULT CHARSET=utf8 COLLATE=utf8_bin;

-- ----------------------------
-- Records of weixiuzu
-- ----------------------------
INSERT INTO `weixiuzu` VALUES ('02f85065-df1c-4960-a36d-6f06099ff4c1', '八路通深圳罗芳店', '二号班组', '老杨');
INSERT INTO `weixiuzu` VALUES ('092ab55d-1c00-4211-b4c7-fae71d01bd39', '八路通深圳罗芳店', '三号班组', '老李');
INSERT INTO `weixiuzu` VALUES ('352173b3-560c-49ea-82c2-6fafa097278c', '八路通深圳西乡店', '一号维修组', '老王');
INSERT INTO `weixiuzu` VALUES ('9beee7f4-d917-4503-a628-e32950437cb5', '八路通深圳西乡店', '四号班组', '老张');

-- ----------------------------
-- Table structure for `zhangtao`
-- ----------------------------
DROP TABLE IF EXISTS `zhangtao`;
CREATE TABLE `zhangtao` (
  `txtZhangTaoGuid` varchar(40) COLLATE utf8_bin NOT NULL COMMENT '帐套guid',
  `txtZhangTaoMing` varchar(40) COLLATE utf8_bin NOT NULL COMMENT '帐套名',
  PRIMARY KEY (`txtZhangTaoGuid`)
) ENGINE=InnoDB DEFAULT CHARSET=utf8 COLLATE=utf8_bin;

-- ----------------------------
-- Records of zhangtao
-- ----------------------------
INSERT INTO `zhangtao` VALUES ('4796ca5b-dc6c-4162-b026-3d534566173f', '特别帐套');
INSERT INTO `zhangtao` VALUES ('79c43766-b687-4250-bc5b-be515a32671e', '普通帐套');
INSERT INTO `zhangtao` VALUES ('7dabd8f0-bad8-4387-95b9-cd4543fedc08', '测试帐套');
INSERT INTO `zhangtao` VALUES ('9c197930-de86-40e4-9008-4d107b20d6e3', 'VIP帐套');
INSERT INTO `zhangtao` VALUES ('c0b2d806-712c-465f-b984-602c81542e6f', '一般帐套');

-- ----------------------------
-- View structure for `view_carmodel`
-- ----------------------------
DROP VIEW IF EXISTS `view_carmodel`;
CREATE ALGORITHM=UNDEFINED DEFINER=`root`@`%` SQL SECURITY DEFINER VIEW `view_carmodel` AS select `t1`.`brandId` AS `brandId`,`t1`.`brandName` AS `brandName`,`t1`.`brandLogo` AS `brandLogo`,`t2`.`modelId` AS `modelId`,`t2`.`modelName` AS `modelName`,`t2`.`id` AS `id` from (`carbrand` `t1` join `carmodel` `t2`) where (`t1`.`brandId` = `t2`.`brandId`) ;

-- ----------------------------
-- View structure for `v_caigouwuliao`
-- ----------------------------
DROP VIEW IF EXISTS `v_caigouwuliao`;
CREATE ALGORITHM=UNDEFINED DEFINER=`root`@`%` SQL SECURITY DEFINER VIEW `v_caigouwuliao` AS select `rukudan`.`ddlDianPu` AS `ddlDianPu`,`rukudan`.`txtBillNo` AS `txtBillNo`,`rukudan`.`txtRuKuDate` AS `txtRuKuDate`,`rukudan`.`txtSuppName` AS `txtSuppName`,`rukudan`.`txtJingShouRen` AS `txtJingShouRen`,`rukudan`.`ddlRuKuSort` AS `ddlRuKuSort`,`rukudan`.`txtStatus` AS `txtStatus`,`rukudanwuliao`.`txtPrice` AS `txtPrice`,`rukudanwuliao`.`txtQty` AS `txtQty`,`rukudanwuliao`.`txtWuLiaoName` AS `txtWuLiaoName`,`rukudanwuliao`.`txtWuLiaoCode` AS `txtWuLiaoCode`,`rukudanwuliao`.`txtRuKuDanGuid` AS `txtRuKuDanGuid`,`rukudanwuliao`.`txtWuLiaoGuid` AS `txtWuLiaoGuid`,`rukudanwuliao`.`ddlStatus` AS `ddlStatus`,`rukudan`.`txtShenHeRen` AS `txtShenHeRen`,`rukudan`.`txtShenHeShiJian` AS `txtShenHeShiJian` from (`rukudan` join `rukudanwuliao` on((`rukudan`.`txtGuid` = `rukudanwuliao`.`txtRuKuDanGuid`))) ;

-- ----------------------------
-- View structure for `v_kehu_cheliang`
-- ----------------------------
DROP VIEW IF EXISTS `v_kehu_cheliang`;
CREATE ALGORITHM=UNDEFINED DEFINER=`root`@`%` SQL SECURITY DEFINER VIEW `v_kehu_cheliang` AS select `customerinfo`.`txtCustId` AS `txtCustId`,`customerinfo`.`txtCheZhuName` AS `txtCheZhuName`,`customerinfo`.`txtCheZhuTel` AS `txtCheZhuTel`,`customerinfo`.`txtLianXiRenName` AS `txtLianXiRenName`,`customerinfo`.`txtLianXiRenTel` AS `txtLianXiRenTel`,`customerinfo`.`txtLianXiRenAdd` AS `txtLianXiRenAdd`,`customerinfo`.`txtHuiYuanJiFen` AS `txtHuiYuanJiFen`,`customerinfo`.`txtGongShiZheKou` AS `txtGongShiZheKou`,`customerinfo`.`txtCaiLiaoZheKou` AS `txtCaiLiaoZheKou`,`customerinfo`.`txtHuiYuanDengJi` AS `txtHuiYuanDengJi`,`customerinfo`.`txtCheZhuJiaZhaoDate` AS `txtCheZhuJiaZhaoDate`,`chelianginfo`.`txtCheLiangId` AS `txtCheLiangId`,`chelianginfo`.`txtCheLiangChePaiHao` AS `txtCheLiangChePaiHao`,`chelianginfo`.`ddlCheLiangZhiZaoShang` AS `ddlCheLiangZhiZaoShang`,`chelianginfo`.`ddlCheLiangCheXi` AS `ddlCheLiangCheXi`,`chelianginfo`.`txtCheLiangCheXingDaiMa` AS `txtCheLiangCheXingDaiMa`,`chelianginfo`.`txtCheLiangCheJiaHao` AS `txtCheLiangCheJiaHao`,`chelianginfo`.`txtCheLiangFaDongJiHao` AS `txtCheLiangFaDongJiHao`,`customerinfo`.`ddlCustSort` AS `ddlCustSort`,`chelianginfo`.`txtCheLiangDengJiRiQi` AS `txtCheLiangDengJiRiQi`,`chelianginfo`.`txtCheLiangNianShenDaoQiRi` AS `txtCheLiangNianShenDaoQiRi`,`chelianginfo`.`txtCheLiangBaoXianDaoQiRi` AS `txtCheLiangBaoXianDaoQiRi`,`chelianginfo`.`ddlChengBaoGongSi` AS `ddlChengBaoGongSi`,`customerinfo`.`ddlDianPu` AS `ddlDianPu` from (`customerinfo` left join `chelianginfo` on((`customerinfo`.`txtCustId` = `chelianginfo`.`txtCustId`))) ;
