/*
Navicat MySQL Data Transfer

Source Server         : 120.24.213.132
Source Server Version : 50537
Source Host           : 120.24.213.132:3306
Source Database       : arms3

Target Server Type    : MYSQL
Target Server Version : 50537
File Encoding         : 65001

Date: 2015-02-14 16:57:34
*/

SET FOREIGN_KEY_CHECKS=0;

-- ----------------------------
-- Table structure for `carbrand`
-- ----------------------------
DROP TABLE IF EXISTS `carbrand`;
CREATE TABLE `carbrand` (
  `id` int(11) NOT NULL AUTO_INCREMENT COMMENT '品牌ID',
  `brandId` varchar(40) NOT NULL COMMENT '品牌编号',
  `brandName` varchar(40) NOT NULL COMMENT '品牌名',
  `brandLogo` varchar(10) DEFAULT NULL,
  PRIMARY KEY (`id`),
  KEY `brandId` (`brandId`) USING BTREE
) ENGINE=InnoDB AUTO_INCREMENT=147 DEFAULT CHARSET=utf8;

-- ----------------------------
-- Records of carbrand
-- ----------------------------
INSERT INTO `carbrand` VALUES ('1', '00AU0BRA0BUV', '奥迪', '1685');
INSERT INTO `carbrand` VALUES ('2', '00AU0BRR0BUU', '阿斯顿·马丁', '1684');
INSERT INTO `carbrand` VALUES ('3', '00AU0QPW0QPX', 'AC Schnitzer', '16887');
INSERT INTO `carbrand` VALUES ('4', '00AU0BRA0BUe', '奔驰', '1694');
INSERT INTO `carbrand` VALUES ('5', '00AU0BRB0BUW', '宝马', '1686');
INSERT INTO `carbrand` VALUES ('6', '00AU0BRB0PdN', '宝马I', '16301');
INSERT INTO `carbrand` VALUES ('7', '00AU0BRM0BUa', '别克', '1690');
INSERT INTO `carbrand` VALUES ('8', '00AU0BRY0BUY', '本田', '1688');
INSERT INTO `carbrand` VALUES ('9', '00AU0BSd0BTW', '比亚迪', '1654');
INSERT INTO `carbrand` VALUES ('10', '00AU0BRT0BUZ', '标致', '1689');
INSERT INTO `carbrand` VALUES ('11', '00AU0BRA0BUd', '保时捷', '1693');
INSERT INTO `carbrand` VALUES ('12', '00AU0BRA0BUb', '宾利', '1691');
INSERT INTO `carbrand` VALUES ('13', '00AU0BRA0BUc', '布加迪', '1692');
INSERT INTO `carbrand` VALUES ('14', '00AU0BRG0BUX', '奔腾', '1687');
INSERT INTO `carbrand` VALUES ('15', '00AU0BRd0JbQ', '北汽制造', '10096');
INSERT INTO `carbrand` VALUES ('16', '00AU0BRd0BUP', '北京汽车', '1679');
INSERT INTO `carbrand` VALUES ('17', '00AU0BRN0Obf', '宝骏', '15231');
INSERT INTO `carbrand` VALUES ('18', '00AU0BRd0RQf', '北汽新能源', '17951');
INSERT INTO `carbrand` VALUES ('19', '00AU0BRd0PeJ', '北汽威旺', '16329');
INSERT INTO `carbrand` VALUES ('20', '00AU0BRd0RBI', '北汽幻速', '17448');
INSERT INTO `carbrand` VALUES ('21', '00AU0QUH0QUI', 'BAC', '17032');
INSERT INTO `carbrand` VALUES ('22', '00AU0DEF0QER', '巴博斯', '16529');
INSERT INTO `carbrand` VALUES ('23', '00AU0BSf0BTV', '长城', '1653');
INSERT INTO `carbrand` VALUES ('24', '00AU0BRL0BUf', '长安', '1695');
INSERT INTO `carbrand` VALUES ('25', '00AU0BSE0BUL', '昌河', '1675');
INSERT INTO `carbrand` VALUES ('26', '00AU0BRL0PYf', '长安商用', '16159');
INSERT INTO `carbrand` VALUES ('27', '00AU0RUI0RUJ', '成功', '18057');
INSERT INTO `carbrand` VALUES ('28', '00AU0BRA0BVC', '大众', '1698');
INSERT INTO `carbrand` VALUES ('29', '00AU0BRI0BVE', '东风', '1700');
INSERT INTO `carbrand` VALUES ('30', '00AU0BRI0EYY', '东风风神', '4888');
INSERT INTO `carbrand` VALUES ('31', '00AU0BRI0QHL', '东风风行', '16619');
INSERT INTO `carbrand` VALUES ('32', '00AU0BRI0QRD', '东风俊风', '16931');
INSERT INTO `carbrand` VALUES ('33', '00AU0BSW0BTe', '东南', '1662');
INSERT INTO `carbrand` VALUES ('34', '00AU0BSU0BUF', '吉利帝豪', '1669');
INSERT INTO `carbrand` VALUES ('35', '00AU0BRS0BVD', '道奇', '1699');
INSERT INTO `carbrand` VALUES ('36', '00AU0DEF0QIS', 'DS', '16658');
INSERT INTO `carbrand` VALUES ('37', '00AU0BRN0QFV', '大通', '16565');
INSERT INTO `carbrand` VALUES ('38', '00AU0BRO0BVI', '福特', '1704');
INSERT INTO `carbrand` VALUES ('39', '00AU0BRW0BVH', '丰田', '1703');
INSERT INTO `carbrand` VALUES ('40', '00AU0BRC0BWX', '法拉利', '1751');
INSERT INTO `carbrand` VALUES ('41', '00AU0BRC0BVG', '菲亚特', '1702');
INSERT INTO `carbrand` VALUES ('42', '00AU0BRd0BVJ', '福田', '1705');
INSERT INTO `carbrand` VALUES ('43', '00AU0BSL0BTG', '福迪', '1638');
INSERT INTO `carbrand` VALUES ('44', '00AU0QfC0QfD', '福汽启腾', '17379');
INSERT INTO `carbrand` VALUES ('45', '00AU0BSa0DET', '广汽传祺', '3219');
INSERT INTO `carbrand` VALUES ('46', '00AU0BSP0QLI', '观致', '16744');
INSERT INTO `carbrand` VALUES ('47', '00AU0BSD0BXJ', '光冈', '1769');
INSERT INTO `carbrand` VALUES ('48', '00AU0BRM0BXF', 'GMC', '1765');
INSERT INTO `carbrand` VALUES ('49', '00AU0BSM0BTH', '海马', '1639');
INSERT INTO `carbrand` VALUES ('50', '00AU0BTI0BTS', '哈飞', '1650');
INSERT INTO `carbrand` VALUES ('51', '00AU0BTE0BTT', '华泰', '1651');
INSERT INTO `carbrand` VALUES ('52', '00AU0BRf0BVK', '悍马', '1706');
INSERT INTO `carbrand` VALUES ('53', '00AU0BSJ0BVM', '黄海', '1708');
INSERT INTO `carbrand` VALUES ('54', '00AU0BRG0BVL', '红旗', '1707');
INSERT INTO `carbrand` VALUES ('55', '00AU0BSU0BUD', '华普', '1667');
INSERT INTO `carbrand` VALUES ('56', '00AU0QdQ0QdR', '海格', '17329');
INSERT INTO `carbrand` VALUES ('57', '00AU0BRG0EXN', '海马汽车', '4845');
INSERT INTO `carbrand` VALUES ('58', '00AU0QKS0QKT', '恒天', '16723');
INSERT INTO `carbrand` VALUES ('59', '00AU0BSf0QUD', '哈弗', '17027');
INSERT INTO `carbrand` VALUES ('60', '00AU0BRS0BVO', 'Jeep', '1710');
INSERT INTO `carbrand` VALUES ('61', '00AU0BRf0BVP', '捷豹', '1711');
INSERT INTO `carbrand` VALUES ('62', '00AU0BSU0BUC', '吉利', '1666');
INSERT INTO `carbrand` VALUES ('63', '00AU0BTL0BTQ', '江淮', '1648');
INSERT INTO `carbrand` VALUES ('64', '00AU0BSA0BSZ', '广汽吉奥', '1625');
INSERT INTO `carbrand` VALUES ('65', '00AU0BSV0BVQ', '金杯', '1712');
INSERT INTO `carbrand` VALUES ('66', '00AU0BTM0BZY', '江铃', '1848');
INSERT INTO `carbrand` VALUES ('67', '00AU0BRP0PUB', '江南', '16001');
INSERT INTO `carbrand` VALUES ('68', '00AU0BRM0BVS', '凯迪拉克', '1714');
INSERT INTO `carbrand` VALUES ('69', '00AU0BRH0BVT', 'Koenigsegg', '1715');
INSERT INTO `carbrand` VALUES ('70', '00AU0BSP0BUK', '开瑞', '1674');
INSERT INTO `carbrand` VALUES ('71', '00AU0RBE0RBF', 'KTM', '17445');
INSERT INTO `carbrand` VALUES ('72', '00AU0QNN0QNP', 'Knight', '16815');
INSERT INTO `carbrand` VALUES ('73', '00AU0BRS0BVU', '克莱斯勒', '1716');
INSERT INTO `carbrand` VALUES ('74', '00AU0QFD0QFE', '凯佰赫', '16548');
INSERT INTO `carbrand` VALUES ('75', '00AU0BSP0RTT', '凯翼', '18035');
INSERT INTO `carbrand` VALUES ('76', '00AU0BSa0BTZ', '猎豹汽车', '1657');
INSERT INTO `carbrand` VALUES ('77', '00AU0BRW0BVX', '雷克萨斯', '1719');
INSERT INTO `carbrand` VALUES ('78', '00AU0BRf0BVc', '路虎', '1724');
INSERT INTO `carbrand` VALUES ('79', '00AU0BSB0BVb', '铃木', '1723');
INSERT INTO `carbrand` VALUES ('80', '00AU0BRA0BVV', '兰博基尼', '1717');
INSERT INTO `carbrand` VALUES ('81', '00AU0BRB0BVW', '劳斯莱斯', '1718');
INSERT INTO `carbrand` VALUES ('82', '00AU0BRV0BVY', '雷诺', '1720');
INSERT INTO `carbrand` VALUES ('83', '00AU0BTK0BTR', '力帆', '1649');
INSERT INTO `carbrand` VALUES ('84', '00AU0BTM0BcP', '陆风', '1935');
INSERT INTO `carbrand` VALUES ('85', '00AU0BRO0BVa', '林肯', '1722');
INSERT INTO `carbrand` VALUES ('86', '00AU0BSI0BTC', '莲花汽车', '1634');
INSERT INTO `carbrand` VALUES ('87', '00AU0QYY0QYZ', '陆地方舟', '17177');
INSERT INTO `carbrand` VALUES ('88', '00AU0BRK0BVZ', '路特斯(原莲花)', '1721');
INSERT INTO `carbrand` VALUES ('89', '00AU0BQf0DJY', '劳伦士', '3384');
INSERT INTO `carbrand` VALUES ('90', '00AU0BSa0DLL', '理念', '3435');
INSERT INTO `carbrand` VALUES ('91', '00AU0BRO0BVe', '马自达', '1726');
INSERT INTO `carbrand` VALUES ('92', '00AU0BQf0BWA', '迈巴赫', '1728');
INSERT INTO `carbrand` VALUES ('93', '00AU0BRB0BWB', 'MINI', '1729');
INSERT INTO `carbrand` VALUES ('94', '00AU0BRN0BVd', 'MG', '1725');
INSERT INTO `carbrand` VALUES ('95', '00AU0BRC0BVf', '玛莎拉蒂', '1727');
INSERT INTO `carbrand` VALUES ('96', '00AU0QLY0QLZ', '摩根', '16761');
INSERT INTO `carbrand` VALUES ('97', '00AU0DEF0QBG', 'McLaren迈凯伦', '16422');
INSERT INTO `carbrand` VALUES ('98', '00AU0PaZ0Paa', 'Melkus', '16218');
INSERT INTO `carbrand` VALUES ('99', '00AU0BRI0PbQ', '纳智捷', '16240');
INSERT INTO `carbrand` VALUES ('100', '00AU0BRY0BWC', '讴歌', '1730');
INSERT INTO `carbrand` VALUES ('101', '00AU0BRM0BWD', '欧宝', '1731');
INSERT INTO `carbrand` VALUES ('102', '00AU0BRG0QFK', '欧朗', '16554');
INSERT INTO `carbrand` VALUES ('103', '00AU0BSP0BUH', '奇瑞', '1671');
INSERT INTO `carbrand` VALUES ('104', '00AU0BRa0BWF', '起亚', '1733');
INSERT INTO `carbrand` VALUES ('105', '00AU0BSU0BUE', '吉利全球鹰', '1668');
INSERT INTO `carbrand` VALUES ('106', '00AU0BRI0PUT', '启辰', '16019');
INSERT INTO `carbrand` VALUES ('107', '00AU0BRV0BWG', '日产', '1734');
INSERT INTO `carbrand` VALUES ('108', '00AU0BRN0BcV', '荣威', '1941');
INSERT INTO `carbrand` VALUES ('109', '00AU0BSP0BUI', '瑞麒', '1672');
INSERT INTO `carbrand` VALUES ('110', '00AU0DEF0QQR', '如虎', '16913');
INSERT INTO `carbrand` VALUES ('111', '00AU0BRA0BWQ', '斯柯达', '1744');
INSERT INTO `carbrand` VALUES ('112', '00AU0BRe0BWK', '三菱', '1738');
INSERT INTO `carbrand` VALUES ('113', '00AU0BRW0BWP', '斯巴鲁', '1743');
INSERT INTO `carbrand` VALUES ('114', '00AU0BRB0BVR', 'smart', '1713');
INSERT INTO `carbrand` VALUES ('115', '00AU0BRH0BWJ', '萨博', '1737');
INSERT INTO `carbrand` VALUES ('116', '00AU0BRF0BWM', '世爵', '1740');
INSERT INTO `carbrand` VALUES ('117', '00AU0BTB0BTU', '双环', '1652');
INSERT INTO `carbrand` VALUES ('118', '00AU0PcV0BWO', '双龙', '1742');
INSERT INTO `carbrand` VALUES ('119', '00AU0PbG0PbI', '斯派朗', '16232');
INSERT INTO `carbrand` VALUES ('120', '00AU0BRd0QHY', '首望', '16632');
INSERT INTO `carbrand` VALUES ('121', '00AU0BRI0QHE', '思铭', '16612');
INSERT INTO `carbrand` VALUES ('122', '00AU0BRd0QPa', '绅宝', '16890');
INSERT INTO `carbrand` VALUES ('123', '00AU0PZI0PZJ', '特拉蒙塔纳', '16169');
INSERT INTO `carbrand` VALUES ('124', '00AU0BSd0QHM', '腾势', '16620');
INSERT INTO `carbrand` VALUES ('125', '00AU0DEF0QSX', 'Tesla特斯拉', '16983');
INSERT INTO `carbrand` VALUES ('126', '00AU0BRO0BWT', '沃尔沃', '1747');
INSERT INTO `carbrand` VALUES ('127', '00AU0BSP0BUJ', '威麟', '1673');
INSERT INTO `carbrand` VALUES ('128', '00AU0BRN0DJF', '五菱', '3365');
INSERT INTO `carbrand` VALUES ('129', '00AU0BRE0BWS', '威兹曼', '1746');
INSERT INTO `carbrand` VALUES ('130', '00AU0DEF0QNb', '五十铃', '16827');
INSERT INTO `carbrand` VALUES ('131', '00AU0BRT0BWc', '雪铁龙', '1756');
INSERT INTO `carbrand` VALUES ('132', '00AU0BRa0BWY', '现代', '1752');
INSERT INTO `carbrand` VALUES ('133', '00AU0BRM0BWb', '雪佛兰', '1755');
INSERT INTO `carbrand` VALUES ('134', '00AU0BRG0BcY', '夏利', '1944');
INSERT INTO `carbrand` VALUES ('135', '00AU0BRA0BWV', '西雅特', '1749');
INSERT INTO `carbrand` VALUES ('136', '00AU0QYF0QYG', '星客特', '17158');
INSERT INTO `carbrand` VALUES ('137', '00AU0BSK0BVA', '野马汽车', '1696');
INSERT INTO `carbrand` VALUES ('138', '00AU0BRV0BWe', '英菲尼迪', '1758');
INSERT INTO `carbrand` VALUES ('139', '00AU0BSC0BSb', '永源', '1627');
INSERT INTO `carbrand` VALUES ('140', '00AU0BRG0BbB', '一汽', '1889');
INSERT INTO `carbrand` VALUES ('141', '00AU0BSU0BUG', '吉利英伦汽车', '1670');
INSERT INTO `carbrand` VALUES ('142', '00AU0QeE0QeF', '英致', '17349');
INSERT INTO `carbrand` VALUES ('143', '00AU0BSV0BWf', '中华', '1759');
INSERT INTO `carbrand` VALUES ('144', '00AU0BRP0BSN', '众泰', '1613');
INSERT INTO `carbrand` VALUES ('145', '00AU0BRU0BSR', '中兴', '1617');
INSERT INTO `carbrand` VALUES ('146', '00AU0BSV0QUa', '之诺', '1617');

-- ----------------------------
-- Table structure for `carmodel`
-- ----------------------------
DROP TABLE IF EXISTS `carmodel`;
CREATE TABLE `carmodel` (
  `id` int(11) NOT NULL AUTO_INCREMENT,
  `modelId` varchar(40) NOT NULL,
  `modelName` varchar(40) NOT NULL,
  `brandId` varchar(40) DEFAULT '',
  PRIMARY KEY (`id`),
  KEY `modelId` (`modelId`) USING BTREE,
  KEY `brandId` (`brandId`) USING BTREE
) ENGINE=InnoDB AUTO_INCREMENT=1243 DEFAULT CHARSET=utf8;

-- ----------------------------
-- Records of carmodel
-- ----------------------------
INSERT INTO `carmodel` VALUES ('1', '00AU0BRA0BUV0BXc0OXP', '奥迪A1', '00AU0BRA0BUV');
INSERT INTO `carmodel` VALUES ('2', '00AU0BRA0BUV0BXd0QST', '奥迪A3两厢', '00AU0BRA0BUV');
INSERT INTO `carmodel` VALUES ('3', '00AU0BRA0BUV0BXc0DFZ', '奥迪A3两厢(进口)', '00AU0BRA0BUV');
INSERT INTO `carmodel` VALUES ('4', '00AU0BRA0BUV0BXc0QVT', '奥迪A3三厢(进口)', '00AU0BRA0BUV');
INSERT INTO `carmodel` VALUES ('5', '00AU0BRA0BUV0BXd0QSC', '奥迪A3三厢', '00AU0BRA0BUV');
INSERT INTO `carmodel` VALUES ('6', '00AU0BRA0BUV0BXd0BdG', '奥迪A4L', '00AU0BRA0BUV');
INSERT INTO `carmodel` VALUES ('7', '00AU0BRA0BUV0PfN0QdE', '奥迪S3三厢', '00AU0BRA0BUV');
INSERT INTO `carmodel` VALUES ('8', '00AU0BRA0BUV0BXd0BMa', '奥迪A4', '00AU0BRA0BUV');
INSERT INTO `carmodel` VALUES ('9', '00AU0BRA0BUV0BXc0QJc', '奥迪A4 Allroad', '00AU0BRA0BUV');
INSERT INTO `carmodel` VALUES ('10', '00AU0BRA0BUV0BXc0Bce', '奥迪A5', '00AU0BRA0BUV');
INSERT INTO `carmodel` VALUES ('11', '00AU0BRA0BUV0PfX0QDC', '奥迪RS5', '00AU0BRA0BUV');
INSERT INTO `carmodel` VALUES ('12', '00AU0BRA0BUV0BXc0CLS', '奥迪A6', '00AU0BRA0BUV');
INSERT INTO `carmodel` VALUES ('13', '00AU0BRA0BUV0PfN0PfO', '奥迪S5', '00AU0BRA0BUV');
INSERT INTO `carmodel` VALUES ('14', '00AU0BRA0BUV0PfN0QDe', '奥迪S6', '00AU0BRA0BUV');
INSERT INTO `carmodel` VALUES ('15', '00AU0BRA0BUV0BXd0BdH', '奥迪A6L', '00AU0BRA0BUV');
INSERT INTO `carmodel` VALUES ('16', '00AU0BRA0BUV0PfN0QDf', '奥迪S7', '00AU0BRA0BUV');
INSERT INTO `carmodel` VALUES ('17', '00AU0BRA0BUV0BXd0BMb', '奥迪A6', '00AU0BRA0BUV');
INSERT INTO `carmodel` VALUES ('18', '00AU0BRA0BUV0BXc0PSU', '奥迪A7', '00AU0BRA0BUV');
INSERT INTO `carmodel` VALUES ('19', '00AU0BRA0BUV0BXd0QMQ', '奥迪Q3', '00AU0BRA0BUV');
INSERT INTO `carmodel` VALUES ('20', '00AU0BRA0BUV0BXc0Bcf', '奥迪A8L', '00AU0BRA0BUV');
INSERT INTO `carmodel` VALUES ('21', '00AU0BRA0BUV0BXc0Pbb', '奥迪Q3(进口)', '00AU0BRA0BUV');
INSERT INTO `carmodel` VALUES ('22', '00AU0BRA0BUV0PfN0PfR', '奥迪S8', '00AU0BRA0BUV');
INSERT INTO `carmodel` VALUES ('23', '00AU0BRA0BUV0BXd0DCM', '奥迪Q5', '00AU0BRA0BUV');
INSERT INTO `carmodel` VALUES ('24', '00AU0BRA0BUV0PfN0QOH', '奥迪SQ5', '00AU0BRA0BUV');
INSERT INTO `carmodel` VALUES ('25', '00AU0BRA0BUV0BXc0BdA', '奥迪Q5(进口)', '00AU0BRA0BUV');
INSERT INTO `carmodel` VALUES ('26', '00AU0BRA0BUV0BXc0BdB', '奥迪Q7', '00AU0BRA0BUV');
INSERT INTO `carmodel` VALUES ('27', '00AU0BRA0BUV0BXc0BdD', '奥迪TT', '00AU0BRA0BUV');
INSERT INTO `carmodel` VALUES ('28', '00AU0BRA0BUV0PfN0QGD', '奥迪TTS', '00AU0BRA0BUV');
INSERT INTO `carmodel` VALUES ('29', '00AU0BRA0BUV0BXc0BdC', '奥迪R8', '00AU0BRA0BUV');
INSERT INTO `carmodel` VALUES ('30', '00AU0BRA0BUV0PfX0QRY', '奥迪RS7', '00AU0BRA0BUV');
INSERT INTO `carmodel` VALUES ('31', '00AU0BRR0BUU0BXb0Bca', '阿斯顿·马丁DB9', '00AU0BRR0BUU');
INSERT INTO `carmodel` VALUES ('32', '00AU0BRR0BUU0BXb0Bcb', '阿斯顿·马丁DBS', '00AU0BRR0BUU');
INSERT INTO `carmodel` VALUES ('33', '00AU0BRR0BUU0BXb0Pca', '阿斯顿·马丁Cygnet', '00AU0BRR0BUU');
INSERT INTO `carmodel` VALUES ('34', '00AU0BRR0BUU0BXb0OYO', '阿斯顿·马丁ONE-77', '00AU0BRR0BUU');
INSERT INTO `carmodel` VALUES ('35', '00AU0BRR0BUU0BXb0COJ', '阿斯顿·马丁Vanquish', '00AU0BRR0BUU');
INSERT INTO `carmodel` VALUES ('36', '00AU0BRR0BUU0BXb0EYb', '阿斯顿·马丁Rapide', '00AU0BRR0BUU');
INSERT INTO `carmodel` VALUES ('37', '00AU0BRR0BUU0BXb0Bcc', '阿斯顿·马丁V8 Vantage', '00AU0BRR0BUU');
INSERT INTO `carmodel` VALUES ('38', '00AU0BRR0BUU0BXb0Bcd', '阿斯顿·马丁V12 Vantage', '00AU0BRR0BUU');
INSERT INTO `carmodel` VALUES ('39', '00AU0BRR0BUU0BXb0PdT', '阿斯顿·马丁Virage', '00AU0BRR0BUU');
INSERT INTO `carmodel` VALUES ('40', '00AU0QPW0QPX0DEC0PSZ', 'ACS5', '00AU0QPW0QPX');
INSERT INTO `carmodel` VALUES ('41', '00AU0QPW0QPX0DEC0QPL', 'ACM6', '00AU0QPW0QPX');
INSERT INTO `carmodel` VALUES ('42', '00AU0QPW0QPX0DEC0PSY', 'ACS6', '00AU0QPW0QPX');
INSERT INTO `carmodel` VALUES ('43', '00AU0QPW0QPX0DEC0PeI', 'ACS7', '00AU0QPW0QPX');
INSERT INTO `carmodel` VALUES ('44', '00AU0BRA0BUe0BYD0CMO', '奔驰A级', '00AU0BRA0BUe');
INSERT INTO `carmodel` VALUES ('45', '00AU0BRA0BUe0BYD0BdY', '奔驰B级', '00AU0BRA0BUe');
INSERT INTO `carmodel` VALUES ('46', '00AU0BRA0BUe0PeO0QPT', '奔驰A AMG', '00AU0BRA0BUe');
INSERT INTO `carmodel` VALUES ('47', '00AU0BRA0BUe0BYC0BdW', '奔驰C级', '00AU0BRA0BUe');
INSERT INTO `carmodel` VALUES ('48', '00AU0BRA0BUe0BYD0CLT', '奔驰C级(进口)', '00AU0BRA0BUe');
INSERT INTO `carmodel` VALUES ('49', '00AU0BRA0BUe0BYD0Peb', '奔驰C级旅行版', '00AU0BRA0BUe');
INSERT INTO `carmodel` VALUES ('50', '00AU0BRA0BUe0PeO0PeP', '奔驰C AMG', '00AU0BRA0BUe');
INSERT INTO `carmodel` VALUES ('51', '00AU0BRA0BUe0BYD0Bda', '奔驰CL级', '00AU0BRA0BUe');
INSERT INTO `carmodel` VALUES ('52', '00AU0BRA0BUe0BYD0QNA', '奔驰CLA(进口)', '00AU0BRA0BUe');
INSERT INTO `carmodel` VALUES ('53', '00AU0BRA0BUe0PeO0QMf', '奔驰CLA AMG', '00AU0BRA0BUe');
INSERT INTO `carmodel` VALUES ('54', '00AU0BRA0BUe0BYD0Bdc', '奔驰CLK级', '00AU0BRA0BUe');
INSERT INTO `carmodel` VALUES ('55', '00AU0BRA0BUe0BYD0Bdb', '奔驰CLS级', '00AU0BRA0BUe');
INSERT INTO `carmodel` VALUES ('56', '00AU0BRA0BUe0BYD0QWf', '奔驰CLS猎装版', '00AU0BRA0BUe');
INSERT INTO `carmodel` VALUES ('57', '00AU0BRA0BUe0PeO0PfH', '奔驰CLS AMG', '00AU0BRA0BUe');
INSERT INTO `carmodel` VALUES ('58', '00AU0BRA0BUe0BYC0BeF', '奔驰E级', '00AU0BRA0BUe');
INSERT INTO `carmodel` VALUES ('59', '00AU0BRA0BUe0BYD0BdX', '奔驰E级(进口)', '00AU0BRA0BUe');
INSERT INTO `carmodel` VALUES ('60', '00AU0BRA0BUe0BYD0QLA', '奔驰GLA(进口)', '00AU0BRA0BUe');
INSERT INTO `carmodel` VALUES ('61', '00AU0BRA0BUe0BYD0BeC', '奔驰GLK级(进口)', '00AU0BRA0BUe');
INSERT INTO `carmodel` VALUES ('62', '00AU0BRA0BUe0PeO0PeY', '奔驰E AMG', '00AU0BRA0BUe');
INSERT INTO `carmodel` VALUES ('63', '00AU0BRA0BUe0PeO0QdO', '奔驰GLA AMG', '00AU0BRA0BUe');
INSERT INTO `carmodel` VALUES ('64', '00AU0BRA0BUe0BYD0BeB', '奔驰G级', '00AU0BRA0BUe');
INSERT INTO `carmodel` VALUES ('65', '00AU0BRA0BUe0BYD0BeA', '奔驰GL', '00AU0BRA0BUe');
INSERT INTO `carmodel` VALUES ('66', '00AU0BRA0BUe0PeO0PfC', '奔驰G AMG', '00AU0BRA0BUe');
INSERT INTO `carmodel` VALUES ('67', '00AU0BRA0BUe0BYD0BeE', '奔驰ML级', '00AU0BRA0BUe');
INSERT INTO `carmodel` VALUES ('68', '00AU0BRA0BUe0BYC0QCd', '奔驰GLK', '00AU0BRA0BUe');
INSERT INTO `carmodel` VALUES ('69', '00AU0BRA0BUe0PeO0QUA', '奔驰GL AMG', '00AU0BRA0BUe');
INSERT INTO `carmodel` VALUES ('70', '00AU0BRA0BUe0PeO0PfV', '奔驰ML AMG', '00AU0BRA0BUe');
INSERT INTO `carmodel` VALUES ('71', '00AU0BRA0BUe0BYD0Bdf', '奔驰R级', '00AU0BRA0BUe');
INSERT INTO `carmodel` VALUES ('72', '00AU0BRA0BUe0BYD0BdZ', '奔驰S级', '00AU0BRA0BUe');
INSERT INTO `carmodel` VALUES ('73', '00AU0BRA0BUe0PeO0PfF', '奔驰S AMG', '00AU0BRA0BUe');
INSERT INTO `carmodel` VALUES ('74', '00AU0BRA0BUe0BYD0BeD', '奔驰SL级', '00AU0BRA0BUe');
INSERT INTO `carmodel` VALUES ('75', '00AU0BRA0BUe0PeO0PfJ', '奔驰SL AMG', '00AU0BRA0BUe');
INSERT INTO `carmodel` VALUES ('76', '00AU0BRA0BUe0BYD0Bde', '奔驰SLK级', '00AU0BRA0BUe');
INSERT INTO `carmodel` VALUES ('77', '00AU0BRA0BUe0PeO0PfG', '奔驰SLK AMG', '00AU0BRA0BUe');
INSERT INTO `carmodel` VALUES ('78', '00AU0BRA0BUe0BYD0CLV', '奔驰SLR级', '00AU0BRA0BUe');
INSERT INTO `carmodel` VALUES ('79', '00AU0BRA0BUe0PeO0PfI', '奔驰SLS AMG', '00AU0BRA0BUe');
INSERT INTO `carmodel` VALUES ('80', '00AU0BRA0BUe0BYD0RAD', '奔驰V级', '00AU0BRA0BUe');
INSERT INTO `carmodel` VALUES ('81', '00AU0BRA0BUe0DOR0DOS', '唯雅诺', '00AU0BRA0BUe');
INSERT INTO `carmodel` VALUES ('82', '00AU0BRA0BUe0BYD0CMP', '奔驰Viano(进口)', '00AU0BRA0BUe');
INSERT INTO `carmodel` VALUES ('83', '00AU0BRA0BUe0BYD0CMQ', '奔驰VITO', '00AU0BRA0BUe');
INSERT INTO `carmodel` VALUES ('84', '00AU0BRA0BUe0DOR0DOT', '威霆', '00AU0BRA0BUe');
INSERT INTO `carmodel` VALUES ('85', '00AU0BRA0BUe0DOR0QGH', '凌特', '00AU0BRA0BUe');
INSERT INTO `carmodel` VALUES ('86', '00AU0BRA0BUe0PeO0Qfb', 'BENZ AMG GT', '00AU0BRA0BUe');
INSERT INTO `carmodel` VALUES ('87', '00AU0BRA0BUe0RWB0RWD', '迈巴赫S级', '00AU0BRA0BUe');
INSERT INTO `carmodel` VALUES ('88', '00AU0BRB0BUW0BXe0BeI', '宝马1系两厢', '00AU0BRB0BUW');
INSERT INTO `carmodel` VALUES ('89', '00AU0BRB0BUW0BXe0QGe', '宝马1系三厢', '00AU0BRB0BUW');
INSERT INTO `carmodel` VALUES ('90', '00AU0BRB0BUW0PeC0QBB', '宝马1系M', '00AU0BRB0BUW');
INSERT INTO `carmodel` VALUES ('91', '00AU0BRB0BUW0BXe0QJH', '宝马2系', '00AU0BRB0BUW');
INSERT INTO `carmodel` VALUES ('92', '00AU0BRB0BUW0BXf0BeG', '宝马3系', '00AU0BRB0BUW');
INSERT INTO `carmodel` VALUES ('93', '00AU0BRB0BUW0BXe0RBO', '2系Active Tourer', '00AU0BRB0BUW');
INSERT INTO `carmodel` VALUES ('94', '00AU0BRB0BUW0BXe0BeJ', '宝马3系(进口)', '00AU0BRB0BUW');
INSERT INTO `carmodel` VALUES ('95', '00AU0BRB0BUW0BXe0QTH', '宝马3系GT', '00AU0BRB0BUW');
INSERT INTO `carmodel` VALUES ('96', '00AU0BRB0BUW0BXe0QMP', '宝马3系旅行版', '00AU0BRB0BUW');
INSERT INTO `carmodel` VALUES ('97', '00AU0BRB0BUW0PeC0Pef', '宝马M3', '00AU0BRB0BUW');
INSERT INTO `carmodel` VALUES ('98', '00AU0BRB0BUW0BXe0QTf', '宝马4系', '00AU0BRB0BUW');
INSERT INTO `carmodel` VALUES ('99', '00AU0BRB0BUW0BXf0BeH', '宝马5系', '00AU0BRB0BUW');
INSERT INTO `carmodel` VALUES ('100', '00AU0BRB0BUW0BXe0BeK', '宝马5系(进口)', '00AU0BRB0BUW');
INSERT INTO `carmodel` VALUES ('101', '00AU0BRB0BUW0PeC0QLL', '宝马M4', '00AU0BRB0BUW');
INSERT INTO `carmodel` VALUES ('102', '00AU0BRB0BUW0BXe0Pec', '宝马5系GT', '00AU0BRB0BUW');
INSERT INTO `carmodel` VALUES ('103', '00AU0BRB0BUW0BXe0QFO', '宝马5系旅行版', '00AU0BRB0BUW');
INSERT INTO `carmodel` VALUES ('104', '00AU0BRB0BUW0PeC0PfA', '宝马M5', '00AU0BRB0BUW');
INSERT INTO `carmodel` VALUES ('105', '00AU0BRB0BUW0BXe0BeL', '宝马6系', '00AU0BRB0BUW');
INSERT INTO `carmodel` VALUES ('106', '00AU0BRB0BUW0PeC0PfB', '宝马M6', '00AU0BRB0BUW');
INSERT INTO `carmodel` VALUES ('107', '00AU0BRB0BUW0BXe0BeM', '宝马7系', '00AU0BRB0BUW');
INSERT INTO `carmodel` VALUES ('108', '00AU0BRB0BUW0BXf0QEL', '宝马X1', '00AU0BRB0BUW');
INSERT INTO `carmodel` VALUES ('109', '00AU0BRB0BUW0BXe0DCF', '宝马X1(进口)', '00AU0BRB0BUW');
INSERT INTO `carmodel` VALUES ('110', '00AU0BRB0BUW0BXe0BeN', '宝马X3', '00AU0BRB0BUW');
INSERT INTO `carmodel` VALUES ('111', '00AU0BRB0BUW0BXe0QLe', '宝马X4', '00AU0BRB0BUW');
INSERT INTO `carmodel` VALUES ('112', '00AU0BRB0BUW0BXe0BeO', '宝马X5', '00AU0BRB0BUW');
INSERT INTO `carmodel` VALUES ('113', '00AU0BRB0BUW0PeC0PfD', '宝马X5M', '00AU0BRB0BUW');
INSERT INTO `carmodel` VALUES ('114', '00AU0BRB0BUW0BXe0BeP', '宝马X6', '00AU0BRB0BUW');
INSERT INTO `carmodel` VALUES ('115', '00AU0BRB0BUW0PeC0PfE', '宝马X6M', '00AU0BRB0BUW');
INSERT INTO `carmodel` VALUES ('116', '00AU0BRB0BUW0BXe0BeQ', '宝马Z4', '00AU0BRB0BUW');
INSERT INTO `carmodel` VALUES ('117', '00AU0BRB0PdN0PdO0PdP', '宝马I3', '00AU0BRB0PdN');
INSERT INTO `carmodel` VALUES ('118', '00AU0BRB0PdN0PdO0PdQ', '宝马I8', '00AU0BRB0PdN');
INSERT INTO `carmodel` VALUES ('119', '00AU0BRM0BUa0BYN0BdR', '凯越', '00AU0BRM0BUa');
INSERT INTO `carmodel` VALUES ('120', '00AU0BRM0BUa0BYN0QGT', '凯越HRV', '00AU0BRM0BUa');
INSERT INTO `carmodel` VALUES ('121', '00AU0BRM0BUa0BYN0PfK', '凯越旅行版', '00AU0BRM0BUa');
INSERT INTO `carmodel` VALUES ('122', '00AU0BRM0BUa0BYN0COG', '英朗XT', '00AU0BRM0BUa');
INSERT INTO `carmodel` VALUES ('123', '00AU0BRM0BUa0BYN0JYT', '英朗GT', '00AU0BRM0BUa');
INSERT INTO `carmodel` VALUES ('124', '00AU0BRM0BUa0BYM0BdO', '昂科雷', '00AU0BRM0BUa');
INSERT INTO `carmodel` VALUES ('125', '00AU0BRM0BUa0BYN0BdT', '君威', '00AU0BRM0BUa');
INSERT INTO `carmodel` VALUES ('126', '00AU0BRM0BUa0BYN0BdQ', '君越', '00AU0BRM0BUa');
INSERT INTO `carmodel` VALUES ('127', '00AU0BRM0BUa0BYN0BdS', '林荫大道', '00AU0BRM0BUa');
INSERT INTO `carmodel` VALUES ('128', '00AU0BRM0BUa0BYN0CPC', '荣御', '00AU0BRM0BUa');
INSERT INTO `carmodel` VALUES ('129', '00AU0BRM0BUa0BYN0QJN', '昂科拉', '00AU0BRM0BUa');
INSERT INTO `carmodel` VALUES ('130', '00AU0BRM0BUa0BYN0RTJ', '昂科威', '00AU0BRM0BUa');
INSERT INTO `carmodel` VALUES ('131', '00AU0BRM0BUa0BYN0BdP', '别克GL8', '00AU0BRM0BUa');
INSERT INTO `carmodel` VALUES ('132', '00AU0BRY0BUY0BYF0QJK', '飞度(进口)', '00AU0BRY0BUY');
INSERT INTO `carmodel` VALUES ('133', '00AU0BRY0BUY0BYF0OYR', '思域(进口)', '00AU0BRY0BUY');
INSERT INTO `carmodel` VALUES ('134', '00AU0BRY0BUY0BYG0BeU', '思域', '00AU0BRY0BUY');
INSERT INTO `carmodel` VALUES ('135', '00AU0BRY0BUY0BYF0PdD', '本田CR-Z', '00AU0BRY0BUY');
INSERT INTO `carmodel` VALUES ('136', '00AU0BRY0BUY0BYF0OYN', '音赛特', '00AU0BRY0BUY');
INSERT INTO `carmodel` VALUES ('137', '00AU0BRY0BUY0BYG0BeY', '思铂睿', '00AU0BRY0BUY');
INSERT INTO `carmodel` VALUES ('138', '00AU0BRY0BUY0BYG0RUA', '本田XR-V', '00AU0BRY0BUY');
INSERT INTO `carmodel` VALUES ('139', '00AU0BRY0BUY0BYG0BeV', '本田CR-V', '00AU0BRY0BUY');
INSERT INTO `carmodel` VALUES ('140', '00AU0BRY0BUY0BcE0Bea', '飞度', '00AU0BRY0BUY');
INSERT INTO `carmodel` VALUES ('141', '00AU0BRY0BUY0BcE0CNb', '思迪', '00AU0BRY0BUY');
INSERT INTO `carmodel` VALUES ('142', '00AU0BRY0BUY0BcE0Beb', '锋范', '00AU0BRY0BUY');
INSERT INTO `carmodel` VALUES ('143', '00AU0BRY0BUY0BcE0QSf', '凌派', '00AU0BRY0BUY');
INSERT INTO `carmodel` VALUES ('144', '00AU0BRY0BUY0BcE0QLQ', '雅阁(7代)', '00AU0BRY0BUY');
INSERT INTO `carmodel` VALUES ('145', '00AU0BRY0BUY0BcE0Bee', '新雅阁', '00AU0BRY0BUY');
INSERT INTO `carmodel` VALUES ('146', '00AU0BRY0BUY0BcE0OWd', '歌诗图', '00AU0BRY0BUY');
INSERT INTO `carmodel` VALUES ('147', '00AU0BRY0BUY0BcE0BfB', '奥德赛', '00AU0BRY0BUY');
INSERT INTO `carmodel` VALUES ('148', '00AU0BRY0BUY0BYG0QVW', '杰德', '00AU0BRY0BUY');
INSERT INTO `carmodel` VALUES ('149', '00AU0BRY0BUY0BYG0QJM', '艾力绅', '00AU0BRY0BUY');
INSERT INTO `carmodel` VALUES ('150', '00AU0BRY0BUY0BcE0QTE', '缤智', '00AU0BRY0BUY');
INSERT INTO `carmodel` VALUES ('151', '00AU0BSd0BTW0BYI0CNG', '福莱尔', '00AU0BSd0BTW');
INSERT INTO `carmodel` VALUES ('152', '00AU0BSd0BTW0BYI0Bfb', '比亚迪F0', '00AU0BSd0BTW');
INSERT INTO `carmodel` VALUES ('153', '00AU0BSd0BTW0BYI0Bfa', '比亚迪F3', '00AU0BSd0BTW');
INSERT INTO `carmodel` VALUES ('154', '00AU0BSd0BTW0BYI0Bff', '比亚迪F3R', '00AU0BSd0BTW');
INSERT INTO `carmodel` VALUES ('155', '00AU0BSd0BTW0BYI0Bfe', '比亚迪F6', '00AU0BSd0BTW');
INSERT INTO `carmodel` VALUES ('156', '00AU0BSd0BTW0BYI0CAC', '比亚迪G3', '00AU0BSd0BTW');
INSERT INTO `carmodel` VALUES ('157', '00AU0BSd0BTW0BYI0PbP', '比亚迪G3R', '00AU0BSd0BTW');
INSERT INTO `carmodel` VALUES ('158', '00AU0BSd0BTW0BYI0QfY', '比亚迪G5', '00AU0BSd0BTW');
INSERT INTO `carmodel` VALUES ('159', '00AU0BSd0BTW0BYI0OXO', '比亚迪G6', '00AU0BSd0BTW');
INSERT INTO `carmodel` VALUES ('160', '00AU0BSd0BTW0BYI0OXM', '比亚迪L3', '00AU0BSd0BTW');
INSERT INTO `carmodel` VALUES ('161', '00AU0BSd0BTW0BYI0QMH', '速锐', '00AU0BSd0BTW');
INSERT INTO `carmodel` VALUES ('162', '00AU0BSd0BTW0BYI0QPZ', '思锐', '00AU0BSd0BTW');
INSERT INTO `carmodel` VALUES ('163', '00AU0BSd0BTW0BYI0QRO', '秦', '00AU0BSd0BTW');
INSERT INTO `carmodel` VALUES ('164', '00AU0BSd0BTW0BYI0RPK', '唐', '00AU0BSd0BTW');
INSERT INTO `carmodel` VALUES ('165', '00AU0BSd0BTW0BYI0OYE', '比亚迪S6', '00AU0BSd0BTW');
INSERT INTO `carmodel` VALUES ('166', '00AU0BSd0BTW0BYI0QUV', '比亚迪S7', '00AU0BSd0BTW');
INSERT INTO `carmodel` VALUES ('167', '00AU0BSd0BTW0BYI0CAA', '比亚迪S8', '00AU0BSd0BTW');
INSERT INTO `carmodel` VALUES ('168', '00AU0BSd0BTW0BYI0PXV', '比亚迪e6', '00AU0BSd0BTW');
INSERT INTO `carmodel` VALUES ('169', '00AU0BSd0BTW0BYI0JbT', '比亚迪M6', '00AU0BSd0BTW');
INSERT INTO `carmodel` VALUES ('170', '00AU0BRT0BUZ0BYL0CMU', '标致206', '00AU0BRT0BUZ');
INSERT INTO `carmodel` VALUES ('171', '00AU0BRT0BUZ0BYK0CLY', '标致206(进口)', '00AU0BRT0BUZ');
INSERT INTO `carmodel` VALUES ('172', '00AU0BRT0BUZ0BYL0QGQ', '标致207两厢', '00AU0BRT0BUZ');
INSERT INTO `carmodel` VALUES ('173', '00AU0BRT0BUZ0BYL0BfK', '标致207三厢', '00AU0BRT0BUZ');
INSERT INTO `carmodel` VALUES ('174', '00AU0BRT0BUZ0BYK0BfO', '标致207CC', '00AU0BRT0BUZ');
INSERT INTO `carmodel` VALUES ('175', '00AU0BRT0BUZ0BYL0QVH', '标致301', '00AU0BRT0BUZ');
INSERT INTO `carmodel` VALUES ('176', '00AU0BRT0BUZ0BYL0BfM', '标致307三厢', '00AU0BRT0BUZ');
INSERT INTO `carmodel` VALUES ('177', '00AU0BRT0BUZ0BYL0QGG', '标致307两厢', '00AU0BRT0BUZ');
INSERT INTO `carmodel` VALUES ('178', '00AU0BRT0BUZ0BYK0BfP', '标致307CC', '00AU0BRT0BUZ');
INSERT INTO `carmodel` VALUES ('179', '00AU0BRT0BUZ0BYK0QIN', '标致307SW', '00AU0BRT0BUZ');
INSERT INTO `carmodel` VALUES ('180', '00AU0BRT0BUZ0BYL0QAK', '标致308', '00AU0BRT0BUZ');
INSERT INTO `carmodel` VALUES ('181', '00AU0BRT0BUZ0BYL0RVB', '标致308S', '00AU0BRT0BUZ');
INSERT INTO `carmodel` VALUES ('182', '00AU0BRT0BUZ0BYK0BfQ', '标致308CC', '00AU0BRT0BUZ');
INSERT INTO `carmodel` VALUES ('183', '00AU0BRT0BUZ0BYK0Pee', '标致308SW', '00AU0BRT0BUZ');
INSERT INTO `carmodel` VALUES ('184', '00AU0BRT0BUZ0BYK0OYK', '标致406', '00AU0BRT0BUZ');
INSERT INTO `carmodel` VALUES ('185', '00AU0BRT0BUZ0BYK0BfS', '标致407', '00AU0BRT0BUZ');
INSERT INTO `carmodel` VALUES ('186', '00AU0BRT0BUZ0BYK0QGb', '标致407SW', '00AU0BRT0BUZ');
INSERT INTO `carmodel` VALUES ('187', '00AU0BRT0BUZ0BYK0BfY', '标致607', '00AU0BRT0BUZ');
INSERT INTO `carmodel` VALUES ('188', '00AU0BRT0BUZ0BYL0DCH', '标致408', '00AU0BRT0BUZ');
INSERT INTO `carmodel` VALUES ('189', '00AU0BRT0BUZ0BYK0PUZ', '标致3008(进口)', '00AU0BRT0BUZ');
INSERT INTO `carmodel` VALUES ('190', '00AU0BRT0BUZ0BYK0QGE', '标致4008', '00AU0BRT0BUZ');
INSERT INTO `carmodel` VALUES ('191', '00AU0BRT0BUZ0BYL0PbM', '标致508', '00AU0BRT0BUZ');
INSERT INTO `carmodel` VALUES ('192', '00AU0BRT0BUZ0BYK0OYI', '标致RCZ', '00AU0BRT0BUZ');
INSERT INTO `carmodel` VALUES ('193', '00AU0BRT0BUZ0BYL0QPH', '标致2008', '00AU0BRT0BUZ');
INSERT INTO `carmodel` VALUES ('194', '00AU0BRT0BUZ0BYL0QCc', '标致3008', '00AU0BRT0BUZ');
INSERT INTO `carmodel` VALUES ('195', '00AU0BRA0BUd0BYA0BdJ', 'Boxster', '00AU0BRA0BUd');
INSERT INTO `carmodel` VALUES ('196', '00AU0BRA0BUd0BYA0BdL', 'Cayman', '00AU0BRA0BUd');
INSERT INTO `carmodel` VALUES ('197', '00AU0BRA0BUd0BYA0BdK', '保时捷911', '00AU0BRA0BUd');
INSERT INTO `carmodel` VALUES ('198', '00AU0BRA0BUd0BYA0PcR', 'Porsche 918', '00AU0BRA0BUd');
INSERT INTO `carmodel` VALUES ('199', '00AU0BRA0BUd0BYA0BdN', 'Panamera', '00AU0BRA0BUd');
INSERT INTO `carmodel` VALUES ('200', '00AU0BRA0BUd0BYA0QRe', 'Macan', '00AU0BRA0BUd');
INSERT INTO `carmodel` VALUES ('201', '00AU0BRA0BUd0BYA0BdM', '卡宴', '00AU0BRA0BUd');
INSERT INTO `carmodel` VALUES ('202', '00AU0BRA0BUb0BYO0BeT', '欧陆', '00AU0BRA0BUb');
INSERT INTO `carmodel` VALUES ('203', '00AU0BRA0BUb0BYO0RTQ', '飞驰', '00AU0BRA0BUb');
INSERT INTO `carmodel` VALUES ('204', '00AU0BRA0BUb0BYO0Paf', '慕尚', '00AU0BRA0BUb');
INSERT INTO `carmodel` VALUES ('205', '00AU0BRA0BUb0BYO0BeS', '雅致', '00AU0BRA0BUb');
INSERT INTO `carmodel` VALUES ('206', '00AU0BRA0BUc0BYP0BdI', '威航', '00AU0BRA0BUc');
INSERT INTO `carmodel` VALUES ('207', '00AU0BRG0BUX0BYE0BdU', '奔腾B50', '00AU0BRG0BUX');
INSERT INTO `carmodel` VALUES ('208', '00AU0BRG0BUX0BYE0BdV', '奔腾B70', '00AU0BRG0BUX');
INSERT INTO `carmodel` VALUES ('209', '00AU0BRG0BUX0BYE0QBC', '奔腾B90', '00AU0BRG0BUX');
INSERT INTO `carmodel` VALUES ('210', '00AU0BRG0BUX0BYE0QMO', '奔腾X80', '00AU0BRG0BUX');
INSERT INTO `carmodel` VALUES ('211', '00AU0BRd0JbQ0JbR0JbS', '域胜007', '00AU0BRd0JbQ');
INSERT INTO `carmodel` VALUES ('212', '00AU0BRd0JbQ0JbR0OYG', '骑士', '00AU0BRd0JbQ');
INSERT INTO `carmodel` VALUES ('213', '00AU0BRd0JbQ0JbR0QMa', '212旋风', '00AU0BRd0JbQ');
INSERT INTO `carmodel` VALUES ('214', '00AU0BRd0JbQ0JbR0QMc', '角斗士', '00AU0BRd0JbQ');
INSERT INTO `carmodel` VALUES ('215', '00AU0BRd0JbQ0JbR0OYF', '陆霸', '00AU0BRd0JbQ');
INSERT INTO `carmodel` VALUES ('216', '00AU0BRd0JbQ0JbR0OYH', '战旗', '00AU0BRd0JbQ');
INSERT INTO `carmodel` VALUES ('217', '00AU0BRd0JbQ0JbR0QMd', '勇士', '00AU0BRd0JbQ');
INSERT INTO `carmodel` VALUES ('218', '00AU0BRd0JbQ0JbR0QMX', '锐铃', '00AU0BRd0JbQ');
INSERT INTO `carmodel` VALUES ('219', '00AU0BRd0BUP0BYB0PVZ', '北京汽车E系列两厢', '00AU0BRd0BUP');
INSERT INTO `carmodel` VALUES ('220', '00AU0BRd0BUP0BYB0QUT', '北京汽车E系列三厢', '00AU0BRd0BUP');
INSERT INTO `carmodel` VALUES ('221', '00AU0BRd0BUP0BYB0PcT', '北京BJ40', '00AU0BRd0BUP');
INSERT INTO `carmodel` VALUES ('222', '00AU0BRN0Obf0PUU0QMb', '乐驰', '00AU0BRN0Obf');
INSERT INTO `carmodel` VALUES ('223', '00AU0BRN0Obf0PUU0QZY', '宝骏610', '00AU0BRN0Obf');
INSERT INTO `carmodel` VALUES ('224', '00AU0BRN0Obf0PUU0PYO', '宝骏630', '00AU0BRN0Obf');
INSERT INTO `carmodel` VALUES ('225', '00AU0BRN0Obf0PUU0QcT', '宝骏730', '00AU0BRN0Obf');
INSERT INTO `carmodel` VALUES ('226', '00AU0BRd0RQf0RRA0RRG', '北汽新能源E150EV', '00AU0BRd0RQf');
INSERT INTO `carmodel` VALUES ('227', '00AU0BRd0RQf0RRA0RWI', '北汽新能源EV200', '00AU0BRd0RQf');
INSERT INTO `carmodel` VALUES ('228', '00AU0BRd0RQf0RRA0RUX', '绅宝EV', '00AU0BRd0RQf');
INSERT INTO `carmodel` VALUES ('229', '00AU0BRd0RQf0RRA0RUN', '威旺306EV', '00AU0BRd0RQf');
INSERT INTO `carmodel` VALUES ('230', '00AU0BRd0RQf0RRA0RUG', '威旺307EV', '00AU0BRd0RQf');
INSERT INTO `carmodel` VALUES ('231', '00AU0BRd0PeJ0QHI0QaI', '威旺M20', '00AU0BRd0PeJ');
INSERT INTO `carmodel` VALUES ('232', '00AU0BRd0PeJ0QHI0QPd', '威旺205', '00AU0BRd0PeJ');
INSERT INTO `carmodel` VALUES ('233', '00AU0BRd0PeJ0QHI0QHJ', '威旺306', '00AU0BRd0PeJ');
INSERT INTO `carmodel` VALUES ('234', '00AU0BRd0PeJ0QHI0QeK', '威旺307', '00AU0BRd0PeJ');
INSERT INTO `carmodel` VALUES ('235', '00AU0BRd0RBI0QNW0QaU', '幻速S2', '00AU0BRd0RBI');
INSERT INTO `carmodel` VALUES ('236', '00AU0BRd0RBI0QNW0RAO', '幻速S3', '00AU0BRd0RBI');
INSERT INTO `carmodel` VALUES ('237', '00AU0QUH0QUI0QUJ0QUK', 'BAC Mono', '00AU0QUH0QUI');
INSERT INTO `carmodel` VALUES ('238', '00AU0DEF0QER0QET0QPP', '巴博斯S', '00AU0DEF0QER');
INSERT INTO `carmodel` VALUES ('239', '00AU0DEF0QER0QET0QaF', '巴博斯M', '00AU0DEF0QER');
INSERT INTO `carmodel` VALUES ('240', '00AU0DEF0QER0QET0QcC', '巴博斯B63', '00AU0DEF0QER');
INSERT INTO `carmodel` VALUES ('241', '00AU0BSf0BTV0BYT0Pfc', '长城C20R', '00AU0BSf0BTV');
INSERT INTO `carmodel` VALUES ('242', '00AU0BSf0BTV0BYT0DEf', '长城C30', '00AU0BSf0BTV');
INSERT INTO `carmodel` VALUES ('243', '00AU0BSf0BTV0BYT0OXc', '长城C50', '00AU0BSf0BTV');
INSERT INTO `carmodel` VALUES ('244', '00AU0BSf0BTV0BYT0CAV', '长城精灵', '00AU0BSf0BTV');
INSERT INTO `carmodel` VALUES ('245', '00AU0BSf0BTV0BYT0CBZ', '哈弗M1', '00AU0BSf0BTV');
INSERT INTO `carmodel` VALUES ('246', '00AU0BSf0BTV0BYT0DCI', '长城M2', '00AU0BSf0BTV');
INSERT INTO `carmodel` VALUES ('247', '00AU0BSf0BTV0BYT0PeK', '长城M4', '00AU0BSf0BTV');
INSERT INTO `carmodel` VALUES ('248', '00AU0BSf0BTV0BYT0CBW', '酷熊', '00AU0BSf0BTV');
INSERT INTO `carmodel` VALUES ('249', '00AU0BSf0BTV0BYT0CBT', '炫丽CROSS', '00AU0BSf0BTV');
INSERT INTO `carmodel` VALUES ('250', '00AU0BSf0BTV0BYT0CLZ', '凌傲', '00AU0BSf0BTV');
INSERT INTO `carmodel` VALUES ('251', '00AU0BSf0BTV0BYT0CBX', '长城V80', '00AU0BSf0BTV');
INSERT INTO `carmodel` VALUES ('252', '00AU0BSf0BTV0BYT0QKP', '金迪尔', '00AU0BSf0BTV');
INSERT INTO `carmodel` VALUES ('253', '00AU0BSf0BTV0BYT0QAO', '风骏3', '00AU0BSf0BTV');
INSERT INTO `carmodel` VALUES ('254', '00AU0BSf0BTV0BYT0QAP', '风骏5', '00AU0BSf0BTV');
INSERT INTO `carmodel` VALUES ('255', '00AU0BSf0BTV0BYT0QXK', '风骏6', '00AU0BSf0BTV');
INSERT INTO `carmodel` VALUES ('256', '00AU0BSf0BTV0BYT0CBa', '赛弗', '00AU0BSf0BTV');
INSERT INTO `carmodel` VALUES ('257', '00AU0BSf0BTV0BYT0CBb', '赛影', '00AU0BSf0BTV');
INSERT INTO `carmodel` VALUES ('258', '00AU0BRL0BUf0BYS0DCO', '奔奔MINI', '00AU0BRL0BUf');
INSERT INTO `carmodel` VALUES ('259', '00AU0BRL0BUf0BYS0QeM', '奔奔', '00AU0BRL0BUf');
INSERT INTO `carmodel` VALUES ('260', '00AU0BRL0BUf0BYS0CCP', '奔奔i', '00AU0BRL0BUf');
INSERT INTO `carmodel` VALUES ('261', '00AU0BRL0BUf0BYS0PTR', '奔奔LOVE', '00AU0BRL0BUf');
INSERT INTO `carmodel` VALUES ('262', '00AU0BRL0BUf0BYS0BcU', '悦翔三厢', '00AU0BRL0BUf');
INSERT INTO `carmodel` VALUES ('263', '00AU0BRL0BUf0BYS0QGK', '悦翔两厢', '00AU0BRL0BUf');
INSERT INTO `carmodel` VALUES ('264', '00AU0BRL0BUf0BYS0QFH', '悦翔V3', '00AU0BRL0BUf');
INSERT INTO `carmodel` VALUES ('265', '00AU0BRL0BUf0BYS0QHb', '悦翔V5', '00AU0BRL0BUf');
INSERT INTO `carmodel` VALUES ('266', '00AU0BRL0BUf0BYS0ROe', '悦翔V7', '00AU0BRL0BUf');
INSERT INTO `carmodel` VALUES ('267', '00AU0BRL0BUf0BYS0PVC', '长安CX20', '00AU0BRL0BUf');
INSERT INTO `carmodel` VALUES ('268', '00AU0BRL0BUf0BYS0QGL', '长安CX30三厢', '00AU0BRL0BUf');
INSERT INTO `carmodel` VALUES ('269', '00AU0BRL0BUf0BYS0EYf', '长安CX30两厢', '00AU0BRL0BUf');
INSERT INTO `carmodel` VALUES ('270', '00AU0BRL0BUf0BYS0CCI', '志翔', '00AU0BRL0BUf');
INSERT INTO `carmodel` VALUES ('271', '00AU0BRL0BUf0BYS0QBE', '逸动', '00AU0BRL0BUf');
INSERT INTO `carmodel` VALUES ('272', '00AU0BRL0BUf0BYS0QPA', '致尚XT', '00AU0BRL0BUf');
INSERT INTO `carmodel` VALUES ('273', '00AU0BRL0BUf0BYS0QIP', '睿骋', '00AU0BRL0BUf');
INSERT INTO `carmodel` VALUES ('274', '00AU0BRL0BUf0BYS0QJY', '长安CS35', '00AU0BRL0BUf');
INSERT INTO `carmodel` VALUES ('275', '00AU0BRL0BUf0BYS0QaG', '长安CS75', '00AU0BRL0BUf');
INSERT INTO `carmodel` VALUES ('276', '00AU0BRL0BUf0BYS0CCL', '杰勋', '00AU0BRL0BUf');
INSERT INTO `carmodel` VALUES ('277', '00AU0BSE0BUL0BYR0CAD', '爱迪尔', '00AU0BSE0BUL');
INSERT INTO `carmodel` VALUES ('278', '00AU0BSE0BUL0BYR0RVO', '福瑞达M50', '00AU0BSE0BUL');
INSERT INTO `carmodel` VALUES ('279', '00AU0BSE0BUL0BYR0QRC', '福瑞达', '00AU0BSE0BUL');
INSERT INTO `carmodel` VALUES ('280', '00AU0BSE0BUL0BYR0QRG', '福运', '00AU0BSE0BUL');
INSERT INTO `carmodel` VALUES ('281', '00AU0BRL0PYf0PZA0QPI', '欧力威', '00AU0BRL0PYf');
INSERT INTO `carmodel` VALUES ('282', '00AU0BRL0PYf0PZA0QFJ', '欧诺', '00AU0BRL0PYf');
INSERT INTO `carmodel` VALUES ('283', '00AU0BRL0PYf0PZA0QcX', '睿行', '00AU0BRL0PYf');
INSERT INTO `carmodel` VALUES ('284', '00AU0BRL0PYf0PZA0QVd', '尊行', '00AU0BRL0PYf');
INSERT INTO `carmodel` VALUES ('285', '00AU0BRL0PYf0PZA0PZB', '长安之星7', '00AU0BRL0PYf');
INSERT INTO `carmodel` VALUES ('286', '00AU0BRL0PYf0PZA0QOe', '新长安之星', '00AU0BRL0PYf');
INSERT INTO `carmodel` VALUES ('287', '00AU0BRL0PYf0PZA0QPf', '长安之星2', '00AU0BRL0PYf');
INSERT INTO `carmodel` VALUES ('288', '00AU0BRL0PYf0PZA0QQB', '长安之星S460', '00AU0BRL0PYf');
INSERT INTO `carmodel` VALUES ('289', '00AU0BRL0PYf0PZA0QSW', '长安之星6363', '00AU0BRL0PYf');
INSERT INTO `carmodel` VALUES ('290', '00AU0BRL0PYf0PZA0QSD', '长安星光4500', '00AU0BRL0PYf');
INSERT INTO `carmodel` VALUES ('291', '00AU0BRL0PYf0PZA0RWN', '长安之星9', '00AU0BRL0PYf');
INSERT INTO `carmodel` VALUES ('292', '00AU0RUI0RUJ0RUK0RUM', '成功V1', '00AU0RUI0RUJ');
INSERT INTO `carmodel` VALUES ('293', '00AU0BRA0BVC0BZA0QDd', '大众Up', '00AU0BRA0BVC');
INSERT INTO `carmodel` VALUES ('294', '00AU0BRA0BVC0BYf0CFB', 'POLO', '00AU0BRA0BVC');
INSERT INTO `carmodel` VALUES ('295', '00AU0BRA0BVC0BYf0QFT', 'POLO GTI', '00AU0BRA0BVC');
INSERT INTO `carmodel` VALUES ('296', '00AU0BRA0BVC0BYf0QCC', 'POLO劲取', '00AU0BRA0BVC');
INSERT INTO `carmodel` VALUES ('297', '00AU0BRA0BVC0BYf0CNP', '高尔', '00AU0BRA0BVC');
INSERT INTO `carmodel` VALUES ('298', '00AU0BRA0BVC0BYe0CEa', '捷达', '00AU0BRA0BVC');
INSERT INTO `carmodel` VALUES ('299', '00AU0BRA0BVC0BYe0CEb', '宝来', '00AU0BRA0BVC');
INSERT INTO `carmodel` VALUES ('300', '00AU0BRA0BVC0BYe0CER', '宝来(宝来经典)', '00AU0BRA0BVC');
INSERT INTO `carmodel` VALUES ('301', '00AU0BRA0BVC0BYe0QGZ', '宝来HS', '00AU0BRA0BVC');
INSERT INTO `carmodel` VALUES ('302', '00AU0BRA0BVC0PfU0QIM', '宝来R', '00AU0BRA0BVC');
INSERT INTO `carmodel` VALUES ('303', '00AU0BRA0BVC0BYf0CEe', '朗逸', '00AU0BRA0BVC');
INSERT INTO `carmodel` VALUES ('304', '00AU0BRA0BVC0BYf0QSA', '朗行', '00AU0BRA0BVC');
INSERT INTO `carmodel` VALUES ('305', '00AU0BRA0BVC0BYe0CFH', '速腾', '00AU0BRA0BVC');
INSERT INTO `carmodel` VALUES ('306', '00AU0BRA0BVC0BZA0CEX', '高尔夫(进口)', '00AU0BRA0BVC');
INSERT INTO `carmodel` VALUES ('307', '00AU0BRA0BVC0BYf0QbP', '朗境', '00AU0BRA0BVC');
INSERT INTO `carmodel` VALUES ('308', '00AU0BRA0BVC0BYe0QGf', '速腾GLI', '00AU0BRA0BVC');
INSERT INTO `carmodel` VALUES ('309', '00AU0BRA0BVC0BYf0QeN', '凌渡', '00AU0BRA0BVC');
INSERT INTO `carmodel` VALUES ('310', '00AU0BRA0BVC0BZA0QRQ', '高尔夫GTI(进口)', '00AU0BRA0BVC');
INSERT INTO `carmodel` VALUES ('311', '00AU0BRA0BVC0PfU0QAJ', '高尔夫R', '00AU0BRA0BVC');
INSERT INTO `carmodel` VALUES ('312', '00AU0BRA0BVC0BYe0Qde', '高尔夫(第四代)', '00AU0BRA0BVC');
INSERT INTO `carmodel` VALUES ('313', '00AU0BRA0BVC0BYe0Qdf', '高尔夫(第六代)', '00AU0BRA0BVC');
INSERT INTO `carmodel` VALUES ('314', '00AU0BRA0BVC0BZA0QDB', '高尔夫旅行版', '00AU0BRA0BVC');
INSERT INTO `carmodel` VALUES ('315', '00AU0BRA0BVC0BZA0CEZ', '尚酷', '00AU0BRA0BVC');
INSERT INTO `carmodel` VALUES ('316', '00AU0BRA0BVC0BZA0CET', '大众EOS', '00AU0BRA0BVC');
INSERT INTO `carmodel` VALUES ('317', '00AU0BRA0BVC0BZA0CEY', '甲壳虫', '00AU0BRA0BVC');
INSERT INTO `carmodel` VALUES ('318', '00AU0BRA0BVC0BYe0CEd', '高尔夫(第七代)', '00AU0BRA0BVC');
INSERT INTO `carmodel` VALUES ('319', '00AU0BRA0BVC0BYf0QLM', '新桑塔纳', '00AU0BRA0BVC');
INSERT INTO `carmodel` VALUES ('320', '00AU0BRA0BVC0PfU0QAA', '尚酷R', '00AU0BRA0BVC');
INSERT INTO `carmodel` VALUES ('321', '00AU0BRA0BVC0BYf0CFC', '桑塔纳', '00AU0BRA0BVC');
INSERT INTO `carmodel` VALUES ('322', '00AU0BRA0BVC0BYf0PfL', '桑塔纳旅行版', '00AU0BRA0BVC');
INSERT INTO `carmodel` VALUES ('323', '00AU0BRA0BVC0BYf0CFD', '桑塔纳志俊', '00AU0BRA0BVC');
INSERT INTO `carmodel` VALUES ('324', '00AU0BRA0BVC0BYe0PeQ', '高尔夫GTI', '00AU0BRA0BVC');
INSERT INTO `carmodel` VALUES ('325', '00AU0BRA0BVC0BYf0CPE', '帕萨特', '00AU0BRA0BVC');
INSERT INTO `carmodel` VALUES ('326', '00AU0BRA0BVC0BYf0CFF', 'PASSAT新领驭', '00AU0BRA0BVC');
INSERT INTO `carmodel` VALUES ('327', '00AU0BRA0BVC0BYe0CEc', '迈腾', '00AU0BRA0BVC');
INSERT INTO `carmodel` VALUES ('328', '00AU0BRA0BVC0BZA0Ped', '迈腾旅行版', '00AU0BRA0BVC');
INSERT INTO `carmodel` VALUES ('329', '00AU0BRA0BVC0BZA0QLf', '迈腾Alltrack', '00AU0BRA0BVC');
INSERT INTO `carmodel` VALUES ('330', '00AU0BRA0BVC0PfU0PfW', '大众R36三厢', '00AU0BRA0BVC');
INSERT INTO `carmodel` VALUES ('331', '00AU0BRA0BVC0PfU0QGd', '大众R36旅行版', '00AU0BRA0BVC');
INSERT INTO `carmodel` VALUES ('332', '00AU0BRA0BVC0BYe0EYQ', '大众CC', '00AU0BRA0BVC');
INSERT INTO `carmodel` VALUES ('333', '00AU0BRA0BVC0BZA0CES', '大众CC(进口)', '00AU0BRA0BVC');
INSERT INTO `carmodel` VALUES ('334', '00AU0BRA0BVC0BZA0CEU', '辉腾', '00AU0BRA0BVC');
INSERT INTO `carmodel` VALUES ('335', '00AU0BRA0BVC0BYf0DCL', '途观', '00AU0BRA0BVC');
INSERT INTO `carmodel` VALUES ('336', '00AU0BRA0BVC0BZA0CEV', '途观(进口)', '00AU0BRA0BVC');
INSERT INTO `carmodel` VALUES ('337', '00AU0BRA0BVC0BZA0CFG', '途锐', '00AU0BRA0BVC');
INSERT INTO `carmodel` VALUES ('338', '00AU0BRA0BVC0BYf0CFE', '途安', '00AU0BRA0BVC');
INSERT INTO `carmodel` VALUES ('339', '00AU0BRA0BVC0BZA0COQ', '夏朗', '00AU0BRA0BVC');
INSERT INTO `carmodel` VALUES ('340', '00AU0BRA0BVC0BYe0CNF', '开迪', '00AU0BRA0BVC');
INSERT INTO `carmodel` VALUES ('341', '00AU0BRA0BVC0BZA0RBT', '凯路威', '00AU0BRA0BVC');
INSERT INTO `carmodel` VALUES ('342', '00AU0BRA0BVC0BZA0CEf', '迈特威(Multivan)', '00AU0BRA0BVC');
INSERT INTO `carmodel` VALUES ('343', '00AU0BRA0BVC0BZA0QOP', '大众Routan', '00AU0BRA0BVC');
INSERT INTO `carmodel` VALUES ('344', '00AU0BRI0BVE0Bae0CCc', '奥丁', '00AU0BRI0BVE');
INSERT INTO `carmodel` VALUES ('345', '00AU0BRI0BVE0Bae0CCd', '帅客', '00AU0BRI0BVE');
INSERT INTO `carmodel` VALUES ('346', '00AU0BRI0BVE0Bae0CCf', '御轩', '00AU0BRI0BVE');
INSERT INTO `carmodel` VALUES ('347', '00AU0BRI0BVE0QNC0QOM', '小康C37', '00AU0BRI0BVE');
INSERT INTO `carmodel` VALUES ('348', '00AU0BRI0BVE0Bae0QdL', '俊风', '00AU0BRI0BVE');
INSERT INTO `carmodel` VALUES ('349', '00AU0BRI0BVE0QNC0QRJ', '小康K07', '00AU0BRI0BVE');
INSERT INTO `carmodel` VALUES ('350', '00AU0BRI0BVE0QNC0QRA', '小康K07II', '00AU0BRI0BVE');
INSERT INTO `carmodel` VALUES ('351', '00AU0BRI0BVE0Bae0QHN', '锐骐皮卡', '00AU0BRI0BVE');
INSERT INTO `carmodel` VALUES ('352', '00AU0BRI0BVE0QNC0QRB', '小康K17', '00AU0BRI0BVE');
INSERT INTO `carmodel` VALUES ('353', '00AU0BRI0BVE0Bae0QMA', '锐骐多功能商用车', '00AU0BRI0BVE');
INSERT INTO `carmodel` VALUES ('354', '00AU0BRI0BVE0QNC0QQZ', '小康V07S', '00AU0BRI0BVE');
INSERT INTO `carmodel` VALUES ('355', '00AU0BRI0BVE0BZH0QJQ', '御风', '00AU0BRI0BVE');
INSERT INTO `carmodel` VALUES ('356', '00AU0BRI0BVE0QNC0QND', '小康V27', '00AU0BRI0BVE');
INSERT INTO `carmodel` VALUES ('357', '00AU0BRI0BVE0BZH0CDI', '汗马', '00AU0BRI0BVE');
INSERT INTO `carmodel` VALUES ('358', '00AU0BRI0BVE0QNC0QNE', '小康V29', '00AU0BRI0BVE');
INSERT INTO `carmodel` VALUES ('359', '00AU0BRI0BVE0QNC0QWW', '小康风光', '00AU0BRI0BVE');
INSERT INTO `carmodel` VALUES ('360', '00AU0BRI0EYY0BcR0QfT', '风神A30', '00AU0BRI0EYY');
INSERT INTO `carmodel` VALUES ('361', '00AU0BRI0EYY0BcR0QFN', '风神A60', '00AU0BRI0EYY');
INSERT INTO `carmodel` VALUES ('362', '00AU0BRI0EYY0BcR0CDN', '风神S30', '00AU0BRI0EYY');
INSERT INTO `carmodel` VALUES ('363', '00AU0BRI0EYY0BcR0DCK', '风神H30', '00AU0BRI0EYY');
INSERT INTO `carmodel` VALUES ('364', '00AU0BRI0EYY0BcR0QQK', '风神CROSS', '00AU0BRI0EYY');
INSERT INTO `carmodel` VALUES ('365', '00AU0BRI0EYY0BcR0Qef', '风神AX7', '00AU0BRI0EYY');
INSERT INTO `carmodel` VALUES ('366', '00AU0BRI0QHL0BcS0CDK', '景逸', '00AU0BRI0QHL');
INSERT INTO `carmodel` VALUES ('367', '00AU0BRI0QHL0BcS0Qed', '景逸S50', '00AU0BRI0QHL');
INSERT INTO `carmodel` VALUES ('368', '00AU0BRI0QHL0BcS0RBS', '景逸X3', '00AU0BRI0QHL');
INSERT INTO `carmodel` VALUES ('369', '00AU0BRI0QHL0BcS0QHC', '景逸X5', '00AU0BRI0QHL');
INSERT INTO `carmodel` VALUES ('370', '00AU0BRI0QHL0BcS0CDL', '菱智', '00AU0BRI0QHL');
INSERT INTO `carmodel` VALUES ('371', '00AU0BRI0QHL0BcS0QUc', '风行CM7', '00AU0BRI0QHL');
INSERT INTO `carmodel` VALUES ('372', '00AU0BRI0QRD0QRE0QRF', '俊风CV03', '00AU0BRI0QRD');
INSERT INTO `carmodel` VALUES ('373', '00AU0BSW0BTe0BZI0CCa', 'V3菱悦', '00AU0BSW0BTe');
INSERT INTO `carmodel` VALUES ('374', '00AU0BSW0BTe0BZI0QFe', 'V5菱致', '00AU0BSW0BTe');
INSERT INTO `carmodel` VALUES ('375', '00AU0BSW0BTe0BZI0QIC', 'V6菱仕', '00AU0BSW0BTe');
INSERT INTO `carmodel` VALUES ('376', '00AU0BSW0BTe0BZI0CNc', '菱帅', '00AU0BSW0BTe');
INSERT INTO `carmodel` VALUES ('377', '00AU0BSW0BTe0BZI0OXY', '富利卡', '00AU0BSW0BTe');
INSERT INTO `carmodel` VALUES ('378', '00AU0BSW0BTe0BZI0PZH', '希旺', '00AU0BSW0BTe');
INSERT INTO `carmodel` VALUES ('379', '00AU0BSW0BTe0BZI0QeC', '得利卡', '00AU0BSW0BTe');
INSERT INTO `carmodel` VALUES ('380', '00AU0BSU0BUF0BZG0CLP', '吉利帝豪EC7', '00AU0BSU0BUF');
INSERT INTO `carmodel` VALUES ('381', '00AU0BSU0BUF0BZG0CLb', '吉利帝豪EC7-RV', '00AU0BSU0BUF');
INSERT INTO `carmodel` VALUES ('382', '00AU0BSU0BUF0BZG0JZS', '吉利EC8', '00AU0BSU0BUF');
INSERT INTO `carmodel` VALUES ('383', '00AU0BRS0BVD0BZB0CFK', '锋哲', '00AU0BRS0BVD');
INSERT INTO `carmodel` VALUES ('384', '00AU0BRS0BVD0BZB0CFL', '酷搏', '00AU0BRS0BVD');
INSERT INTO `carmodel` VALUES ('385', '00AU0BRS0BVD0BZB0CFM', '酷威', '00AU0BRS0BVD');
INSERT INTO `carmodel` VALUES ('386', '00AU0BRS0BVD0BZD0CFJ', '凯领', '00AU0BRS0BVD');
INSERT INTO `carmodel` VALUES ('387', '00AU0BRS0BVD0BZB0QCA', 'Ram', '00AU0BRS0BVD');
INSERT INTO `carmodel` VALUES ('388', '00AU0DEF0QIS0QIT0QIU', 'DS 3', '00AU0DEF0QIS');
INSERT INTO `carmodel` VALUES ('389', '00AU0DEF0QIS0QQF0QZb', 'DS 5LS', '00AU0DEF0QIS');
INSERT INTO `carmodel` VALUES ('390', '00AU0DEF0QIS0QIT0QIV', 'DS 4', '00AU0DEF0QIS');
INSERT INTO `carmodel` VALUES ('391', '00AU0DEF0QIS0QIT0QIW', 'DS 5(进口)', '00AU0DEF0QIS');
INSERT INTO `carmodel` VALUES ('392', '00AU0DEF0QIS0QQF0QQG', 'DS 5', '00AU0DEF0QIS');
INSERT INTO `carmodel` VALUES ('393', '00AU0DEF0QIS0QQF0RQe', 'DS 6', '00AU0DEF0QIS');
INSERT INTO `carmodel` VALUES ('394', '00AU0BRN0QFV0QFW0QFX', '大通V80', '00AU0BRN0QFV');
INSERT INTO `carmodel` VALUES ('395', '00AU0BRN0QFV0QFW0QYK', '大通G10', '00AU0BRN0QFV');
INSERT INTO `carmodel` VALUES ('396', '00AU0BRO0BVI0BYJ0CGA', '嘉年华两厢', '00AU0BRO0BVI');
INSERT INTO `carmodel` VALUES ('397', '00AU0BRO0BVI0BYJ0QBV', '嘉年华三厢', '00AU0BRO0BVI');
INSERT INTO `carmodel` VALUES ('398', '00AU0BRO0BVI0BYH0QEQ', '嘉年华ST', '00AU0BRO0BVI');
INSERT INTO `carmodel` VALUES ('399', '00AU0BRO0BVI0BYJ0CFe', '福克斯两厢(第二代)', '00AU0BRO0BVI');
INSERT INTO `carmodel` VALUES ('400', '00AU0BRO0BVI0BYJ0QGI', '福克斯三厢(第二代)', '00AU0BRO0BVI');
INSERT INTO `carmodel` VALUES ('401', '00AU0BRO0BVI0BYJ0RBM', '福克斯两厢(第三代)', '00AU0BRO0BVI');
INSERT INTO `carmodel` VALUES ('402', '00AU0BRO0BVI0BYH0QIO', '福克斯ST', '00AU0BRO0BVI');
INSERT INTO `carmodel` VALUES ('403', '00AU0BRO0BVI0BYJ0RBL', '福克斯三厢(第三代)', '00AU0BRO0BVI');
INSERT INTO `carmodel` VALUES ('404', '00AU0BRO0BVI0BYJ0QZB', '福睿斯', '00AU0BRO0BVI');
INSERT INTO `carmodel` VALUES ('405', '00AU0BRO0BVI0BYJ0COD', '蒙迪欧', '00AU0BRO0BVI');
INSERT INTO `carmodel` VALUES ('406', '00AU0BRO0BVI0BYJ0CGB', '致胜', '00AU0BRO0BVI');
INSERT INTO `carmodel` VALUES ('407', '00AU0BRO0BVI0BYH0COL', 'ESCAPE', '00AU0BRO0BVI');
INSERT INTO `carmodel` VALUES ('408', '00AU0BRO0BVI0BYH0CGC', '锐界(进口)', '00AU0BRO0BVI');
INSERT INTO `carmodel` VALUES ('409', '00AU0BRO0BVI0BYJ0QNB', '翼搏', '00AU0BRO0BVI');
INSERT INTO `carmodel` VALUES ('410', '00AU0BRO0BVI0BYH0QHV', '探险者', '00AU0BRO0BVI');
INSERT INTO `carmodel` VALUES ('411', '00AU0BRO0BVI0BYH0QQN', 'Expediton远征', '00AU0BRO0BVI');
INSERT INTO `carmodel` VALUES ('412', '00AU0BRO0BVI0BYJ0QKG', '翼虎', '00AU0BRO0BVI');
INSERT INTO `carmodel` VALUES ('413', '00AU0BRO0BVI0BYH0CLe', 'Mustang', '00AU0BRO0BVI');
INSERT INTO `carmodel` VALUES ('414', '00AU0BRO0BVI0BYH0QKe', '福特F-150', '00AU0BRO0BVI');
INSERT INTO `carmodel` VALUES ('415', '00AU0BRO0BVI0BYH0QZH', '福特F-350', '00AU0BRO0BVI');
INSERT INTO `carmodel` VALUES ('416', '00AU0BRO0BVI0BYH0QPQ', '福特F-650', '00AU0BRO0BVI');
INSERT INTO `carmodel` VALUES ('417', '00AU0BRO0BVI0BYJ0CFf', '麦柯斯', '00AU0BRO0BVI');
INSERT INTO `carmodel` VALUES ('418', '00AU0BRW0BVH0BZN0CFW', '威驰', '00AU0BRW0BVH');
INSERT INTO `carmodel` VALUES ('419', '00AU0BRW0BVH0BZO0CFS', '雅力士', '00AU0BRW0BVH');
INSERT INTO `carmodel` VALUES ('420', '00AU0BRW0BVH0BZO0QbA', 'YARiS L 致炫', '00AU0BRW0BVH');
INSERT INTO `carmodel` VALUES ('421', '00AU0BRW0BVH0BZN0CFU', '花冠', '00AU0BRW0BVH');
INSERT INTO `carmodel` VALUES ('422', '00AU0BRW0BVH0BZO0QeW', '雷凌', '00AU0BRW0BVH');
INSERT INTO `carmodel` VALUES ('423', '00AU0BRW0BVH0BZN0CFT', '卡罗拉', '00AU0BRW0BVH');
INSERT INTO `carmodel` VALUES ('424', '00AU0BRW0BVH0BZN0CFV', '普锐斯', '00AU0BRW0BVH');
INSERT INTO `carmodel` VALUES ('425', '00AU0BRW0BVH0BZO0QeJ', '凯美瑞(第六代)', '00AU0BRW0BVH');
INSERT INTO `carmodel` VALUES ('426', '00AU0BRW0BVH0BZO0BcT', '凯美瑞(第七代)', '00AU0BRW0BVH');
INSERT INTO `carmodel` VALUES ('427', '00AU0BRW0BVH0BZN0CFQ', '锐志', '00AU0BRW0BVH');
INSERT INTO `carmodel` VALUES ('428', '00AU0BRW0BVH0BZM0CFN', 'FJ 酷路泽', '00AU0BRW0BVH');
INSERT INTO `carmodel` VALUES ('429', '00AU0BRW0BVH0BZM0CFZ', '普拉多(进口)', '00AU0BRW0BVH');
INSERT INTO `carmodel` VALUES ('430', '00AU0BRW0BVH0BZM0CMd', '兰德酷路泽(进口)', '00AU0BRW0BVH');
INSERT INTO `carmodel` VALUES ('431', '00AU0BRW0BVH0BZM0QLT', '坦途', '00AU0BRW0BVH');
INSERT INTO `carmodel` VALUES ('432', '00AU0BRW0BVH0BZM0QQL', '威飒', '00AU0BRW0BVH');
INSERT INTO `carmodel` VALUES ('433', '00AU0BRW0BVH0BZM0PSe', '埃尔法', '00AU0BRW0BVH');
INSERT INTO `carmodel` VALUES ('434', '00AU0BRW0BVH0BZM0CFO', '普瑞维亚', '00AU0BRW0BVH');
INSERT INTO `carmodel` VALUES ('435', '00AU0BRW0BVH0BZN0CFR', '皇冠', '00AU0BRW0BVH');
INSERT INTO `carmodel` VALUES ('436', '00AU0BRW0BVH0BZM0QLV', 'Sienna', '00AU0BRW0BVH');
INSERT INTO `carmodel` VALUES ('437', '00AU0BRW0BVH0BZN0COI', '特锐', '00AU0BRW0BVH');
INSERT INTO `carmodel` VALUES ('438', '00AU0BRW0BVH0BZM0Pad', '杰路驰', '00AU0BRW0BVH');
INSERT INTO `carmodel` VALUES ('439', '00AU0BRW0BVH0BZM0PXF', '丰田86', '00AU0BRW0BVH');
INSERT INTO `carmodel` VALUES ('440', '00AU0BRW0BVH0BZN0CFP', '丰田RAV4', '00AU0BRW0BVH');
INSERT INTO `carmodel` VALUES ('441', '00AU0BRW0BVH0BZO0PZE', '逸致', '00AU0BRW0BVH');
INSERT INTO `carmodel` VALUES ('442', '00AU0BRW0BVH0BZO0BcL', '汉兰达', '00AU0BRW0BVH');
INSERT INTO `carmodel` VALUES ('443', '00AU0BRW0BVH0BZN0CFY', '普拉多', '00AU0BRW0BVH');
INSERT INTO `carmodel` VALUES ('444', '00AU0BRW0BVH0BZN0CFX', '兰德酷路泽', '00AU0BRW0BVH');
INSERT INTO `carmodel` VALUES ('445', '00AU0BRW0BVH0BZM0PVJ', 'Toyota IQ', '00AU0BRW0BVH');
INSERT INTO `carmodel` VALUES ('446', '00AU0BRC0BWX0BcF0PXU', '法拉利458 Italia', '00AU0BRC0BWX');
INSERT INTO `carmodel` VALUES ('447', '00AU0BRC0BWX0BcF0CNH', '法拉利575M', '00AU0BRC0BWX');
INSERT INTO `carmodel` VALUES ('448', '00AU0BRC0BWX0BcF0CFa', '法拉利599', '00AU0BRC0BWX');
INSERT INTO `carmodel` VALUES ('449', '00AU0BRC0BWX0BcF0CFb', '法拉利612', '00AU0BRC0BWX');
INSERT INTO `carmodel` VALUES ('450', '00AU0BRC0BWX0BcF0QIH', '法拉利F12 berlinetta', '00AU0BRC0BWX');
INSERT INTO `carmodel` VALUES ('451', '00AU0BRC0BWX0BcF0PcW', '法拉利FF', '00AU0BRC0BWX');
INSERT INTO `carmodel` VALUES ('452', '00AU0BRC0BWX0BcF0CFc', '法拉利California', '00AU0BRC0BWX');
INSERT INTO `carmodel` VALUES ('453', '00AU0BRC0BWX0BcF0CNK', '法拉利F360', '00AU0BRC0BWX');
INSERT INTO `carmodel` VALUES ('454', '00AU0BRC0BWX0BcF0CFd', '法拉利F430', '00AU0BRC0BWX');
INSERT INTO `carmodel` VALUES ('455', '00AU0BRC0BWX0BcF0CNI', '法拉利ENZO', '00AU0BRC0BWX');
INSERT INTO `carmodel` VALUES ('456', '00AU0BRC0BWX0BcF0QTU', 'LaFerrari', '00AU0BRC0BWX');
INSERT INTO `carmodel` VALUES ('457', '00AU0BRC0BVG0BZL0PcH', '菲亚特500', '00AU0BRC0BVG');
INSERT INTO `carmodel` VALUES ('458', '00AU0BRC0BVG0CNX0CPD', '派力奥', '00AU0BRC0BVG');
INSERT INTO `carmodel` VALUES ('459', '00AU0BRC0BVG0CNX0COX', '西耶那', '00AU0BRC0BVG');
INSERT INTO `carmodel` VALUES ('460', '00AU0BRC0BVG0CNX0CPB', '派朗', '00AU0BRC0BVG');
INSERT INTO `carmodel` VALUES ('461', '00AU0BRC0BVG0CNX0CNY', '派力奥周末风', '00AU0BRC0BVG');
INSERT INTO `carmodel` VALUES ('462', '00AU0BRC0BVG0BZL0CGF', '朋多', '00AU0BRC0BVG');
INSERT INTO `carmodel` VALUES ('463', '00AU0BRC0BVG0BZL0CGE', '博悦', '00AU0BRC0BVG');
INSERT INTO `carmodel` VALUES ('464', '00AU0BRC0BVG0BZL0CGG', '领雅', '00AU0BRC0BVG');
INSERT INTO `carmodel` VALUES ('465', '00AU0BRC0BVG0PVQ0QIE', '菲翔', '00AU0BRC0BVG');
INSERT INTO `carmodel` VALUES ('466', '00AU0BRC0BVG0PVQ0QYJ', '致悦', '00AU0BRC0BVG');
INSERT INTO `carmodel` VALUES ('467', '00AU0BRC0BVG0BZL0PcX', '菲跃', '00AU0BRC0BVG');
INSERT INTO `carmodel` VALUES ('468', '00AU0BRd0BVJ0BYU0RWM', '伽途V3', '00AU0BRd0BVJ');
INSERT INTO `carmodel` VALUES ('469', '00AU0BRd0BVJ0BYU0DCJ', '蒙派克', '00AU0BRd0BVJ');
INSERT INTO `carmodel` VALUES ('470', '00AU0BRd0BVJ0BYU0QUX', '福田蒙派克S', '00AU0BRd0BVJ');
INSERT INTO `carmodel` VALUES ('471', '00AU0BRd0BVJ0BYU0CGD', '迷迪', '00AU0BRd0BVJ');
INSERT INTO `carmodel` VALUES ('472', '00AU0BRd0BVJ0BYU0QQD', '拓陆者', '00AU0BRd0BVJ');
INSERT INTO `carmodel` VALUES ('473', '00AU0BRd0BVJ0BYU0QOC', '萨普', '00AU0BRd0BVJ');
INSERT INTO `carmodel` VALUES ('474', '00AU0BRd0BVJ0BYU0RTO', '风景', '00AU0BRd0BVJ');
INSERT INTO `carmodel` VALUES ('475', '00AU0BRd0BVJ0BYU0RPb', '风景G7', '00AU0BRd0BVJ');
INSERT INTO `carmodel` VALUES ('476', '00AU0BSL0BTG0BbA0PYW', '探索者Ⅱ', '00AU0BSL0BTG');
INSERT INTO `carmodel` VALUES ('477', '00AU0BSL0BTG0BbA0PYX', '探索者III', '00AU0BSL0BTG');
INSERT INTO `carmodel` VALUES ('478', '00AU0BSL0BTG0BbA0PXT', '探索者6', '00AU0BSL0BTG');
INSERT INTO `carmodel` VALUES ('479', '00AU0BSL0BTG0BbA0QXB', '揽福', '00AU0BSL0BTG');
INSERT INTO `carmodel` VALUES ('480', '00AU0BSL0BTG0BbA0QQI', '雄狮F16', '00AU0BSL0BTG');
INSERT INTO `carmodel` VALUES ('481', '00AU0QfC0QfD0QfE0QfF', '启腾M70', '00AU0QfC0QfD');
INSERT INTO `carmodel` VALUES ('482', '00AU0BSa0DET0DEU0QPb', '传祺GA3', '00AU0BSa0DET');
INSERT INTO `carmodel` VALUES ('483', '00AU0BSa0DET0DEU0RTS', '传祺GA3S视界版', '00AU0BSa0DET');
INSERT INTO `carmodel` VALUES ('484', '00AU0BSa0DET0DEU0EXd', '传祺GA5', '00AU0BSa0DET');
INSERT INTO `carmodel` VALUES ('485', '00AU0BSa0DET0DEU0QcF', '传祺GA6', '00AU0BSa0DET');
INSERT INTO `carmodel` VALUES ('486', '00AU0BSa0DET0DEU0QFI', '传祺GS5', '00AU0BSa0DET');
INSERT INTO `carmodel` VALUES ('487', '00AU0BSa0DET0DEU0RUe', '传祺GS5速博', '00AU0BSa0DET');
INSERT INTO `carmodel` VALUES ('488', '00AU0BSP0QLI0QLJ0QLK', '观致3三厢', '00AU0BSP0QLI');
INSERT INTO `carmodel` VALUES ('489', '00AU0BSP0QLI0QLJ0QTP', '观致3五门版', '00AU0BSP0QLI');
INSERT INTO `carmodel` VALUES ('490', '00AU0BSP0QLI0QLJ0RWA', '观致3都市SUV', '00AU0BSP0QLI');
INSERT INTO `carmodel` VALUES ('491', '00AU0BSD0BXJ0BYW0DLE', '大蛇', '00AU0BSD0BXJ');
INSERT INTO `carmodel` VALUES ('492', '00AU0BSD0BXJ0BYW0DLG', '嘉路', '00AU0BSD0BXJ');
INSERT INTO `carmodel` VALUES ('493', '00AU0BSD0BXJ0BYW0DLC', '女王', '00AU0BSD0BXJ');
INSERT INTO `carmodel` VALUES ('494', '00AU0BRM0BXF0BXW0QOO', 'SAVANA', '00AU0BRM0BXF');
INSERT INTO `carmodel` VALUES ('495', '00AU0BRM0BXF0BXW0QON', 'SIERRA', '00AU0BRM0BXF');
INSERT INTO `carmodel` VALUES ('496', '00AU0BRM0BXF0BXW0QOU', 'TERRAIN', '00AU0BRM0BXF');
INSERT INTO `carmodel` VALUES ('497', '00AU0BSM0BTH0BYb0COb', '丘比特', '00AU0BSM0BTH');
INSERT INTO `carmodel` VALUES ('498', '00AU0BSM0BTH0BYb0CGZ', '福美来', '00AU0BSM0BTH');
INSERT INTO `carmodel` VALUES ('499', '00AU0BSM0BTH0BYb0QHD', '福美来VS', '00AU0BSM0BTH');
INSERT INTO `carmodel` VALUES ('500', '00AU0BSM0BTH0BYb0CGa', '海福星', '00AU0BSM0BTH');
INSERT INTO `carmodel` VALUES ('501', '00AU0BSM0BTH0BYb0CGb', '海马3', '00AU0BSM0BTH');
INSERT INTO `carmodel` VALUES ('502', '00AU0BSM0BTH0BYb0CGX', '欢动', '00AU0BSM0BTH');
INSERT INTO `carmodel` VALUES ('503', '00AU0BSM0BTH0BYb0QMB', '海马M3', '00AU0BSM0BTH');
INSERT INTO `carmodel` VALUES ('504', '00AU0BSM0BTH0BYb0QcU', '福美来M5', '00AU0BSM0BTH');
INSERT INTO `carmodel` VALUES ('505', '00AU0BSM0BTH0BYb0QVR', '海马M8', '00AU0BSM0BTH');
INSERT INTO `carmodel` VALUES ('506', '00AU0BSM0BTH0BYb0QaE', '海马S5', '00AU0BSM0BTH');
INSERT INTO `carmodel` VALUES ('507', '00AU0BSM0BTH0BYb0QWB', '海马S7', '00AU0BSM0BTH');
INSERT INTO `carmodel` VALUES ('508', '00AU0BSM0BTH0BYb0DCd', '海马骑士', '00AU0BSM0BTH');
INSERT INTO `carmodel` VALUES ('509', '00AU0BSM0BTH0BYb0CGY', '普力马', '00AU0BSM0BTH');
INSERT INTO `carmodel` VALUES ('510', '00AU0BTI0BTS0BYY0CGR', '路宝', '00AU0BTI0BTS');
INSERT INTO `carmodel` VALUES ('511', '00AU0BTI0BTS0BYY0CGT', '赛马', '00AU0BTI0BTS');
INSERT INTO `carmodel` VALUES ('512', '00AU0BTI0BTS0BYY0CGS', '赛豹III', '00AU0BTI0BTS');
INSERT INTO `carmodel` VALUES ('513', '00AU0BTI0BTS0BYY0CNZ', '赛豹V', '00AU0BTI0BTS');
INSERT INTO `carmodel` VALUES ('514', '00AU0BTI0BTS0BYY0QTc', '中意V5', '00AU0BTI0BTS');
INSERT INTO `carmodel` VALUES ('515', '00AU0BTI0BTS0BYY0QQY', '民意', '00AU0BTI0BTS');
INSERT INTO `carmodel` VALUES ('516', '00AU0BTI0BTS0BYY0QOI', '骏意', '00AU0BTI0BTS');
INSERT INTO `carmodel` VALUES ('517', '00AU0BTI0BTS0BYY0QQX', '路尊小霸王', '00AU0BTI0BTS');
INSERT INTO `carmodel` VALUES ('518', '00AU0BTE0BTT0BZR0QAB', '路盛E70', '00AU0BTE0BTT');
INSERT INTO `carmodel` VALUES ('519', '00AU0BTE0BTT0BZR0JZG', '华泰B11', '00AU0BTE0BTT');
INSERT INTO `carmodel` VALUES ('520', '00AU0BTE0BTT0BZR0QfH', '新圣达菲', '00AU0BTE0BTT');
INSERT INTO `carmodel` VALUES ('521', '00AU0BTE0BTT0BZR0CGO', '圣达菲', '00AU0BTE0BTT');
INSERT INTO `carmodel` VALUES ('522', '00AU0BTE0BTT0BZR0PUQ', '宝利格', '00AU0BTE0BTT');
INSERT INTO `carmodel` VALUES ('523', '00AU0BTE0BTT0BZR0CGP', '特拉卡', '00AU0BTE0BTT');
INSERT INTO `carmodel` VALUES ('524', '00AU0BRf0BVK0BZC0CGU', '悍马H2', '00AU0BRf0BVK');
INSERT INTO `carmodel` VALUES ('525', '00AU0BRf0BVK0BZC0QOJ', '悍马H2 SUT', '00AU0BRf0BVK');
INSERT INTO `carmodel` VALUES ('526', '00AU0BRf0BVK0BZC0CGV', '悍马H3', '00AU0BRf0BVK');
INSERT INTO `carmodel` VALUES ('527', '00AU0BSJ0BVM0Bad0QJS', '旗胜F1', '00AU0BSJ0BVM');
INSERT INTO `carmodel` VALUES ('528', '00AU0BSJ0BVM0Bad0PeZ', '旗胜V3', '00AU0BSJ0BVM');
INSERT INTO `carmodel` VALUES ('529', '00AU0BSJ0BVM0Bad0CGd', '旗胜CUV', '00AU0BSJ0BVM');
INSERT INTO `carmodel` VALUES ('530', '00AU0BSJ0BVM0Bad0QJP', '挑战者', '00AU0BSJ0BVM');
INSERT INTO `carmodel` VALUES ('531', '00AU0BSJ0BVM0Bad0QBQ', '翱龙', '00AU0BSJ0BVM');
INSERT INTO `carmodel` VALUES ('532', '00AU0BSJ0BVM0Bad0QRN', '大柴神', '00AU0BSJ0BVM');
INSERT INTO `carmodel` VALUES ('533', '00AU0BSJ0BVM0Bad0QJL', '大柴神至尊版', '00AU0BSJ0BVM');
INSERT INTO `carmodel` VALUES ('534', '00AU0BSJ0BVM0Bad0RQX', '黄海N1', '00AU0BSJ0BVM');
INSERT INTO `carmodel` VALUES ('535', '00AU0BRG0BVL0BZE0COT', '新明仕', '00AU0BRG0BVL');
INSERT INTO `carmodel` VALUES ('536', '00AU0BRG0BVL0BZE0QKY', '红旗H7', '00AU0BRG0BVL');
INSERT INTO `carmodel` VALUES ('537', '00AU0BRG0BVL0BZE0CGc', '红旗盛世', '00AU0BRG0BVL');
INSERT INTO `carmodel` VALUES ('538', '00AU0BRG0BVL0BZE0QYP', '红旗L5', '00AU0BRG0BVL');
INSERT INTO `carmodel` VALUES ('539', '00AU0BSU0BUD0BZQ0CGK', '海锋', '00AU0BSU0BUD');
INSERT INTO `carmodel` VALUES ('540', '00AU0BSU0BUD0BZQ0CGJ', '海景', '00AU0BSU0BUD');
INSERT INTO `carmodel` VALUES ('541', '00AU0BSU0BUD0BZQ0CGN', '海尚', '00AU0BSU0BUD');
INSERT INTO `carmodel` VALUES ('542', '00AU0BSU0BUD0BZQ0CNV', '海炫', '00AU0BSU0BUD');
INSERT INTO `carmodel` VALUES ('543', '00AU0BSU0BUD0BZQ0CGL', '海迅两厢', '00AU0BSU0BUD');
INSERT INTO `carmodel` VALUES ('544', '00AU0BSU0BUD0BZQ0QGS', '海迅三厢', '00AU0BSU0BUD');
INSERT INTO `carmodel` VALUES ('545', '00AU0BSU0BUD0BZQ0CGI', '海域三厢', '00AU0BSU0BUD');
INSERT INTO `carmodel` VALUES ('546', '00AU0BSU0BUD0BZQ0QGR', '海域两厢', '00AU0BSU0BUD');
INSERT INTO `carmodel` VALUES ('547', '00AU0BSU0BUD0BZQ0CGM', '海悦', '00AU0BSU0BUD');
INSERT INTO `carmodel` VALUES ('548', '00AU0QdQ0QdR0QdS0QdT', '海格H5C', '00AU0QdQ0QdR');
INSERT INTO `carmodel` VALUES ('549', '00AU0QdQ0QdR0QdS0QdU', '海格H5V', '00AU0QdQ0QdR');
INSERT INTO `carmodel` VALUES ('550', '00AU0BRG0EXN0EXU0QAE', '海马爱尚', '00AU0BRG0EXN');
INSERT INTO `carmodel` VALUES ('551', '00AU0BRG0EXN0EXU0EXV', '海马王子', '00AU0BRG0EXN');
INSERT INTO `carmodel` VALUES ('552', '00AU0BRG0EXN0EXU0QLU', '福仕达鸿达', '00AU0BRG0EXN');
INSERT INTO `carmodel` VALUES ('553', '00AU0BRG0EXN0EXU0QQa', '福仕达新鸿达', '00AU0BRG0EXN');
INSERT INTO `carmodel` VALUES ('554', '00AU0BRG0EXN0EXU0QQb', '福仕达新腾达', '00AU0BRG0EXN');
INSERT INTO `carmodel` VALUES ('555', '00AU0BRG0EXN0EXU0QQc', '福仕达荣达', '00AU0BRG0EXN');
INSERT INTO `carmodel` VALUES ('556', '00AU0QKS0QKT0QKU0QKW', '途腾T1', '00AU0QKS0QKT');
INSERT INTO `carmodel` VALUES ('557', '00AU0QKS0QKT0QKU0QKV', '途腾T2', '00AU0QKS0QKT');
INSERT INTO `carmodel` VALUES ('558', '00AU0QKS0QKT0QKU0QZf', '途腾T3', '00AU0QKS0QKT');
INSERT INTO `carmodel` VALUES ('559', '00AU0BSf0QUD0QUG0RPO', '哈弗H1', '00AU0BSf0QUD');
INSERT INTO `carmodel` VALUES ('560', '00AU0BSf0QUD0QUG0QUQ', '哈弗H2', '00AU0BSf0QUD');
INSERT INTO `carmodel` VALUES ('561', '00AU0BSf0QUD0QUG0CBY', '哈弗H3', '00AU0BSf0QUD');
INSERT INTO `carmodel` VALUES ('562', '00AU0BSf0QUD0QUG0DFd', '哈弗H5', '00AU0BSf0QUD');
INSERT INTO `carmodel` VALUES ('563', '00AU0BSf0QUD0QUG0OXd', '哈弗H6', '00AU0BSf0QUD');
INSERT INTO `carmodel` VALUES ('564', '00AU0BSf0QUD0QUG0QPe', '哈弗H8', '00AU0BSf0QUD');
INSERT INTO `carmodel` VALUES ('565', '00AU0BSf0QUD0QUG0QXA', '哈弗H9', '00AU0BSf0QUD');
INSERT INTO `carmodel` VALUES ('566', '00AU0BSf0QUD0QUG0PTf', '哈弗·派', '00AU0BSf0QUD');
INSERT INTO `carmodel` VALUES ('567', '00AU0BRS0BVO0BZW0CDQ', '指南者', '00AU0BRS0BVO');
INSERT INTO `carmodel` VALUES ('568', '00AU0BRS0BVO0BZW0CDR', '自由客', '00AU0BRS0BVO');
INSERT INTO `carmodel` VALUES ('569', '00AU0BRS0BVO0BZW0QTS', '自由光', '00AU0BRS0BVO');
INSERT INTO `carmodel` VALUES ('570', '00AU0BRS0BVO0BZW0CDP', '牧马人', '00AU0BRS0BVO');
INSERT INTO `carmodel` VALUES ('571', '00AU0BRS0BVO0BZW0CDO', '大切诺基(进口)', '00AU0BRS0BVO');
INSERT INTO `carmodel` VALUES ('572', '00AU0BRS0BVO0BZW0QFY', '大切诺基SRT8', '00AU0BRS0BVO');
INSERT INTO `carmodel` VALUES ('573', '00AU0BRS0BVO0BZW0CDM', '指挥官', '00AU0BRS0BVO');
INSERT INTO `carmodel` VALUES ('574', '00AU0BRS0BVO0BZW0CDU', 'Renegade自由侠', '00AU0BRS0BVO');
INSERT INTO `carmodel` VALUES ('575', '00AU0BRf0BVP0BZa0QZO', '捷豹XE', '00AU0BRf0BVP');
INSERT INTO `carmodel` VALUES ('576', '00AU0BRf0BVP0BZa0CHT', '捷豹XF', '00AU0BRf0BVP');
INSERT INTO `carmodel` VALUES ('577', '00AU0BRf0BVP0BZa0RPa', '捷豹XF Sportbrake', '00AU0BRf0BVP');
INSERT INTO `carmodel` VALUES ('578', '00AU0BRf0BVP0BZa0QDD', '捷豹XFR', '00AU0BRf0BVP');
INSERT INTO `carmodel` VALUES ('579', '00AU0BRf0BVP0BZa0CHV', '捷豹XK', '00AU0BRf0BVP');
INSERT INTO `carmodel` VALUES ('580', '00AU0BRf0BVP0BZa0QAC', '捷豹XKR', '00AU0BRf0BVP');
INSERT INTO `carmodel` VALUES ('581', '00AU0BRf0BVP0BZa0CHU', '捷豹XJ', '00AU0BRf0BVP');
INSERT INTO `carmodel` VALUES ('582', '00AU0BRf0BVP0BZa0QMZ', '捷豹F-TYPE', '00AU0BRf0BVP');
INSERT INTO `carmodel` VALUES ('583', '00AU0BRf0BVP0BZa0CMS', '捷豹S-TYPE', '00AU0BRf0BVP');
INSERT INTO `carmodel` VALUES ('584', '00AU0BSU0BUC0BZV0COP', '美日', '00AU0BSU0BUC');
INSERT INTO `carmodel` VALUES ('585', '00AU0BSU0BUC0BZV0CNT', '豪情', '00AU0BSU0BUC');
INSERT INTO `carmodel` VALUES ('586', '00AU0BSU0BUC0BZV0CHI', '优利欧', '00AU0BSU0BUC');
INSERT INTO `carmodel` VALUES ('587', '00AU0BSU0BUC0BZV0RQN', '吉利熊猫', '00AU0BSU0BUC');
INSERT INTO `carmodel` VALUES ('588', '00AU0BSU0BUC0BZV0RQT', '吉利SC3', '00AU0BSU0BUC');
INSERT INTO `carmodel` VALUES ('589', '00AU0BSU0BUC0BZV0RQP', '吉利自由舰', '00AU0BSU0BUC');
INSERT INTO `carmodel` VALUES ('590', '00AU0BSU0BUC0BZV0CHF', '吉利金刚三厢', '00AU0BSU0BUC');
INSERT INTO `carmodel` VALUES ('591', '00AU0BSU0BUC0BZV0RQS', '吉利金刚两厢', '00AU0BSU0BUC');
INSERT INTO `carmodel` VALUES ('592', '00AU0BSU0BUC0BZV0CHG', '金鹰', '00AU0BSU0BUC');
INSERT INTO `carmodel` VALUES ('593', '00AU0BSU0BUC0BZV0RQQ', '吉利海景', '00AU0BSU0BUC');
INSERT INTO `carmodel` VALUES ('594', '00AU0BSU0BUC0BZV0RQO', '吉利远景', '00AU0BSU0BUC');
INSERT INTO `carmodel` VALUES ('595', '00AU0BSU0BUC0BZV0RQU', '吉利英伦TX4', '00AU0BSU0BUC');
INSERT INTO `carmodel` VALUES ('596', '00AU0BSU0BUC0BZV0RQH', '吉利新帝豪三厢', '00AU0BSU0BUC');
INSERT INTO `carmodel` VALUES ('597', '00AU0BSU0BUC0BZV0RQI', '吉利新帝豪两厢', '00AU0BSU0BUC');
INSERT INTO `carmodel` VALUES ('598', '00AU0BSU0BUC0BZV0RQJ', '吉利EC8', '00AU0BSU0BUC');
INSERT INTO `carmodel` VALUES ('599', '00AU0BSU0BUC0BZV0RQL', '吉利GC7', '00AU0BSU0BUC');
INSERT INTO `carmodel` VALUES ('600', '00AU0BSU0BUC0BZV0RVf', '吉利GC9', '00AU0BSU0BUC');
INSERT INTO `carmodel` VALUES ('601', '00AU0BSU0BUC0BZV0RQK', '吉利GX7', '00AU0BSU0BUC');
INSERT INTO `carmodel` VALUES ('602', '00AU0BSU0BUC0BZV0RQR', '吉利SX7', '00AU0BSU0BUC');
INSERT INTO `carmodel` VALUES ('603', '00AU0BSU0BUC0BZV0RTf', '豪情SUV', '00AU0BSU0BUC');
INSERT INTO `carmodel` VALUES ('604', '00AU0BSU0BUC0BZV0COV', '美人豹', '00AU0BSU0BUC');
INSERT INTO `carmodel` VALUES ('605', '00AU0BSU0BUC0BZV0CHK', '中国龙', '00AU0BSU0BUC');
INSERT INTO `carmodel` VALUES ('606', '00AU0BTL0BTQ0BZX0CIE', '悦悦', '00AU0BTL0BTQ');
INSERT INTO `carmodel` VALUES ('607', '00AU0BTL0BTQ0BZX0CHY', '和悦A13', '00AU0BTL0BTQ');
INSERT INTO `carmodel` VALUES ('608', '00AU0BTL0BTQ0BZX0CHf', '和悦A13 RS', '00AU0BTL0BTQ');
INSERT INTO `carmodel` VALUES ('609', '00AU0BTL0BTQ0BZX0QPN', '和悦A30', '00AU0BTL0BTQ');
INSERT INTO `carmodel` VALUES ('610', '00AU0BTL0BTQ0BZX0CHZ', '和悦', '00AU0BTL0BTQ');
INSERT INTO `carmodel` VALUES ('611', '00AU0BTL0BTQ0BZX0CHb', '和悦RS', '00AU0BTL0BTQ');
INSERT INTO `carmodel` VALUES ('612', '00AU0BTL0BTQ0BZX0CHX', '宾悦', '00AU0BTL0BTQ');
INSERT INTO `carmodel` VALUES ('613', '00AU0BTL0BTQ0BZX0RRO', '瑞风S3', '00AU0BTL0BTQ');
INSERT INTO `carmodel` VALUES ('614', '00AU0BTL0BTQ0BZX0QLC', '瑞风S5', '00AU0BTL0BTQ');
INSERT INTO `carmodel` VALUES ('615', '00AU0BTL0BTQ0BZX0CHd', '瑞鹰', '00AU0BTL0BTQ');
INSERT INTO `carmodel` VALUES ('616', '00AU0BTL0BTQ0BZX0CHc', '瑞风', '00AU0BTL0BTQ');
INSERT INTO `carmodel` VALUES ('617', '00AU0BTL0BTQ0BZX0QfM', '瑞风M3', '00AU0BTL0BTQ');
INSERT INTO `carmodel` VALUES ('618', '00AU0BTL0BTQ0BZX0PeE', '瑞风M5', '00AU0BTL0BTQ');
INSERT INTO `carmodel` VALUES ('619', '00AU0BTL0BTQ0BZX0QVG', '瑞风M6', '00AU0BTL0BTQ');
INSERT INTO `carmodel` VALUES ('620', '00AU0BTL0BTQ0BZX0QOK', '星锐', '00AU0BTL0BTQ');
INSERT INTO `carmodel` VALUES ('621', '00AU0BSA0BSZ0BZU0QdD', '吉奥E美', '00AU0BSA0BSZ');
INSERT INTO `carmodel` VALUES ('622', '00AU0BSA0BSZ0BZU0PXJ', '奥轩G3', '00AU0BSA0BSZ');
INSERT INTO `carmodel` VALUES ('623', '00AU0BSA0BSZ0BZU0PZG', '奥轩G5', '00AU0BSA0BSZ');
INSERT INTO `carmodel` VALUES ('624', '00AU0BSA0BSZ0BZU0QIR', '奥轩GX5', '00AU0BSA0BSZ');
INSERT INTO `carmodel` VALUES ('625', '00AU0BSA0BSZ0BZU0QSG', '吉奥GX6', '00AU0BSA0BSZ');
INSERT INTO `carmodel` VALUES ('626', '00AU0BSA0BSZ0BZU0PSd', '奥轩', '00AU0BSA0BSZ');
INSERT INTO `carmodel` VALUES ('627', '00AU0BSA0BSZ0BZU0CLf', '凯睿', '00AU0BSA0BSZ');
INSERT INTO `carmodel` VALUES ('628', '00AU0BSA0BSZ0BZU0DCG', '帅豹', '00AU0BSA0BSZ');
INSERT INTO `carmodel` VALUES ('629', '00AU0BSA0BSZ0BZU0CHR', '帅舰', '00AU0BSA0BSZ');
INSERT INTO `carmodel` VALUES ('630', '00AU0BSA0BSZ0BZU0QaL', '星朗', '00AU0BSA0BSZ');
INSERT INTO `carmodel` VALUES ('631', '00AU0BSA0BSZ0BZU0DIE', '星旺', '00AU0BSA0BSZ');
INSERT INTO `carmodel` VALUES ('632', '00AU0BSA0BSZ0BZU0QWY', '星旺L', '00AU0BSA0BSZ');
INSERT INTO `carmodel` VALUES ('633', '00AU0BSA0BSZ0BZU0QRP', '星旺CL', '00AU0BSA0BSZ');
INSERT INTO `carmodel` VALUES ('634', '00AU0BSA0BSZ0BZU0QWJ', '财运100', '00AU0BSA0BSZ');
INSERT INTO `carmodel` VALUES ('635', '00AU0BSA0BSZ0BZU0QWK', '财运300', '00AU0BSA0BSZ');
INSERT INTO `carmodel` VALUES ('636', '00AU0BSA0BSZ0BZU0QWL', '财运500', '00AU0BSA0BSZ');
INSERT INTO `carmodel` VALUES ('637', '00AU0BSA0BSZ0BZU0RVN', '吉奥GP150', '00AU0BSA0BSZ');
INSERT INTO `carmodel` VALUES ('638', '00AU0BSA0BSZ0BZU0DIF', '新柴神', '00AU0BSA0BSZ');
INSERT INTO `carmodel` VALUES ('639', '00AU0BSV0BVQ0QeO0QAD', '金杯智尚S30', '00AU0BSV0BVQ');
INSERT INTO `carmodel` VALUES ('640', '00AU0BSV0BVQ0BZb0QCO', '金杯S50', '00AU0BSV0BVQ');
INSERT INTO `carmodel` VALUES ('641', '00AU0BSV0BVQ0BZb0QRR', '大海狮', '00AU0BSV0BVQ');
INSERT INTO `carmodel` VALUES ('642', '00AU0BSV0BVQ0BZb0CIJ', '阁瑞斯', '00AU0BSV0BVQ');
INSERT INTO `carmodel` VALUES ('643', '00AU0BSV0BVQ0QQe0QJW', '海星A7', '00AU0BSV0BVQ');
INSERT INTO `carmodel` VALUES ('644', '00AU0BSV0BVQ0BZb0QdY', '新海狮', '00AU0BSV0BVQ');
INSERT INTO `carmodel` VALUES ('645', '00AU0BSV0BVQ0QQe0QQf', '海星A9', '00AU0BSV0BVQ');
INSERT INTO `carmodel` VALUES ('646', '00AU0BSV0BVQ0QQe0QWM', '小海狮X30', '00AU0BSV0BVQ');
INSERT INTO `carmodel` VALUES ('647', '00AU0BSV0BVQ0BZb0QbS', '第六代海狮', '00AU0BSV0BVQ');
INSERT INTO `carmodel` VALUES ('648', '00AU0BSV0BVQ0BZb0QdZ', '第五代海狮', '00AU0BSV0BVQ');
INSERT INTO `carmodel` VALUES ('649', '00AU0BTM0BZY0BZZ0PUW', '驭胜', '00AU0BTM0BZY');
INSERT INTO `carmodel` VALUES ('650', '00AU0BTM0BZY0BZZ0QKd', '宝威', '00AU0BTM0BZY');
INSERT INTO `carmodel` VALUES ('651', '00AU0BTM0BZY0BZZ0QKX', '宝典', '00AU0BTM0BZY');
INSERT INTO `carmodel` VALUES ('652', '00AU0BTM0BZY0BZZ0QLB', '域虎', '00AU0BTM0BZY');
INSERT INTO `carmodel` VALUES ('653', '00AU0BTM0BZY0RVK0RVM', '骐铃T5', '00AU0BTM0BZY');
INSERT INTO `carmodel` VALUES ('654', '00AU0BRP0PUB0PUC0PUD', '江南TT', '00AU0BRP0PUB');
INSERT INTO `carmodel` VALUES ('655', '00AU0BRM0BVS0BcN0QMS', '凯迪拉克ATS-L', '00AU0BRM0BVS');
INSERT INTO `carmodel` VALUES ('656', '00AU0BRM0BVS0BcN0QOT', '凯迪拉克XTS', '00AU0BRM0BVS');
INSERT INTO `carmodel` VALUES ('657', '00AU0BRM0BVS0BZd0CCM', '凯迪拉克CTS(进口)', '00AU0BRM0BVS');
INSERT INTO `carmodel` VALUES ('658', '00AU0BRM0BVS0BZd0PfS', '凯迪拉克CTS-V', '00AU0BRM0BVS');
INSERT INTO `carmodel` VALUES ('659', '00AU0BRM0BVS0BZd0PYN', '凯迪拉克ATS(进口)', '00AU0BRM0BVS');
INSERT INTO `carmodel` VALUES ('660', '00AU0BRM0BVS0BZd0CCN', '凯迪拉克SRX(进口)', '00AU0BRM0BVS');
INSERT INTO `carmodel` VALUES ('661', '00AU0BRM0BVS0BZd0CCR', '凯雷德', '00AU0BRM0BVS');
INSERT INTO `carmodel` VALUES ('662', '00AU0BRM0BVS0BcN0CNJ', '凯迪拉克CTS', '00AU0BRM0BVS');
INSERT INTO `carmodel` VALUES ('663', '00AU0BRM0BVS0BcN0CCb', '凯迪拉克SLS赛威', '00AU0BRM0BVS');
INSERT INTO `carmodel` VALUES ('664', '00AU0BRM0BVS0BZd0CCO', '凯迪拉克XLR', '00AU0BRM0BVS');
INSERT INTO `carmodel` VALUES ('665', '00AU0BRH0BVT0BZe0PaX', '柯尼赛格Agera', '00AU0BRH0BVT');
INSERT INTO `carmodel` VALUES ('666', '00AU0BRH0BVT0BZe0CBd', '柯尼赛格CCXR', '00AU0BRH0BVT');
INSERT INTO `carmodel` VALUES ('667', '00AU0BRH0BVT0BZe0CBc', '柯尼赛格CCX', '00AU0BRH0BVT');
INSERT INTO `carmodel` VALUES ('668', '00AU0BRH0BVT0BZe0RRd', '柯尼赛格CCR', '00AU0BRH0BVT');
INSERT INTO `carmodel` VALUES ('669', '00AU0BSP0BUK0BZc0CIe', '优派', '00AU0BSP0BUK');
INSERT INTO `carmodel` VALUES ('670', '00AU0BSP0BUK0BZc0DCZ', '优胜', '00AU0BSP0BUK');
INSERT INTO `carmodel` VALUES ('671', '00AU0BSP0BUK0BZc0CIf', '优雅', '00AU0BSP0BUK');
INSERT INTO `carmodel` VALUES ('672', '00AU0BSP0BUK0BZc0DCT', '优优', '00AU0BSP0BUK');
INSERT INTO `carmodel` VALUES ('673', '00AU0BSP0BUK0BZc0QLX', '优劲', '00AU0BSP0BUK');
INSERT INTO `carmodel` VALUES ('674', '00AU0BSP0BUK0BZc0CJA', '优翼', '00AU0BSP0BUK');
INSERT INTO `carmodel` VALUES ('675', '00AU0RBE0RBF0RBG0RBH', 'KTM X-BOW GT', '00AU0RBE0RBF');
INSERT INTO `carmodel` VALUES ('676', '00AU0QNN0QNP0QNQ0QNR', 'Knight XV', '00AU0QNN0QNP');
INSERT INTO `carmodel` VALUES ('677', '00AU0BRS0BVU0BcM0CCA', '铂锐', '00AU0BRS0BVU');
INSERT INTO `carmodel` VALUES ('678', '00AU0BRS0BVU0BZf0CCF', 'PT 漫步者', '00AU0BRS0BVU');
INSERT INTO `carmodel` VALUES ('679', '00AU0BRS0BVU0BcM0CCB', '克莱斯勒300C', '00AU0BRS0BVU');
INSERT INTO `carmodel` VALUES ('680', '00AU0BRS0BVU0BZf0CMX', '克莱斯勒300C(进口)', '00AU0BRS0BVU');
INSERT INTO `carmodel` VALUES ('681', '00AU0BRS0BVU0BZf0QMW', '大捷龙(进口)', '00AU0BRS0BVU');
INSERT INTO `carmodel` VALUES ('682', '00AU0BRS0BVU0BZf0PYa', '克莱斯勒Town and Country', '00AU0BRS0BVU');
INSERT INTO `carmodel` VALUES ('683', '00AU0BRS0BVU0BaA0CCE', '大捷龙', '00AU0BRS0BVU');
INSERT INTO `carmodel` VALUES ('684', '00AU0BRS0BVU0BZf0RRf', '猎兽', '00AU0BRS0BVU');
INSERT INTO `carmodel` VALUES ('685', '00AU0QFD0QFE0QFF0QFG', '战盾', '00AU0QFD0QFE');
INSERT INTO `carmodel` VALUES ('686', '00AU0BSP0RTT0RUB0RUF', '凯翼C3', '00AU0BSP0RTT');
INSERT INTO `carmodel` VALUES ('687', '00AU0BSa0BTZ0BYV0CAL', '飞腾', '00AU0BSa0BTZ');
INSERT INTO `carmodel` VALUES ('688', '00AU0BSa0BTZ0BYV0QNV', '飞腾时尚版', '00AU0BSa0BTZ');
INSERT INTO `carmodel` VALUES ('689', '00AU0BSa0BTZ0BYV0QWH', '飞腾C5', '00AU0BSa0BTZ');
INSERT INTO `carmodel` VALUES ('690', '00AU0BSa0BTZ0BYV0CAN', '猎豹CS6', '00AU0BSa0BTZ');
INSERT INTO `carmodel` VALUES ('691', '00AU0BSa0BTZ0BYV0CAO', '猎豹CS7', '00AU0BSa0BTZ');
INSERT INTO `carmodel` VALUES ('692', '00AU0BSa0BTZ0BYV0PXW', '黑金刚', '00AU0BSa0BTZ');
INSERT INTO `carmodel` VALUES ('693', '00AU0BSa0BTZ0BYV0QOE', '猎豹6481', '00AU0BSa0BTZ');
INSERT INTO `carmodel` VALUES ('694', '00AU0BSa0BTZ0BYV0QVL', '猎豹Q6', '00AU0BSa0BTZ');
INSERT INTO `carmodel` VALUES ('695', '00AU0BSa0BTZ0BYV0CAI', '骐菱', '00AU0BSa0BTZ');
INSERT INTO `carmodel` VALUES ('696', '00AU0BSa0BTZ0BYV0QcN', '猎豹CT5', '00AU0BSa0BTZ');
INSERT INTO `carmodel` VALUES ('697', '00AU0BSa0BTZ0BYV0QcO', '飞铃', '00AU0BSa0BTZ');
INSERT INTO `carmodel` VALUES ('698', '00AU0BSa0BTZ0BYV0QOB', '飞扬', '00AU0BSa0BTZ');
INSERT INTO `carmodel` VALUES ('699', '00AU0BRW0BVX0BaF0PUH', '雷克萨斯CT200h', '00AU0BRW0BVX');
INSERT INTO `carmodel` VALUES ('700', '00AU0BRW0BVX0BaF0CCU', '雷克萨斯IS', '00AU0BRW0BVX');
INSERT INTO `carmodel` VALUES ('701', '00AU0BRW0BVX0BaF0CCS', '雷克萨斯ES', '00AU0BRW0BVX');
INSERT INTO `carmodel` VALUES ('702', '00AU0BRW0BVX0BaF0CCT', '雷克萨斯GS', '00AU0BRW0BVX');
INSERT INTO `carmodel` VALUES ('703', '00AU0BRW0BVX0BaF0CCV', '雷克萨斯LS', '00AU0BRW0BVX');
INSERT INTO `carmodel` VALUES ('704', '00AU0BRW0BVX0BaF0RPe', '雷克萨斯NX', '00AU0BRW0BVX');
INSERT INTO `carmodel` VALUES ('705', '00AU0BRW0BVX0BaF0CCX', '雷克萨斯RX', '00AU0BRW0BVX');
INSERT INTO `carmodel` VALUES ('706', '00AU0BRW0BVX0BaF0CMB', '雷克萨斯GX', '00AU0BRW0BVX');
INSERT INTO `carmodel` VALUES ('707', '00AU0BRW0BVX0BaF0CCW', '雷克萨斯LX', '00AU0BRW0BVX');
INSERT INTO `carmodel` VALUES ('708', '00AU0BRW0BVX0BaF0DIM', '雷克萨斯LFA', '00AU0BRW0BVX');
INSERT INTO `carmodel` VALUES ('709', '00AU0BRW0BVX0BaF0Qea', '雷克萨斯RC F', '00AU0BRW0BVX');
INSERT INTO `carmodel` VALUES ('710', '00AU0BRf0BVc0BaP0CEO', '神行者2', '00AU0BRf0BVc');
INSERT INTO `carmodel` VALUES ('711', '00AU0BRf0BVc0BaP0RUS', '发现神行', '00AU0BRf0BVc');
INSERT INTO `carmodel` VALUES ('712', '00AU0BRf0BVc0BaP0PVS', '揽胜极光(进口)', '00AU0BRf0BVc');
INSERT INTO `carmodel` VALUES ('713', '00AU0BRf0BVc0BaP0CEL', '发现3', '00AU0BRf0BVc');
INSERT INTO `carmodel` VALUES ('714', '00AU0BRf0BVc0BaP0CEK', '第四代发现', '00AU0BRf0BVc');
INSERT INTO `carmodel` VALUES ('715', '00AU0BRf0BVc0BaP0CEN', '揽胜运动版', '00AU0BRf0BVc');
INSERT INTO `carmodel` VALUES ('716', '00AU0BRf0BVc0BaP0CEM', '揽胜', '00AU0BRf0BVc');
INSERT INTO `carmodel` VALUES ('717', '00AU0BRf0BVc0BaP0CEP', '卫士', '00AU0BRf0BVc');
INSERT INTO `carmodel` VALUES ('718', '00AU0BSB0BVb0BcH0PUa', '派喜', '00AU0BSB0BVb');
INSERT INTO `carmodel` VALUES ('719', '00AU0BSB0BVb0BcH0CDb', '北斗星', '00AU0BSB0BVb');
INSERT INTO `carmodel` VALUES ('720', '00AU0BSB0BVb0BcH0QPG', '北斗星X5', '00AU0BSB0BVb');
INSERT INTO `carmodel` VALUES ('721', '00AU0BSB0BVb0BcH0CDd', '利亚纳两厢', '00AU0BSB0BVb');
INSERT INTO `carmodel` VALUES ('722', '00AU0BSB0BVb0BcH0QGY', '利亚纳三厢', '00AU0BSB0BVb');
INSERT INTO `carmodel` VALUES ('723', '00AU0BSB0BVb0BcH0Qae', '利亚纳A6两厢', '00AU0BSB0BVb');
INSERT INTO `carmodel` VALUES ('724', '00AU0BSB0BVb0BcH0QVX', '利亚纳A6三厢', '00AU0BSB0BVb');
INSERT INTO `carmodel` VALUES ('725', '00AU0BSB0BVb0BcG0CDZ', '奥拓', '00AU0BSB0BVb');
INSERT INTO `carmodel` VALUES ('726', '00AU0BSB0BVb0BcG0CDa', '雨燕', '00AU0BSB0BVb');
INSERT INTO `carmodel` VALUES ('727', '00AU0BSB0BVb0BcG0CDX', '羚羊', '00AU0BSB0BVb');
INSERT INTO `carmodel` VALUES ('728', '00AU0BSB0BVb0BcG0CDY', '天语 SX4', '00AU0BSB0BVb');
INSERT INTO `carmodel` VALUES ('729', '00AU0BSB0BVb0BcG0PaW', '天语尚悦', '00AU0BSB0BVb');
INSERT INTO `carmodel` VALUES ('730', '00AU0BSB0BVb0BaO0QeS', '速翼特 运动', '00AU0BSB0BVb');
INSERT INTO `carmodel` VALUES ('731', '00AU0BSB0BVb0BaO0EZC', '凯泽西', '00AU0BSB0BVb');
INSERT INTO `carmodel` VALUES ('732', '00AU0BSB0BVb0BaO0CDf', '吉姆尼', '00AU0BSB0BVb');
INSERT INTO `carmodel` VALUES ('733', '00AU0BSB0BVb0BaO0CDe', '超级维特拉', '00AU0BSB0BVb');
INSERT INTO `carmodel` VALUES ('734', '00AU0BSB0BVb0BcH0CDc', '浪迪', '00AU0BSB0BVb');
INSERT INTO `carmodel` VALUES ('735', '00AU0BSB0BVb0BcG0QXZ', '启悦', '00AU0BSB0BVb');
INSERT INTO `carmodel` VALUES ('736', '00AU0BSB0BVb0BcG0QbQ', '锋驭', '00AU0BSB0BVb');
INSERT INTO `carmodel` VALUES ('737', '00AU0BRA0BVV0BaB0CBe', 'Gallardo', '00AU0BRA0BVV');
INSERT INTO `carmodel` VALUES ('738', '00AU0BRA0BVV0BaB0CBf', 'Murcielago', '00AU0BRA0BVV');
INSERT INTO `carmodel` VALUES ('739', '00AU0BRA0BVV0BaB0CCC', 'Reventon', '00AU0BRA0BVV');
INSERT INTO `carmodel` VALUES ('740', '00AU0BRA0BVV0BaB0PdZ', 'Aventador', '00AU0BRA0BVV');
INSERT INTO `carmodel` VALUES ('741', '00AU0BRA0BVV0BaB0QeL', 'Huracan', '00AU0BRA0BVV');
INSERT INTO `carmodel` VALUES ('742', '00AU0BRB0BVW0BaE0QTG', 'Wraith魅影', '00AU0BRB0BVW');
INSERT INTO `carmodel` VALUES ('743', '00AU0BRB0BVW0BaE0CCD', '古思特', '00AU0BRB0BVW');
INSERT INTO `carmodel` VALUES ('744', '00AU0BRB0BVW0BaE0CCQ', '幻影', '00AU0BRB0BVW');
INSERT INTO `carmodel` VALUES ('745', '00AU0BRV0BVY0BaH0CDC', '梅甘娜', '00AU0BRV0BVY');
INSERT INTO `carmodel` VALUES ('746', '00AU0BRV0BVY0BaH0RTL', '梅甘娜RS', '00AU0BRV0BVY');
INSERT INTO `carmodel` VALUES ('747', '00AU0BRV0BVY0BaH0PcZ', '风朗', '00AU0BRV0BVY');
INSERT INTO `carmodel` VALUES ('748', '00AU0BRV0BVY0BaH0CDB', '拉古那', '00AU0BRV0BVY');
INSERT INTO `carmodel` VALUES ('749', '00AU0BRV0BVY0BaH0PVY', '纬度', '00AU0BRV0BVY');
INSERT INTO `carmodel` VALUES ('750', '00AU0BRV0BVY0BaH0QHX', '塔利斯曼', '00AU0BRV0BVY');
INSERT INTO `carmodel` VALUES ('751', '00AU0BRV0BVY0BaH0CDA', '科雷傲', '00AU0BRV0BVY');
INSERT INTO `carmodel` VALUES ('752', '00AU0BRV0BVY0BaH0CCe', '风景', '00AU0BRV0BVY');
INSERT INTO `carmodel` VALUES ('753', '00AU0BRV0BVY0BaH0QXa', 'Espace', '00AU0BRV0BVY');
INSERT INTO `carmodel` VALUES ('754', '00AU0BTK0BTR0BaJ0CDE', '力帆320', '00AU0BTK0BTR');
INSERT INTO `carmodel` VALUES ('755', '00AU0BTK0BTR0BaJ0QUS', '力帆330', '00AU0BTK0BTR');
INSERT INTO `carmodel` VALUES ('756', '00AU0BTK0BTR0BaJ0PYR', '力帆520', '00AU0BTK0BTR');
INSERT INTO `carmodel` VALUES ('757', '00AU0BTK0BTR0BaJ0CDF', '力帆520i', '00AU0BTK0BTR');
INSERT INTO `carmodel` VALUES ('758', '00AU0BTK0BTR0BaJ0QJJ', '力帆530', '00AU0BTK0BTR');
INSERT INTO `carmodel` VALUES ('759', '00AU0BTK0BTR0BaJ0CDH', '力帆620', '00AU0BTK0BTR');
INSERT INTO `carmodel` VALUES ('760', '00AU0BTK0BTR0BaJ0QUU', '力帆630', '00AU0BTK0BTR');
INSERT INTO `carmodel` VALUES ('761', '00AU0BTK0BTR0BaJ0PeT', '力帆720', '00AU0BTK0BTR');
INSERT INTO `carmodel` VALUES ('762', '00AU0BTK0BTR0BaJ0QcI', '力帆X50', '00AU0BTK0BTR');
INSERT INTO `carmodel` VALUES ('763', '00AU0BTK0BTR0BaJ0PbB', '力帆X60', '00AU0BTK0BTR');
INSERT INTO `carmodel` VALUES ('764', '00AU0BTK0BTR0BaJ0QRL', '丰顺', '00AU0BTK0BTR');
INSERT INTO `carmodel` VALUES ('765', '00AU0BTK0BTR0BaJ0QRK', '兴顺', '00AU0BTK0BTR');
INSERT INTO `carmodel` VALUES ('766', '00AU0BTM0BcP0BcQ0CEA', '风华', '00AU0BTM0BcP');
INSERT INTO `carmodel` VALUES ('767', '00AU0BTM0BcP0BcQ0QKa', '陆风X5', '00AU0BTM0BcP');
INSERT INTO `carmodel` VALUES ('768', '00AU0BTM0BcP0BcQ0CEC', '陆风X6', '00AU0BTM0BcP');
INSERT INTO `carmodel` VALUES ('769', '00AU0BTM0BcP0BcQ0RRC', '陆风X7', '00AU0BTM0BcP');
INSERT INTO `carmodel` VALUES ('770', '00AU0BTM0BcP0BcQ0CED', '陆风X8', '00AU0BTM0BcP');
INSERT INTO `carmodel` VALUES ('771', '00AU0BTM0BcP0BcQ0CEE', '陆风X9', '00AU0BTM0BcP');
INSERT INTO `carmodel` VALUES ('772', '00AU0BTM0BcP0BcQ0CEB', '陆风风尚', '00AU0BTM0BcP');
INSERT INTO `carmodel` VALUES ('773', '00AU0BRO0BVa0BaM0QDH', '林肯MKZ', '00AU0BRO0BVa');
INSERT INTO `carmodel` VALUES ('774', '00AU0BRO0BVa0BaM0QNS', '林肯MKS', '00AU0BRO0BVa');
INSERT INTO `carmodel` VALUES ('775', '00AU0BRO0BVa0BaM0CMY', '城市', '00AU0BRO0BVa');
INSERT INTO `carmodel` VALUES ('776', '00AU0BRO0BVa0BaM0QRd', '林肯MKC', '00AU0BRO0BVa');
INSERT INTO `carmodel` VALUES ('777', '00AU0BRO0BVa0BaM0QEX', '林肯MKX', '00AU0BRO0BVa');
INSERT INTO `carmodel` VALUES ('778', '00AU0BRO0BVa0BaM0QEY', '林肯MKT', '00AU0BRO0BVa');
INSERT INTO `carmodel` VALUES ('779', '00AU0BRO0BVa0BaM0CDW', '领航员', '00AU0BRO0BVa');
INSERT INTO `carmodel` VALUES ('780', '00AU0BSI0BTC0Baa0QIY', '莲花L3三厢', '00AU0BSI0BTC');
INSERT INTO `carmodel` VALUES ('781', '00AU0BSI0BTC0Baa0CDV', '莲花L3两厢', '00AU0BSI0BTC');
INSERT INTO `carmodel` VALUES ('782', '00AU0BSI0BTC0Baa0PUO', '莲花L5', '00AU0BSI0BTC');
INSERT INTO `carmodel` VALUES ('783', '00AU0BSI0BTC0Baa0CDS', '竞速', '00AU0BSI0BTC');
INSERT INTO `carmodel` VALUES ('784', '00AU0BSI0BTC0Baa0CDT', '竞悦', '00AU0BSI0BTC');
INSERT INTO `carmodel` VALUES ('785', '00AU0QYY0QYZ0QYa0QYf', '艾威', '00AU0QYY0QYZ');
INSERT INTO `carmodel` VALUES ('786', '00AU0QYY0QYZ0QYa0QYb', '陆地方舟V5', '00AU0QYY0QYZ');
INSERT INTO `carmodel` VALUES ('787', '00AU0QYY0QYZ0QYa0QYd', '劲玛', '00AU0QYY0QYZ');
INSERT INTO `carmodel` VALUES ('788', '00AU0QYY0QYZ0QYa0QYc', '风尚', '00AU0QYY0QYZ');
INSERT INTO `carmodel` VALUES ('789', '00AU0BRK0BVZ0BaK0QCN', '路特斯Evora', '00AU0BRK0BVZ');
INSERT INTO `carmodel` VALUES ('790', '00AU0BRK0BVZ0BaK0QEe', '路特斯Evora GTE', '00AU0BRK0BVZ');
INSERT INTO `carmodel` VALUES ('791', '00AU0BRK0BVZ0BaK0CDJ', '路特斯Elise', '00AU0BRK0BVZ');
INSERT INTO `carmodel` VALUES ('792', '00AU0BRK0BVZ0BaK0QDK', '路特斯Exige', '00AU0BRK0BVZ');
INSERT INTO `carmodel` VALUES ('793', '00AU0BQf0DJY0DJZ0QBa', '劳伦士奔驰E级', '00AU0BQf0DJY');
INSERT INTO `carmodel` VALUES ('794', '00AU0BQf0DJY0DJZ0QBY', '劳伦士奔驰S级', '00AU0BQf0DJY');
INSERT INTO `carmodel` VALUES ('795', '00AU0BQf0DJY0DJZ0QBX', '劳伦士奔驰G级', '00AU0BQf0DJY');
INSERT INTO `carmodel` VALUES ('796', '00AU0BQf0DJY0DJZ0QBZ', '劳伦士奔驰ML级', '00AU0BQf0DJY');
INSERT INTO `carmodel` VALUES ('797', '00AU0BSa0DLL0DLM0PbL', '理念S1', '00AU0BSa0DLL');
INSERT INTO `carmodel` VALUES ('798', '00AU0BRO0BVe0BaT0RBA', '马自达6 ATENZA阿特兹', '00AU0BRO0BVe');
INSERT INTO `carmodel` VALUES ('799', '00AU0BRO0BVe0BaT0CJK', '马自达6', '00AU0BRO0BVe');
INSERT INTO `carmodel` VALUES ('800', '00AU0BRO0BVe0BaT0PfT', '马自达6旅行版', '00AU0BRO0BVe');
INSERT INTO `carmodel` VALUES ('801', '00AU0BRO0BVe0BaT0CJM', '睿翼', '00AU0BRO0BVe');
INSERT INTO `carmodel` VALUES ('802', '00AU0BRO0BVe0BaT0QEA', '马自达CX-7', '00AU0BRO0BVe');
INSERT INTO `carmodel` VALUES ('803', '00AU0BRO0BVe0BaS0CJG', '马自达2', '00AU0BRO0BVe');
INSERT INTO `carmodel` VALUES ('804', '00AU0BRO0BVe0BaS0CJI', '马自达2劲翔', '00AU0BRO0BVe');
INSERT INTO `carmodel` VALUES ('805', '00AU0BRO0BVe0BaS0Qfe', '马自达3 AXELA昂克赛拉两厢', '00AU0BRO0BVe');
INSERT INTO `carmodel` VALUES ('806', '00AU0BRO0BVe0BaS0Qfd', '马自达3 AXELA昂克赛拉三厢', '00AU0BRO0BVe');
INSERT INTO `carmodel` VALUES ('807', '00AU0BRO0BVe0BaS0QCb', '马自达3星骋两厢', '00AU0BRO0BVe');
INSERT INTO `carmodel` VALUES ('808', '00AU0BRO0BVe0BaS0QGX', '马自达3星骋三厢', '00AU0BRO0BVe');
INSERT INTO `carmodel` VALUES ('809', '00AU0BRO0BVe0BaS0CJJ', '马自达3经典', '00AU0BRO0BVe');
INSERT INTO `carmodel` VALUES ('810', '00AU0BRO0BVe0BaQ0CJR', '马自达3(进口)', '00AU0BRO0BVe');
INSERT INTO `carmodel` VALUES ('811', '00AU0BRO0BVe0QLE0QLH', '福美来(合资)', '00AU0BRO0BVe');
INSERT INTO `carmodel` VALUES ('812', '00AU0BRO0BVe0BaQ0CJQ', 'ATENZA(马自达6)', '00AU0BRO0BVe');
INSERT INTO `carmodel` VALUES ('813', '00AU0BRO0BVe0BaS0QQQ', '马自达CX-5', '00AU0BRO0BVe');
INSERT INTO `carmodel` VALUES ('814', '00AU0BRO0BVe0BaQ0QDW', '马自达CX-5(进口)', '00AU0BRO0BVe');
INSERT INTO `carmodel` VALUES ('815', '00AU0BRO0BVe0BaQ0CJU', '马自达CX-7(进口)', '00AU0BRO0BVe');
INSERT INTO `carmodel` VALUES ('816', '00AU0BRO0BVe0BaQ0QDE', '马自达CX-9', '00AU0BRO0BVe');
INSERT INTO `carmodel` VALUES ('817', '00AU0BRO0BVe0QLE0QLF', '普力马(合资)', '00AU0BRO0BVe');
INSERT INTO `carmodel` VALUES ('818', '00AU0BRO0BVe0BaQ0CJT', '马自达5', '00AU0BRO0BVe');
INSERT INTO `carmodel` VALUES ('819', '00AU0BRO0BVe0BaQ0CJZ', '马自达RX-8', '00AU0BRO0BVe');
INSERT INTO `carmodel` VALUES ('820', '00AU0BRO0BVe0BaT0PVc', '马自达8', '00AU0BRO0BVe');
INSERT INTO `carmodel` VALUES ('821', '00AU0BQf0BWA0BaX0CJF', '迈巴赫', '00AU0BQf0BWA');
INSERT INTO `carmodel` VALUES ('822', '00AU0BRB0BWB0BXY0CIS', 'MINI三门掀背', '00AU0BRB0BWB');
INSERT INTO `carmodel` VALUES ('823', '00AU0BRB0BWB0BXY0RRM', 'MINI五门掀背', '00AU0BRB0BWB');
INSERT INTO `carmodel` VALUES ('824', '00AU0BRB0BWB0BXY0CIZ', 'MINI敞篷', '00AU0BRB0BWB');
INSERT INTO `carmodel` VALUES ('825', '00AU0BRB0BWB0QXN0QXO', 'MINI JCW三门轿跑车', '00AU0BRB0BWB');
INSERT INTO `carmodel` VALUES ('826', '00AU0BRB0BWB0BXY0CIU', 'MINI旅行车', '00AU0BRB0BWB');
INSERT INTO `carmodel` VALUES ('827', '00AU0BRB0BWB0QXN0QXP', 'MINI JCW旅行车', '00AU0BRB0BWB');
INSERT INTO `carmodel` VALUES ('828', '00AU0BRB0BWB0BXY0OVJ', 'MINI全能SUV', '00AU0BRB0BWB');
INSERT INTO `carmodel` VALUES ('829', '00AU0BRB0BWB0QXN0QXT', 'MINI JCW全能SUV', '00AU0BRB0BWB');
INSERT INTO `carmodel` VALUES ('830', '00AU0BRB0BWB0BXY0QCZ', 'MINI硬顶跑车', '00AU0BRB0BWB');
INSERT INTO `carmodel` VALUES ('831', '00AU0BRB0BWB0QXN0QXS', 'MINI JCW硬顶跑车', '00AU0BRB0BWB');
INSERT INTO `carmodel` VALUES ('832', '00AU0BRB0BWB0BXY0QEc', 'MINI敞篷跑车', '00AU0BRB0BWB');
INSERT INTO `carmodel` VALUES ('833', '00AU0BRB0BWB0BXY0PbA', 'MINI轿跑SUV', '00AU0BRB0BWB');
INSERT INTO `carmodel` VALUES ('834', '00AU0BRB0BWB0QXN0QXR', 'MINI JCW轿跑SUV', '00AU0BRB0BWB');
INSERT INTO `carmodel` VALUES ('835', '00AU0BRN0BVd0BXX0PaV', 'MG 3', '00AU0BRN0BVd');
INSERT INTO `carmodel` VALUES ('836', '00AU0BRN0BVd0BXX0CIL', 'MG 3SW', '00AU0BRN0BVd');
INSERT INTO `carmodel` VALUES ('837', '00AU0BRN0BVd0BXX0CIN', 'MG 5', '00AU0BRN0BVd');
INSERT INTO `carmodel` VALUES ('838', '00AU0BRN0BVd0BXX0RRX', 'MG GT', '00AU0BRN0BVd');
INSERT INTO `carmodel` VALUES ('839', '00AU0BRN0BVd0BXX0CIP', 'MG 6', '00AU0BRN0BVd');
INSERT INTO `carmodel` VALUES ('840', '00AU0BRN0BVd0BXX0CIM', 'MG 7', '00AU0BRN0BVd');
INSERT INTO `carmodel` VALUES ('841', '00AU0BRN0BVd0BXX0CIQ', 'MG TF', '00AU0BRN0BVd');
INSERT INTO `carmodel` VALUES ('842', '00AU0BRC0BVf0BaV0QSd', '吉博力', '00AU0BRC0BVf');
INSERT INTO `carmodel` VALUES ('843', '00AU0BRC0BVf0BaV0CJC', '总裁', '00AU0BRC0BVf');
INSERT INTO `carmodel` VALUES ('844', '00AU0BRC0BVf0BaV0DFP', '玛莎拉蒂GranCabrio', '00AU0BRC0BVf');
INSERT INTO `carmodel` VALUES ('845', '00AU0BRC0BVf0BaV0CJB', '玛莎拉蒂GranTurismo', '00AU0BRC0BVf');
INSERT INTO `carmodel` VALUES ('846', '00AU0BRC0BVf0BaV0COC', '玛莎拉蒂Spyder', '00AU0BRC0BVf');
INSERT INTO `carmodel` VALUES ('847', '00AU0BRC0BVf0BaV0COY', '玛莎拉蒂COUPE', '00AU0BRC0BVf');
INSERT INTO `carmodel` VALUES ('848', '00AU0BRC0BVf0BaV0COZ', '玛莎拉蒂3200GT', '00AU0BRC0BVf');
INSERT INTO `carmodel` VALUES ('849', '00AU0BRC0BVf0BaV0RSU', 'GS Zagato', '00AU0BRC0BVf');
INSERT INTO `carmodel` VALUES ('850', '00AU0BRC0BVf0BaV0RSS', 'GranSport MC Victory', '00AU0BRC0BVf');
INSERT INTO `carmodel` VALUES ('851', '00AU0BRC0BVf0BaV0RST', 'GranSport Spyder', '00AU0BRC0BVf');
INSERT INTO `carmodel` VALUES ('852', '00AU0BRC0BVf0BaV0RSR', '玛莎拉蒂GranSport', '00AU0BRC0BVf');
INSERT INTO `carmodel` VALUES ('853', '00AU0QLY0QLZ0QLa0QLb', 'Aero Coupe', '00AU0QLY0QLZ');
INSERT INTO `carmodel` VALUES ('854', '00AU0QLY0QLZ0QLa0QYD', 'Roadster', '00AU0QLY0QLZ');
INSERT INTO `carmodel` VALUES ('855', '00AU0QLY0QLZ0QLa0QYE', 'Plus 8', '00AU0QLY0QLZ');
INSERT INTO `carmodel` VALUES ('856', '00AU0QLY0QLZ0QLa0RQV', '摩根3-Wheeler', '00AU0QLY0QLZ');
INSERT INTO `carmodel` VALUES ('857', '00AU0DEF0QBG0QBH0QBI', '迈凯伦12C', '00AU0DEF0QBG');
INSERT INTO `carmodel` VALUES ('858', '00AU0DEF0QBG0QBH0QZW', '迈凯伦650 S', '00AU0DEF0QBG');
INSERT INTO `carmodel` VALUES ('859', '00AU0DEF0QBG0QBH0QUE', '迈凯伦P1', '00AU0DEF0QBG');
INSERT INTO `carmodel` VALUES ('860', '00AU0PaZ0Paa0Pab0Pac', 'Melkus RS2000', '00AU0PaZ0Paa');
INSERT INTO `carmodel` VALUES ('861', '00AU0BRI0PbQ0PbR0QFU', '纳智捷 5 Sedan', '00AU0BRI0PbQ');
INSERT INTO `carmodel` VALUES ('862', '00AU0BRI0PbQ0PbR0QMY', '纳智捷优6 SUV', '00AU0BRI0PbQ');
INSERT INTO `carmodel` VALUES ('863', '00AU0BRI0PbQ0PbR0PbS', '纳智捷大7 SUV', '00AU0BRI0PbQ');
INSERT INTO `carmodel` VALUES ('864', '00AU0BRI0PbQ0PbR0QFa', '纳智捷大7 MPV', '00AU0BRI0PbQ');
INSERT INTO `carmodel` VALUES ('865', '00AU0BRI0PbQ0PbR0QFZ', '纳智捷 MASTER CEO', '00AU0BRI0PbQ');
INSERT INTO `carmodel` VALUES ('866', '00AU0BRY0BWC0BaZ0QII', '讴歌ILX', '00AU0BRY0BWC');
INSERT INTO `carmodel` VALUES ('867', '00AU0BRY0BWC0BaZ0CKM', '讴歌TL', '00AU0BRY0BWC');
INSERT INTO `carmodel` VALUES ('868', '00AU0BRY0BWC0BaZ0QYX', '讴歌TLX', '00AU0BRY0BWC');
INSERT INTO `carmodel` VALUES ('869', '00AU0BRY0BWC0BaZ0CKL', '讴歌RL', '00AU0BRY0BWC');
INSERT INTO `carmodel` VALUES ('870', '00AU0BRY0BWC0BaZ0QQO', '讴歌RLX', '00AU0BRY0BWC');
INSERT INTO `carmodel` VALUES ('871', '00AU0BRY0BWC0BaZ0CKK', '讴歌RDX', '00AU0BRY0BWC');
INSERT INTO `carmodel` VALUES ('872', '00AU0BRY0BWC0BaZ0CKO', '讴歌ZDX', '00AU0BRY0BWC');
INSERT INTO `carmodel` VALUES ('873', '00AU0BRY0BWC0BaZ0CKI', '讴歌MDX', '00AU0BRY0BWC');
INSERT INTO `carmodel` VALUES ('874', '00AU0BRM0BWD0BXO0CKH', '雅特GTC', '00AU0BRM0BWD');
INSERT INTO `carmodel` VALUES ('875', '00AU0BRM0BWD0BXO0CKF', '威达', '00AU0BRM0BWD');
INSERT INTO `carmodel` VALUES ('876', '00AU0BRM0BWD0BXO0QTe', 'Insignia英速亚旅行版', '00AU0BRM0BWD');
INSERT INTO `carmodel` VALUES ('877', '00AU0BRM0BWD0BXO0CJb', '安德拉', '00AU0BRM0BWD');
INSERT INTO `carmodel` VALUES ('878', '00AU0BRM0BWD0BXO0CKC', '赛飞利', '00AU0BRM0BWD');
INSERT INTO `carmodel` VALUES ('879', '00AU0BRM0BWD0BXO0QPO', '麦瑞纳', '00AU0BRM0BWD');
INSERT INTO `carmodel` VALUES ('880', '00AU0BRG0QFK0QFL0QFM', '欧朗三厢', '00AU0BRG0QFK');
INSERT INTO `carmodel` VALUES ('881', '00AU0BRG0QFK0QFL0QMR', '欧朗两厢', '00AU0BRG0QFK');
INSERT INTO `carmodel` VALUES ('882', '00AU0BSP0BUH0BXR0CKR', '奇瑞QQ', '00AU0BSP0BUH');
INSERT INTO `carmodel` VALUES ('883', '00AU0BSP0BUH0BXR0RUU', '奇瑞eQ', '00AU0BSP0BUH');
INSERT INTO `carmodel` VALUES ('884', '00AU0BSP0BUH0BXR0CKS', '奇瑞QQ 6', '00AU0BSP0BUH');
INSERT INTO `carmodel` VALUES ('885', '00AU0BSP0BUH0BXR0CKT', '奇瑞QQme', '00AU0BSP0BUH');
INSERT INTO `carmodel` VALUES ('886', '00AU0BSP0BUH0BXR0CKW', '奇瑞A1', '00AU0BSP0BUH');
INSERT INTO `carmodel` VALUES ('887', '00AU0BSP0BUH0BXR0CKU', '奇瑞A3两厢', '00AU0BSP0BUH');
INSERT INTO `carmodel` VALUES ('888', '00AU0BSP0BUH0BXR0QGW', '奇瑞A3三厢', '00AU0BSP0BUH');
INSERT INTO `carmodel` VALUES ('889', '00AU0BSP0BUH0BXR0CKV', '奇瑞A5', '00AU0BSP0BUH');
INSERT INTO `carmodel` VALUES ('890', '00AU0BSP0BUH0BXR0QYT', '艾瑞泽3', '00AU0BSP0BUH');
INSERT INTO `carmodel` VALUES ('891', '00AU0BSP0BUH0BXR0QPc', '艾瑞泽7', '00AU0BSP0BUH');
INSERT INTO `carmodel` VALUES ('892', '00AU0BSP0BUH0BXR0CKQ', '东方之子', '00AU0BSP0BUH');
INSERT INTO `carmodel` VALUES ('893', '00AU0BSP0BUH0BXR0CMC', '东方之子Cross', '00AU0BSP0BUH');
INSERT INTO `carmodel` VALUES ('894', '00AU0BSP0BUH0BXR0QMC', '奇瑞E3', '00AU0BSP0BUH');
INSERT INTO `carmodel` VALUES ('895', '00AU0BSP0BUH0BXR0Pea', '奇瑞E5', '00AU0BSP0BUH');
INSERT INTO `carmodel` VALUES ('896', '00AU0BSP0BUH0BXR0CKY', '风云2两厢', '00AU0BSP0BUH');
INSERT INTO `carmodel` VALUES ('897', '00AU0BSP0BUH0BXR0QGU', '风云2三厢', '00AU0BSP0BUH');
INSERT INTO `carmodel` VALUES ('898', '00AU0BSP0BUH0BXR0CKX', '旗云', '00AU0BSP0BUH');
INSERT INTO `carmodel` VALUES ('899', '00AU0BSP0BUH0BXR0EYc', '旗云1', '00AU0BSP0BUH');
INSERT INTO `carmodel` VALUES ('900', '00AU0BSP0BUH0BXR0EYd', '旗云2', '00AU0BSP0BUH');
INSERT INTO `carmodel` VALUES ('901', '00AU0BSP0BUH0BXR0EYe', '旗云3', '00AU0BSP0BUH');
INSERT INTO `carmodel` VALUES ('902', '00AU0BSP0BUH0BXR0QAG', '旗云5', '00AU0BSP0BUH');
INSERT INTO `carmodel` VALUES ('903', '00AU0BSP0BUH0BXR0BMc', '风云', '00AU0BSP0BUH');
INSERT INTO `carmodel` VALUES ('904', '00AU0BSP0BUH0BXR0CKG', '奇瑞X1', '00AU0BSP0BUH');
INSERT INTO `carmodel` VALUES ('905', '00AU0BSP0BUH0BXR0CKZ', '瑞虎3', '00AU0BSP0BUH');
INSERT INTO `carmodel` VALUES ('906', '00AU0BSP0BUH0BXR0QIB', '瑞虎5', '00AU0BSP0BUH');
INSERT INTO `carmodel` VALUES ('907', '00AU0BRa0BWF0BXU0CLC', 'RIO锐欧', '00AU0BRa0BWF');
INSERT INTO `carmodel` VALUES ('908', '00AU0BRa0BWF0BXU0COf', '千里马', '00AU0BRa0BWF');
INSERT INTO `carmodel` VALUES ('909', '00AU0BRa0BWF0BXU0COc', '秀尔', '00AU0BRa0BWF');
INSERT INTO `carmodel` VALUES ('910', '00AU0BRa0BWF0BXU0CLF', '赛拉图三厢', '00AU0BRa0BWF');
INSERT INTO `carmodel` VALUES ('911', '00AU0BRa0BWF0BXU0QCa', '赛拉图欧风', '00AU0BRa0BWF');
INSERT INTO `carmodel` VALUES ('912', '00AU0BRa0BWF0BXU0CLD', '福瑞迪', '00AU0BRa0BWF');
INSERT INTO `carmodel` VALUES ('913', '00AU0BRa0BWF0BXT0DCD', '速迈', '00AU0BRa0BWF');
INSERT INTO `carmodel` VALUES ('914', '00AU0BRa0BWF0BXT0QaX', '起亚K5(进口)', '00AU0BRa0BWF');
INSERT INTO `carmodel` VALUES ('915', '00AU0BRa0BWF0BXU0Pdd', '起亚K2三厢', '00AU0BRa0BWF');
INSERT INTO `carmodel` VALUES ('916', '00AU0BRa0BWF0BXU0QGF', '起亚K2两厢', '00AU0BRa0BWF');
INSERT INTO `carmodel` VALUES ('917', '00AU0BRa0BWF0BXU0QKK', '起亚K3', '00AU0BRa0BWF');
INSERT INTO `carmodel` VALUES ('918', '00AU0BRa0BWF0BXU0QeX', '起亚K3S', '00AU0BRa0BWF');
INSERT INTO `carmodel` VALUES ('919', '00AU0BRa0BWF0BXU0QbZ', '起亚K4', '00AU0BRa0BWF');
INSERT INTO `carmodel` VALUES ('920', '00AU0BRa0BWF0BXU0PbD', '起亚K5', '00AU0BRa0BWF');
INSERT INTO `carmodel` VALUES ('921', '00AU0BRa0BWF0BXU0CLG', '远舰', '00AU0BRa0BWF');
INSERT INTO `carmodel` VALUES ('922', '00AU0BRa0BWF0BXT0JaM', '凯尊', '00AU0BRa0BWF');
INSERT INTO `carmodel` VALUES ('923', '00AU0BRa0BWF0BXT0CKb', '欧菲莱斯', '00AU0BRa0BWF');
INSERT INTO `carmodel` VALUES ('924', '00AU0BRa0BWF0BXU0CLE', '狮跑', '00AU0BRa0BWF');
INSERT INTO `carmodel` VALUES ('925', '00AU0BRa0BWF0BXU0JZT', '智跑', '00AU0BRa0BWF');
INSERT INTO `carmodel` VALUES ('926', '00AU0BRa0BWF0BXT0CKc', '索兰托', '00AU0BRa0BWF');
INSERT INTO `carmodel` VALUES ('927', '00AU0BRa0BWF0BXT0CKa', '霸锐', '00AU0BRa0BWF');
INSERT INTO `carmodel` VALUES ('928', '00AU0BRa0BWF0BXT0CKe', '佳乐', '00AU0BRa0BWF');
INSERT INTO `carmodel` VALUES ('929', '00AU0BRa0BWF0BXT0CKd', '起亚VQ', '00AU0BRa0BWF');
INSERT INTO `carmodel` VALUES ('930', '00AU0BRa0BWF0BXU0CLH', '嘉华', '00AU0BRa0BWF');
INSERT INTO `carmodel` VALUES ('931', '00AU0BRa0BWF0BXT0RTA', 'Forte', '00AU0BRa0BWF');
INSERT INTO `carmodel` VALUES ('932', '00AU0BSU0BUE0BaD0CKJ', '吉利熊猫', '00AU0BSU0BUE');
INSERT INTO `carmodel` VALUES ('933', '00AU0BSU0BUE0BaD0CHL', '吉利自由舰', '00AU0BSU0BUE');
INSERT INTO `carmodel` VALUES ('934', '00AU0BSU0BUE0BaD0CHJ', '吉利远景', '00AU0BSU0BUE');
INSERT INTO `carmodel` VALUES ('935', '00AU0BSU0BUE0BaD0PcD', '吉利GC7', '00AU0BSU0BUE');
INSERT INTO `carmodel` VALUES ('936', '00AU0BSU0BUE0BaD0PXI', '吉利全球鹰GX2', '00AU0BSU0BUE');
INSERT INTO `carmodel` VALUES ('937', '00AU0BSU0BUE0BaD0QEF', '吉利GX7', '00AU0BSU0BUE');
INSERT INTO `carmodel` VALUES ('938', '00AU0BRI0PUT0QCT0QWd', '晨风', '00AU0BRI0PUT');
INSERT INTO `carmodel` VALUES ('939', '00AU0BRI0PUT0QCT0QCU', '启辰D50', '00AU0BRI0PUT');
INSERT INTO `carmodel` VALUES ('940', '00AU0BRI0PUT0QCT0RPM', '启辰R30', '00AU0BRI0PUT');
INSERT INTO `carmodel` VALUES ('941', '00AU0BRI0PUT0QCT0QLP', '启辰R50', '00AU0BRI0PUT');
INSERT INTO `carmodel` VALUES ('942', '00AU0BRI0PUT0QCT0RVd', '启辰T70', '00AU0BRI0PUT');
INSERT INTO `carmodel` VALUES ('943', '00AU0BRV0BWG0BaI0EYX', '玛驰', '00AU0BRV0BWG');
INSERT INTO `carmodel` VALUES ('944', '00AU0BRV0BWG0BaI0CJO', '骊威', '00AU0BRV0BWG');
INSERT INTO `carmodel` VALUES ('945', '00AU0BRV0BWG0BaI0COO', '阳光', '00AU0BRV0BWG');
INSERT INTO `carmodel` VALUES ('946', '00AU0BRV0BWG0BaI0CJe', '骐达', '00AU0BRV0BWG');
INSERT INTO `carmodel` VALUES ('947', '00AU0BRV0BWG0BaI0CKA', '颐达', '00AU0BRV0BWG');
INSERT INTO `carmodel` VALUES ('948', '00AU0BRV0BWG0BaI0RRI', '新一代轩逸', '00AU0BRV0BWG');
INSERT INTO `carmodel` VALUES ('949', '00AU0BRV0BWG0BaI0CJS', '轩逸经典', '00AU0BRV0BWG');
INSERT INTO `carmodel` VALUES ('950', '00AU0BRV0BWG0BaI0CNa', '蓝鸟', '00AU0BRV0BWG');
INSERT INTO `carmodel` VALUES ('951', '00AU0BRV0BWG0BaI0CJc', '天籁', '00AU0BRV0BWG');
INSERT INTO `carmodel` VALUES ('952', '00AU0BRV0BWG0BaG0CND', '风度', '00AU0BRV0BWG');
INSERT INTO `carmodel` VALUES ('953', '00AU0BRV0BWG0BaG0CNO', '风雅', '00AU0BRV0BWG');
INSERT INTO `carmodel` VALUES ('954', '00AU0BRV0BWG0BaG0COS', '西玛', '00AU0BRV0BWG');
INSERT INTO `carmodel` VALUES ('955', '00AU0BRV0BWG0BaG0PSf', 'Juke', '00AU0BRV0BWG');
INSERT INTO `carmodel` VALUES ('956', '00AU0BRV0BWG0BaI0CJY', '逍客', '00AU0BRV0BWG');
INSERT INTO `carmodel` VALUES ('957', '00AU0BRV0BWG0BaI0CJW', '奇骏', '00AU0BRV0BWG');
INSERT INTO `carmodel` VALUES ('958', '00AU0BRV0BWG0BaI0Pbc', '楼兰', '00AU0BRV0BWG');
INSERT INTO `carmodel` VALUES ('959', '00AU0BRV0BWG0BaG0CMe', '奇骏(进口)', '00AU0BRV0BWG');
INSERT INTO `carmodel` VALUES ('960', '00AU0BRV0BWG0BaL0CDD', '帕拉丁', '00AU0BRV0BWG');
INSERT INTO `carmodel` VALUES ('961', '00AU0BRV0BWG0BaG0COH', '途乐', '00AU0BRV0BWG');
INSERT INTO `carmodel` VALUES ('962', '00AU0BRV0BWG0BaG0CNS', '贵士', '00AU0BRV0BWG');
INSERT INTO `carmodel` VALUES ('963', '00AU0BRV0BWG0BaG0QUF', '碧莲', '00AU0BRV0BWG');
INSERT INTO `carmodel` VALUES ('964', '00AU0BRV0BWG0BaG0CJL', '日产GT-R', '00AU0BRV0BWG');
INSERT INTO `carmodel` VALUES ('965', '00AU0BRV0BWG0BaG0CJN', '日产350Z', '00AU0BRV0BWG');
INSERT INTO `carmodel` VALUES ('966', '00AU0BRV0BWG0BaG0JYS', '日产370Z', '00AU0BRV0BWG');
INSERT INTO `carmodel` VALUES ('967', '00AU0BRV0BWG0BaL0EXI', '日产NV200', '00AU0BRV0BWG');
INSERT INTO `carmodel` VALUES ('968', '00AU0BRV0BWG0BaI0CJH', '骏逸', '00AU0BRV0BWG');
INSERT INTO `carmodel` VALUES ('969', '00AU0BRV0BWG0BaL0QMe', '日产D22', '00AU0BRV0BWG');
INSERT INTO `carmodel` VALUES ('970', '00AU0BRV0BWG0BaL0QOR', '日产ZN6494', '00AU0BRV0BWG');
INSERT INTO `carmodel` VALUES ('971', '00AU0BRN0BcV0BcW0QOS', '荣威E50', '00AU0BRN0BcV');
INSERT INTO `carmodel` VALUES ('972', '00AU0BRN0BcV0BcW0DCP', '荣威350', '00AU0BRN0BcV');
INSERT INTO `carmodel` VALUES ('973', '00AU0BRN0BcV0BcW0CJD', '荣威550', '00AU0BRN0BcV');
INSERT INTO `carmodel` VALUES ('974', '00AU0BRN0BcV0BcW0CJE', '荣威750', '00AU0BRN0BcV');
INSERT INTO `carmodel` VALUES ('975', '00AU0BRN0BcV0BcW0QHB', '荣威950', '00AU0BRN0BcV');
INSERT INTO `carmodel` VALUES ('976', '00AU0BRN0BcV0BcW0PUY', '荣威W5', '00AU0BRN0BcV');
INSERT INTO `carmodel` VALUES ('977', '00AU0BSP0BUI0BaN0CKE', '瑞麒M1', '00AU0BSP0BUI');
INSERT INTO `carmodel` VALUES ('978', '00AU0BSP0BUI0BaN0OUe', '瑞麒M5', '00AU0BSP0BUI');
INSERT INTO `carmodel` VALUES ('979', '00AU0BSP0BUI0BaN0PTG', '瑞麒G3', '00AU0BSP0BUI');
INSERT INTO `carmodel` VALUES ('980', '00AU0BSP0BUI0BaN0DCE', '瑞麒G5', '00AU0BSP0BUI');
INSERT INTO `carmodel` VALUES ('981', '00AU0BSP0BUI0BaN0PUN', '瑞麒G6', '00AU0BSP0BUI');
INSERT INTO `carmodel` VALUES ('982', '00AU0DEF0QQR0QQT0QQU', 'CTR 3', '00AU0DEF0QQR');
INSERT INTO `carmodel` VALUES ('983', '00AU0DEF0QQR0QQT0QQW', 'RXL', '00AU0DEF0QQR');
INSERT INTO `carmodel` VALUES ('984', '00AU0DEF0QQR0QQT0QQV', 'Rt 12 R', '00AU0DEF0QQR');
INSERT INTO `carmodel` VALUES ('985', '00AU0BRA0BWQ0BbI0CIW', '晶锐', '00AU0BRA0BWQ');
INSERT INTO `carmodel` VALUES ('986', '00AU0BRA0BWQ0BbI0QKI', '昕锐', '00AU0BRA0BWQ');
INSERT INTO `carmodel` VALUES ('987', '00AU0BRA0BWQ0BbI0Qbd', '昕动', '00AU0BRA0BWQ');
INSERT INTO `carmodel` VALUES ('988', '00AU0BRA0BWQ0BbI0RUT', '新明锐', '00AU0BRA0BWQ');
INSERT INTO `carmodel` VALUES ('989', '00AU0BRA0BWQ0BbI0CIV', '明锐经典', '00AU0BRA0BWQ');
INSERT INTO `carmodel` VALUES ('990', '00AU0BRA0BWQ0BbI0PeU', '明锐RS', '00AU0BRA0BWQ');
INSERT INTO `carmodel` VALUES ('991', '00AU0BRA0BWQ0BbI0CIT', '速派', '00AU0BRA0BWQ');
INSERT INTO `carmodel` VALUES ('992', '00AU0BRA0BWQ0BbH0QKB', '速尊', '00AU0BRA0BWQ');
INSERT INTO `carmodel` VALUES ('993', '00AU0BRA0BWQ0BbH0PUd', 'Yeti(进口)', '00AU0BRA0BWQ');
INSERT INTO `carmodel` VALUES ('994', '00AU0BRA0BWQ0BbI0QMG', '野帝', '00AU0BRA0BWQ');
INSERT INTO `carmodel` VALUES ('995', '00AU0BRe0BWK0BaW0CHC', '蓝瑟', '00AU0BRe0BWK');
INSERT INTO `carmodel` VALUES ('996', '00AU0BRe0BWK0BaW0CHD', '三菱翼神', '00AU0BRe0BWK');
INSERT INTO `carmodel` VALUES ('997', '00AU0BRe0BWK0BaU0CHH', '三菱Lancer', '00AU0BRe0BWK');
INSERT INTO `carmodel` VALUES ('998', '00AU0BRe0BWK0BaU0QBe', '蓝瑟 翼豪陆神', '00AU0BRe0BWK');
INSERT INTO `carmodel` VALUES ('999', '00AU0BRe0BWK0BaW0QQM', '风迪思', '00AU0BRe0BWK');
INSERT INTO `carmodel` VALUES ('1000', '00AU0BRe0BWK0BaW0CHA', '戈蓝', '00AU0BRe0BWK');
INSERT INTO `carmodel` VALUES ('1001', '00AU0BRe0BWK0BaY0QDb', '劲炫ASX', '00AU0BRe0BWK');
INSERT INTO `carmodel` VALUES ('1002', '00AU0BRe0BWK0BaU0DFG', '三菱ASX劲炫(进口)', '00AU0BRe0BWK');
INSERT INTO `carmodel` VALUES ('1003', '00AU0BRe0BWK0BaU0CHN', '欧蓝德(进口)', '00AU0BRe0BWK');
INSERT INTO `carmodel` VALUES ('1004', '00AU0BRe0BWK0BaY0CAG', '帕杰罗', '00AU0BRe0BWK');
INSERT INTO `carmodel` VALUES ('1005', '00AU0BRe0BWK0BaU0CHO', '帕杰罗(进口)', '00AU0BRe0BWK');
INSERT INTO `carmodel` VALUES ('1006', '00AU0BRe0BWK0BaY0QRM', '帕杰罗·劲畅', '00AU0BRe0BWK');
INSERT INTO `carmodel` VALUES ('1007', '00AU0BRe0BWK0BaU0PdU', '帕杰罗·劲畅(进口)', '00AU0BRe0BWK');
INSERT INTO `carmodel` VALUES ('1008', '00AU0BRe0BWK0BaW0CHB', '君阁', '00AU0BRe0BWK');
INSERT INTO `carmodel` VALUES ('1009', '00AU0BRe0BWK0BaU0CHE', '格蓝迪', '00AU0BRe0BWK');
INSERT INTO `carmodel` VALUES ('1010', '00AU0BRe0BWK0BaU0CHM', '伊柯丽斯', '00AU0BRe0BWK');
INSERT INTO `carmodel` VALUES ('1011', '00AU0BRe0BWK0BaW0CNe', '菱绅', '00AU0BRe0BWK');
INSERT INTO `carmodel` VALUES ('1012', '00AU0BRW0BWP0BbG0CIH', '翼豹', '00AU0BRW0BWP');
INSERT INTO `carmodel` VALUES ('1013', '00AU0BRW0BWP0BbG0QGV', '翼豹三厢', '00AU0BRW0BWP');
INSERT INTO `carmodel` VALUES ('1014', '00AU0BRW0BWP0BbG0PeW', '翼豹STI', '00AU0BRW0BWP');
INSERT INTO `carmodel` VALUES ('1015', '00AU0BRW0BWP0BbG0QRU', '翼豹STI两厢', '00AU0BRW0BWP');
INSERT INTO `carmodel` VALUES ('1016', '00AU0BRW0BWP0BbG0PeX', '翼豹WRX', '00AU0BRW0BWP');
INSERT INTO `carmodel` VALUES ('1017', '00AU0BRW0BWP0BbG0QRV', '翼豹WRX两厢', '00AU0BRW0BWP');
INSERT INTO `carmodel` VALUES ('1018', '00AU0BRW0BWP0BbG0CII', '力狮三厢', '00AU0BRW0BWP');
INSERT INTO `carmodel` VALUES ('1019', '00AU0BRW0BWP0BbG0PeV', '力狮Wagon', '00AU0BRW0BWP');
INSERT INTO `carmodel` VALUES ('1020', '00AU0BRW0BWP0BbG0CIG', '傲虎', '00AU0BRW0BWP');
INSERT INTO `carmodel` VALUES ('1021', '00AU0BRW0BWP0BbG0QFP', '斯巴鲁XV', '00AU0BRW0BWP');
INSERT INTO `carmodel` VALUES ('1022', '00AU0BRW0BWP0BbG0CIF', '森林人', '00AU0BRW0BWP');
INSERT INTO `carmodel` VALUES ('1023', '00AU0BRW0BWP0BbG0CIK', '驰鹏', '00AU0BRW0BWP');
INSERT INTO `carmodel` VALUES ('1024', '00AU0BRW0BWP0BbG0QID', '斯巴鲁BRZ', '00AU0BRW0BWP');
INSERT INTO `carmodel` VALUES ('1025', '00AU0BRB0BVR0BXZ0CGe', 'smart fortwo', '00AU0BRB0BVR');
INSERT INTO `carmodel` VALUES ('1026', '00AU0BRH0BWJ0BaR0CIa', 'Saab 9-3', '00AU0BRH0BWJ');
INSERT INTO `carmodel` VALUES ('1027', '00AU0BRH0BWJ0BaR0CIc', 'Saab 9-5', '00AU0BRH0BWJ');
INSERT INTO `carmodel` VALUES ('1028', '00AU0BRF0BWM0Bac0CHS', '世爵C8', '00AU0BRF0BWM');
INSERT INTO `carmodel` VALUES ('1029', '00AU0BTB0BTU0BbD0CHa', '小贵族', '00AU0BTB0BTU');
INSERT INTO `carmodel` VALUES ('1030', '00AU0BTB0BTU0BbD0CNQ', '来宝SRV', '00AU0BTB0BTU');
INSERT INTO `carmodel` VALUES ('1031', '00AU0BTB0BTU0BbD0CHW', '双环SCEO', '00AU0BTB0BTU');
INSERT INTO `carmodel` VALUES ('1032', '00AU0PcV0BWO0BbE0CNf', '主席', '00AU0PcV0BWO');
INSERT INTO `carmodel` VALUES ('1033', '00AU0PcV0BWO0BbE0PYS', '柯兰多', '00AU0PcV0BWO');
INSERT INTO `carmodel` VALUES ('1034', '00AU0PcV0BWO0BbE0CHe', '爱腾', '00AU0PcV0BWO');
INSERT INTO `carmodel` VALUES ('1035', '00AU0PcV0BWO0BbE0CIB', '享御', '00AU0PcV0BWO');
INSERT INTO `carmodel` VALUES ('1036', '00AU0PcV0BWO0BbE0CIA', '雷斯特', '00AU0PcV0BWO');
INSERT INTO `carmodel` VALUES ('1037', '00AU0PcV0BWO0BbE0CID', '路帝', '00AU0PcV0BWO');
INSERT INTO `carmodel` VALUES ('1038', '00AU0PbG0PbI0PbJ0PbK', '斯派朗', '00AU0PbG0PbI');
INSERT INTO `carmodel` VALUES ('1039', '00AU0BRd0QHY0QHZ0QeP', '首望500e', '00AU0BRd0QHY');
INSERT INTO `carmodel` VALUES ('1040', '00AU0BRI0QHE0QHF0QHG', '思铭', '00AU0BRI0QHE');
INSERT INTO `carmodel` VALUES ('1041', '00AU0BRd0QPa0QRH0RVX', '绅宝D20两厢', '00AU0BRd0QPa');
INSERT INTO `carmodel` VALUES ('1042', '00AU0BRd0QPa0QRH0RVY', '绅宝D20三厢', '00AU0BRd0QPa');
INSERT INTO `carmodel` VALUES ('1043', '00AU0BRd0QPa0QRH0QaH', '绅宝D50', '00AU0BRd0QPa');
INSERT INTO `carmodel` VALUES ('1044', '00AU0BRd0QPa0QRH0RPF', '绅宝D60', '00AU0BRd0QPa');
INSERT INTO `carmodel` VALUES ('1045', '00AU0BRd0QPa0QRH0QRI', '绅宝D70', '00AU0BRd0QPa');
INSERT INTO `carmodel` VALUES ('1046', '00AU0PZI0PZJ0PZK0PaY', 'Tramontana R', '00AU0PZI0PZJ');
INSERT INTO `carmodel` VALUES ('1047', '00AU0BSd0QHM0QHQ0QIF', '腾势DENZA', '00AU0BSd0QHM');
INSERT INTO `carmodel` VALUES ('1048', '00AU0DEF0QSX0QSY0QSZ', 'Model S', '00AU0DEF0QSX');
INSERT INTO `carmodel` VALUES ('1049', '00AU0BRO0BWT0BbR0BfF', '沃尔沃C30', '00AU0BRO0BWT');
INSERT INTO `carmodel` VALUES ('1050', '00AU0BRO0BWT0BbR0BfH', '沃尔沃C70', '00AU0BRO0BWT');
INSERT INTO `carmodel` VALUES ('1051', '00AU0BRO0BWT0BbR0CNA', '沃尔沃S40(进口)', '00AU0BRO0BWT');
INSERT INTO `carmodel` VALUES ('1052', '00AU0BRO0BWT0BbR0BfI', '沃尔沃S60(进口)', '00AU0BRO0BWT');
INSERT INTO `carmodel` VALUES ('1053', '00AU0BRO0BWT0BbR0BfJ', '沃尔沃S80', '00AU0BRO0BWT');
INSERT INTO `carmodel` VALUES ('1054', '00AU0BRO0BWT0BbR0BfL', '沃尔沃XC60(进口)', '00AU0BRO0BWT');
INSERT INTO `carmodel` VALUES ('1055', '00AU0BRO0BWT0BbR0BfN', '沃尔沃XC90(进口)', '00AU0BRO0BWT');
INSERT INTO `carmodel` VALUES ('1056', '00AU0BRO0BWT0BbS0BfD', '沃尔沃S40', '00AU0BRO0BWT');
INSERT INTO `carmodel` VALUES ('1057', '00AU0BRO0BWT0QdF0QdG', '沃尔沃S60L', '00AU0BRO0BWT');
INSERT INTO `carmodel` VALUES ('1058', '00AU0BRO0BWT0BbR0QHd', '沃尔沃V40', '00AU0BRO0BWT');
INSERT INTO `carmodel` VALUES ('1059', '00AU0BRO0BWT0BbR0Pcb', '沃尔沃V60', '00AU0BRO0BWT');
INSERT INTO `carmodel` VALUES ('1060', '00AU0BRO0BWT0QdF0RVH', '沃尔沃XC60', '00AU0BRO0BWT');
INSERT INTO `carmodel` VALUES ('1061', '00AU0BRO0BWT0BbS0BfE', '沃尔沃S80L', '00AU0BRO0BWT');
INSERT INTO `carmodel` VALUES ('1062', '00AU0BRO0BWT0BbR0QaZ', '沃尔沃P1800', '00AU0BRO0BWT');
INSERT INTO `carmodel` VALUES ('1063', '00AU0BRO0BWT0QdF0ROb', '沃尔沃XC CLASSIC', '00AU0BRO0BWT');
INSERT INTO `carmodel` VALUES ('1064', '00AU0BSP0BUJ0BbO0DCa', '威麟X5', '00AU0BSP0BUJ');
INSERT INTO `carmodel` VALUES ('1065', '00AU0BSP0BUJ0BbO0BfC', '威麟V5', '00AU0BSP0BUJ');
INSERT INTO `carmodel` VALUES ('1066', '00AU0BSP0BUJ0BbO0PYQ', '威麟H3', '00AU0BSP0BUJ');
INSERT INTO `carmodel` VALUES ('1067', '00AU0BSP0BUJ0BbO0DCb', '威麟H5', '00AU0BSP0BUJ');
INSERT INTO `carmodel` VALUES ('1068', '00AU0BRN0DJF0DJG0DJI', '宏光', '00AU0BRN0DJF');
INSERT INTO `carmodel` VALUES ('1069', '00AU0BRN0DJF0DJG0QLS', '荣光', '00AU0BRN0DJF');
INSERT INTO `carmodel` VALUES ('1070', '00AU0BRN0DJF0DJG0QQP', '五菱之光', '00AU0BRN0DJF');
INSERT INTO `carmodel` VALUES ('1071', '00AU0BRN0DJF0DJG0RUO', '征程', '00AU0BRN0DJF');
INSERT INTO `carmodel` VALUES ('1072', '00AU0BRE0BWS0BbP0Bef', '威兹曼GT', '00AU0BRE0BWS');
INSERT INTO `carmodel` VALUES ('1073', '00AU0BRE0BWS0BbP0BfA', '威兹曼Roaster', '00AU0BRE0BWS');
INSERT INTO `carmodel` VALUES ('1074', '00AU0DEF0QNb0QNc0QNd', '五十铃皮卡', '00AU0DEF0QNb');
INSERT INTO `carmodel` VALUES ('1075', '00AU0DEF0QNb0QNc0QOD', '竞技者', '00AU0DEF0QNb');
INSERT INTO `carmodel` VALUES ('1076', '00AU0DEF0QNb0RUP0RUR', '五十铃D-MAX', '00AU0DEF0QNb');
INSERT INTO `carmodel` VALUES ('1077', '00AU0BRT0BWc0Bbd0CAZ', '雪铁龙C2', '00AU0BRT0BWc');
INSERT INTO `carmodel` VALUES ('1078', '00AU0BRT0BWc0Bbd0QMT', '雪铁龙C4L', '00AU0BRT0BWc');
INSERT INTO `carmodel` VALUES ('1079', '00AU0BRT0BWc0Bbd0CAd', '雪铁龙C5', '00AU0BRT0BWc');
INSERT INTO `carmodel` VALUES ('1080', '00AU0BRT0BWc0Bbd0QbT', '全新爱丽舍三厢', '00AU0BRT0BWc');
INSERT INTO `carmodel` VALUES ('1081', '00AU0BRT0BWc0Bbd0CAY', '经典爱丽舍三厢', '00AU0BRT0BWc');
INSERT INTO `carmodel` VALUES ('1082', '00AU0BRT0BWc0Bbd0QGc', '经典爱丽舍两厢', '00AU0BRT0BWc');
INSERT INTO `carmodel` VALUES ('1083', '00AU0BRT0BWc0Bbd0CNE', '富康', '00AU0BRT0BWc');
INSERT INTO `carmodel` VALUES ('1084', '00AU0BRT0BWc0Bbd0CAX', '世嘉两厢', '00AU0BRT0BWc');
INSERT INTO `carmodel` VALUES ('1085', '00AU0BRT0BWc0Bbd0QGa', '世嘉三厢', '00AU0BRT0BWc');
INSERT INTO `carmodel` VALUES ('1086', '00AU0BRT0BWc0Bbd0CAW', '凯旋', '00AU0BRT0BWc');
INSERT INTO `carmodel` VALUES ('1087', '00AU0BRT0BWc0Bbd0COA', '赛纳', '00AU0BRT0BWc');
INSERT INTO `carmodel` VALUES ('1088', '00AU0BRT0BWc0Bbd0RTG', '雪铁龙C3-XR', '00AU0BRT0BWc');
INSERT INTO `carmodel` VALUES ('1089', '00AU0BRT0BWc0Bbc0CBA', '雪铁龙C4', '00AU0BRT0BWc');
INSERT INTO `carmodel` VALUES ('1090', '00AU0BRT0BWc0Bbc0QHW', '雪铁龙C4 Aircross', '00AU0BRT0BWc');
INSERT INTO `carmodel` VALUES ('1091', '00AU0BRT0BWc0Bbc0CMG', '大C4毕加索', '00AU0BRT0BWc');
INSERT INTO `carmodel` VALUES ('1092', '00AU0BRT0BWc0Bbc0CBB', '雪铁龙C6', '00AU0BRT0BWc');
INSERT INTO `carmodel` VALUES ('1093', '00AU0BRT0BWc0Bbd0CAU', '毕加索', '00AU0BRT0BWc');
INSERT INTO `carmodel` VALUES ('1094', '00AU0BRa0BWY0BbQ0EZD', '瑞纳', '00AU0BRa0BWY');
INSERT INTO `carmodel` VALUES ('1095', '00AU0BRa0BWY0BbT0PcN', 'Veloster飞思', '00AU0BRa0BWY');
INSERT INTO `carmodel` VALUES ('1096', '00AU0BRa0BWY0BbQ0QGJ', '瑞奕', '00AU0BRa0BWY');
INSERT INTO `carmodel` VALUES ('1097', '00AU0BRa0BWY0BbT0PYZ', '索纳塔(进口)', '00AU0BRa0BWY');
INSERT INTO `carmodel` VALUES ('1098', '00AU0BRa0BWY0BbT0CAH', '雅尊', '00AU0BRa0BWY');
INSERT INTO `carmodel` VALUES ('1099', '00AU0BRa0BWY0BbT0CMV', '君爵', '00AU0BRa0BWY');
INSERT INTO `carmodel` VALUES ('1100', '00AU0BRa0BWY0BbQ0BfW', '雅绅特', '00AU0BRa0BWY');
INSERT INTO `carmodel` VALUES ('1101', '00AU0BRa0BWY0BbT0RPY', '捷恩斯', '00AU0BRa0BWY');
INSERT INTO `carmodel` VALUES ('1102', '00AU0BRa0BWY0BbQ0BfZ', '伊兰特', '00AU0BRa0BWY');
INSERT INTO `carmodel` VALUES ('1103', '00AU0BRa0BWY0BbT0Bfc', '劳恩斯', '00AU0BRa0BWY');
INSERT INTO `carmodel` VALUES ('1104', '00AU0BRa0BWY0BbQ0QIQ', '伊兰特两厢', '00AU0BRa0BWY');
INSERT INTO `carmodel` VALUES ('1105', '00AU0BRa0BWY0BbQ0BcD', '悦动', '00AU0BRa0BWY');
INSERT INTO `carmodel` VALUES ('1106', '00AU0BRa0BWY0BbT0CAF', '雅科仕', '00AU0BRa0BWY');
INSERT INTO `carmodel` VALUES ('1107', '00AU0BRa0BWY0BbQ0QHS', '朗动', '00AU0BRa0BWY');
INSERT INTO `carmodel` VALUES ('1108', '00AU0BRa0BWY0BbQ0BfV', '现代i30', '00AU0BRa0BWY');
INSERT INTO `carmodel` VALUES ('1109', '00AU0BRa0BWY0BbT0CAE', '新胜达(进口)', '00AU0BRa0BWY');
INSERT INTO `carmodel` VALUES ('1110', '00AU0BRa0BWY0BbQ0Qba', '现代ix25', '00AU0BRa0BWY');
INSERT INTO `carmodel` VALUES ('1111', '00AU0BRa0BWY0BbQ0DCX', '现代ix35', '00AU0BRa0BWY');
INSERT INTO `carmodel` VALUES ('1112', '00AU0BRa0BWY0BbT0QZI', '格锐', '00AU0BRa0BWY');
INSERT INTO `carmodel` VALUES ('1113', '00AU0BRa0BWY0BbQ0QUP', '名图', '00AU0BRa0BWY');
INSERT INTO `carmodel` VALUES ('1114', '00AU0BRa0BWY0BbQ0BfU', '索纳塔', '00AU0BRa0BWY');
INSERT INTO `carmodel` VALUES ('1115', '00AU0BRa0BWY0BbT0CAB', '维拉克斯', '00AU0BRa0BWY');
INSERT INTO `carmodel` VALUES ('1116', '00AU0BRa0BWY0BbQ0BfR', 'MOINCA名驭', '00AU0BRa0BWY');
INSERT INTO `carmodel` VALUES ('1117', '00AU0BRa0BWY0BbQ0COB', 'SONATA·御翔', '00AU0BRa0BWY');
INSERT INTO `carmodel` VALUES ('1118', '00AU0BRa0BWY0BbQ0BfT', 'SONATA·领翔', '00AU0BRa0BWY');
INSERT INTO `carmodel` VALUES ('1119', '00AU0BRa0BWY0BbT0Bfd', '劳恩斯-酷派', '00AU0BRa0BWY');
INSERT INTO `carmodel` VALUES ('1120', '00AU0BRa0BWY0BbT0CNN', '酷派', '00AU0BRa0BWY');
INSERT INTO `carmodel` VALUES ('1121', '00AU0BRa0BWY0BbQ0BfX', '途胜', '00AU0BRa0BWY');
INSERT INTO `carmodel` VALUES ('1122', '00AU0BRa0BWY0BbQ0QNI', '全新胜达', '00AU0BRa0BWY');
INSERT INTO `carmodel` VALUES ('1123', '00AU0BRa0BWY0BbT0COM', '美佳', '00AU0BRa0BWY');
INSERT INTO `carmodel` VALUES ('1124', '00AU0BRa0BWY0BbT0PYP', '辉翼', '00AU0BRa0BWY');
INSERT INTO `carmodel` VALUES ('1125', '00AU0BRa0BWY0QZM0QZP', '康恩迪', '00AU0BRa0BWY');
INSERT INTO `carmodel` VALUES ('1126', '00AU0BRM0BWb0BbZ0PZF', '斯帕可', '00AU0BRM0BWb');
INSERT INTO `carmodel` VALUES ('1127', '00AU0BRM0BWb0Bba0CAT', '赛欧两厢', '00AU0BRM0BWb');
INSERT INTO `carmodel` VALUES ('1128', '00AU0BRM0BWb0Bba0QGO', '赛欧三厢', '00AU0BRM0BWb');
INSERT INTO `carmodel` VALUES ('1129', '00AU0BRM0BWb0Bba0RWF', '赛欧3', '00AU0BRM0BWb');
INSERT INTO `carmodel` VALUES ('1130', '00AU0BRM0BWb0Bba0QBP', '爱唯欧两厢', '00AU0BRM0BWb');
INSERT INTO `carmodel` VALUES ('1131', '00AU0BRM0BWb0Bba0QGP', '爱唯欧三厢', '00AU0BRM0BWb');
INSERT INTO `carmodel` VALUES ('1132', '00AU0BRM0BWb0Bba0CAR', '乐骋', '00AU0BRM0BWb');
INSERT INTO `carmodel` VALUES ('1133', '00AU0BRM0BWb0Bba0CAS', '乐风', '00AU0BRM0BWb');
INSERT INTO `carmodel` VALUES ('1134', '00AU0BRM0BWb0Bba0RTZ', '新科鲁兹', '00AU0BRM0BWb');
INSERT INTO `carmodel` VALUES ('1135', '00AU0BRM0BWb0Bba0CAQ', '科鲁兹经典', '00AU0BRM0BWb');
INSERT INTO `carmodel` VALUES ('1136', '00AU0BRM0BWb0Bba0QUR', '科鲁兹掀背车', '00AU0BRM0BWb');
INSERT INTO `carmodel` VALUES ('1137', '00AU0BRM0BWb0BbZ0PUE', '沃蓝达', '00AU0BRM0BWb');
INSERT INTO `carmodel` VALUES ('1138', '00AU0BRM0BWb0Bba0QCf', '迈锐宝', '00AU0BRM0BWb');
INSERT INTO `carmodel` VALUES ('1139', '00AU0BRM0BWb0Bba0CAP', '景程', '00AU0BRM0BWb');
INSERT INTO `carmodel` VALUES ('1140', '00AU0BRM0BWb0Bba0QcG', '创酷', '00AU0BRM0BWb');
INSERT INTO `carmodel` VALUES ('1141', '00AU0BRM0BWb0Bba0QEB', '科帕奇', '00AU0BRM0BWb');
INSERT INTO `carmodel` VALUES ('1142', '00AU0BRM0BWb0BbZ0CAJ', '科帕奇(进口)', '00AU0BRM0BWb');
INSERT INTO `carmodel` VALUES ('1143', '00AU0BRM0BWb0BbZ0CON', '科迈罗', '00AU0BRM0BWb');
INSERT INTO `carmodel` VALUES ('1144', '00AU0BRM0BWb0BbZ0QRc', 'Silverado', '00AU0BRM0BWb');
INSERT INTO `carmodel` VALUES ('1145', '00AU0BRG0BcY0BcZ0Bed', '夏利A+两厢', '00AU0BRG0BcY');
INSERT INTO `carmodel` VALUES ('1146', '00AU0BRG0BcY0BcZ0QGN', '夏利A+三厢', '00AU0BRG0BcY');
INSERT INTO `carmodel` VALUES ('1147', '00AU0BRG0BcY0BcZ0QNM', '夏利N3+两厢', '00AU0BRG0BcY');
INSERT INTO `carmodel` VALUES ('1148', '00AU0BRG0BcY0BcZ0QNL', '夏利N3+三厢', '00AU0BRG0BcY');
INSERT INTO `carmodel` VALUES ('1149', '00AU0BRA0BWV0BbV0PeH', '伊比飒', '00AU0BRA0BWV');
INSERT INTO `carmodel` VALUES ('1150', '00AU0BRA0BWV0BbV0QOF', '伊比飒旅行版', '00AU0BRA0BWV');
INSERT INTO `carmodel` VALUES ('1151', '00AU0BRA0BWV0BbV0RBK', '西雅特Leon', '00AU0BRA0BWV');
INSERT INTO `carmodel` VALUES ('1152', '00AU0BRA0BWV0BbV0QAH', '西雅特Leon CUPRA', '00AU0BRA0BWV');
INSERT INTO `carmodel` VALUES ('1153', '00AU0BRA0BWV0BbV0QCQ', '欧悦搏', '00AU0BRA0BWV');
INSERT INTO `carmodel` VALUES ('1154', '00AU0QYF0QYG0QYH0QYI', '福特E-350', '00AU0QYF0QYG');
INSERT INTO `carmodel` VALUES ('1155', '00AU0BSK0BVA0BYX0QHP', '野马F10', '00AU0BSK0BVA');
INSERT INTO `carmodel` VALUES ('1156', '00AU0BSK0BVA0BYX0QHO', '野马F12', '00AU0BSK0BVA');
INSERT INTO `carmodel` VALUES ('1157', '00AU0BSK0BVA0BYX0QQA', '野马F16', '00AU0BSK0BVA');
INSERT INTO `carmodel` VALUES ('1158', '00AU0BSK0BVA0BYX0CLa', '野马F99', '00AU0BSK0BVA');
INSERT INTO `carmodel` VALUES ('1159', '00AU0BRV0BWe0Bbf0QbE', '英菲尼迪Q50(G)', '00AU0BRV0BWe');
INSERT INTO `carmodel` VALUES ('1160', '00AU0BRV0BWe0Bbf0QcY', '英菲尼迪Q60S', '00AU0BRV0BWe');
INSERT INTO `carmodel` VALUES ('1161', '00AU0BRV0BWe0Bbf0QbF', '英菲尼迪Q60', '00AU0BRV0BWe');
INSERT INTO `carmodel` VALUES ('1162', '00AU0BRV0BWe0Bbf0QbG', '英菲尼迪Q70L(M)', '00AU0BRV0BWe');
INSERT INTO `carmodel` VALUES ('1163', '00AU0BRV0BWe0Bbf0QbH', '英菲尼迪QX50(进口)', '00AU0BRV0BWe');
INSERT INTO `carmodel` VALUES ('1164', '00AU0BRV0BWe0Bbf0RRQ', '英菲尼迪ESQ', '00AU0BRV0BWe');
INSERT INTO `carmodel` VALUES ('1165', '00AU0BRV0BWe0Bbf0QbI', '英菲尼迪QX60(JX)', '00AU0BRV0BWe');
INSERT INTO `carmodel` VALUES ('1166', '00AU0BRV0BWe0Bbf0QbJ', '英菲尼迪QX70(FX)', '00AU0BRV0BWe');
INSERT INTO `carmodel` VALUES ('1167', '00AU0BRV0BWe0Bbf0QbK', '英菲尼迪QX80(QX)', '00AU0BRV0BWe');
INSERT INTO `carmodel` VALUES ('1168', '00AU0BRV0BWe0Bbf0CBJ', '英菲尼迪G', '00AU0BRV0BWe');
INSERT INTO `carmodel` VALUES ('1169', '00AU0BRV0BWe0Bbf0CBK', '英菲尼迪M', '00AU0BRV0BWe');
INSERT INTO `carmodel` VALUES ('1170', '00AU0BRV0BWe0Bbf0CBH', '英菲尼迪EX', '00AU0BRV0BWe');
INSERT INTO `carmodel` VALUES ('1171', '00AU0BRV0BWe0Bbf0QJT', '英菲尼迪JX', '00AU0BRV0BWe');
INSERT INTO `carmodel` VALUES ('1172', '00AU0BRV0BWe0QfR0RTR', '英菲尼迪Q50L', '00AU0BRV0BWe');
INSERT INTO `carmodel` VALUES ('1173', '00AU0BRV0BWe0Bbf0CBI', '英菲尼迪FX', '00AU0BRV0BWe');
INSERT INTO `carmodel` VALUES ('1174', '00AU0BRV0BWe0Bbf0COR', '英菲尼迪QX', '00AU0BRV0BWe');
INSERT INTO `carmodel` VALUES ('1175', '00AU0BSC0BSb0BZK0CLQ', '永源A380', '00AU0BSC0BSb');
INSERT INTO `carmodel` VALUES ('1176', '00AU0BSC0BSb0BZK0QVS', '猎鹰', '00AU0BSC0BSb');
INSERT INTO `carmodel` VALUES ('1177', '00AU0BSC0BSb0BZK0QJZ', '永源五星', '00AU0BSC0BSb');
INSERT INTO `carmodel` VALUES ('1178', '00AU0BRG0BbB0BbC0CBF', '森雅M80', '00AU0BRG0BbB');
INSERT INTO `carmodel` VALUES ('1179', '00AU0BRG0BbB0BbK0QNK', '夏利N3两厢', '00AU0BRG0BbB');
INSERT INTO `carmodel` VALUES ('1180', '00AU0BRG0BbB0BbK0QNJ', '夏利N3三厢', '00AU0BRG0BbB');
INSERT INTO `carmodel` VALUES ('1181', '00AU0BRG0BbB0BbC0PUP', '森雅S80', '00AU0BRG0BbB');
INSERT INTO `carmodel` VALUES ('1182', '00AU0BRG0BbB0BbK0Bec', '夏利N5', '00AU0BRG0BbB');
INSERT INTO `carmodel` VALUES ('1183', '00AU0BRG0BbB0BbC0QNe', '佳宝V52', '00AU0BRG0BbB');
INSERT INTO `carmodel` VALUES ('1184', '00AU0BRG0BbB0BbK0QMD', '夏利N7', '00AU0BRG0BbB');
INSERT INTO `carmodel` VALUES ('1185', '00AU0BRG0BbB0BbC0QaK', '佳宝V55', '00AU0BRG0BbB');
INSERT INTO `carmodel` VALUES ('1186', '00AU0BRG0BbB0BbC0QNf', '佳宝V70', '00AU0BRG0BbB');
INSERT INTO `carmodel` VALUES ('1187', '00AU0BRG0BbB0BbK0BeX', '威志两厢', '00AU0BRG0BbB');
INSERT INTO `carmodel` VALUES ('1188', '00AU0BRG0BbB0BbK0QGM', '威志三厢', '00AU0BRG0BbB');
INSERT INTO `carmodel` VALUES ('1189', '00AU0BRG0BbB0BbC0QUW', '佳宝V80', '00AU0BRG0BbB');
INSERT INTO `carmodel` VALUES ('1190', '00AU0BRG0BbB0BbK0JYU', '威志V2', '00AU0BRG0BbB');
INSERT INTO `carmodel` VALUES ('1191', '00AU0BRG0BbB0BbK0QHA', '威志V5', '00AU0BRG0BbB');
INSERT INTO `carmodel` VALUES ('1192', '00AU0BRG0BbB0BbK0BeW', '威乐', '00AU0BRG0BbB');
INSERT INTO `carmodel` VALUES ('1193', '00AU0BRG0BbB0BbK0BeZ', '威姿', '00AU0BRG0BbB');
INSERT INTO `carmodel` VALUES ('1194', '00AU0BRG0BbB0BbK0QTX', '骏派D60', '00AU0BRG0BbB');
INSERT INTO `carmodel` VALUES ('1195', '00AU0BSU0BUG0Bab0Pce', '吉利金刚三厢', '00AU0BSU0BUG');
INSERT INTO `carmodel` VALUES ('1196', '00AU0BSU0BUG0Bab0QDT', '吉利英伦金刚三厢二代', '00AU0BSU0BUG');
INSERT INTO `carmodel` VALUES ('1197', '00AU0BSU0BUG0Bab0PVB', '吉利英伦金刚两厢', '00AU0BSU0BUG');
INSERT INTO `carmodel` VALUES ('1198', '00AU0BSU0BUG0Bab0Pcf', '吉利英伦金刚CROSS', '00AU0BSU0BUG');
INSERT INTO `carmodel` VALUES ('1199', '00AU0BSU0BUG0Bab0QJX', '吉利英伦SC3', '00AU0BSU0BUG');
INSERT INTO `carmodel` VALUES ('1200', '00AU0BSU0BUG0Bab0QAY', '吉利英伦SC6', '00AU0BSU0BUG');
INSERT INTO `carmodel` VALUES ('1201', '00AU0BSU0BUG0Bab0OVT', '吉利海景', '00AU0BSU0BUG');
INSERT INTO `carmodel` VALUES ('1202', '00AU0BSU0BUG0Bab0CHQ', '吉利英伦TX4', '00AU0BSU0BUG');
INSERT INTO `carmodel` VALUES ('1203', '00AU0BSU0BUG0Bab0QRS', '吉利SX7', '00AU0BSU0BUG');
INSERT INTO `carmodel` VALUES ('1204', '00AU0QeE0QeF0QeG0QeH', '英致G3', '00AU0QeE0QeF');
INSERT INTO `carmodel` VALUES ('1205', '00AU0BSV0BWf0BcA0QTJ', '中华豚', '00AU0BSV0BWf');
INSERT INTO `carmodel` VALUES ('1206', '00AU0BSV0BWf0BcA0QKC', '中华H220', '00AU0BSV0BWf');
INSERT INTO `carmodel` VALUES ('1207', '00AU0BSV0BWf0BcA0QFb', '中华H230', '00AU0BSV0BWf');
INSERT INTO `carmodel` VALUES ('1208', '00AU0BSV0BWf0BcA0QKQ', '中华H320', '00AU0BSV0BWf');
INSERT INTO `carmodel` VALUES ('1209', '00AU0BSV0BWf0BcA0QMN', '中华H330', '00AU0BSV0BWf');
INSERT INTO `carmodel` VALUES ('1210', '00AU0BSV0BWf0BcA0PeA', '中华H530', '00AU0BSV0BWf');
INSERT INTO `carmodel` VALUES ('1211', '00AU0BSV0BWf0BcA0CBM', '骏捷', '00AU0BSV0BWf');
INSERT INTO `carmodel` VALUES ('1212', '00AU0BSV0BWf0BcA0QBf', '骏捷Wagon', '00AU0BSV0BWf');
INSERT INTO `carmodel` VALUES ('1213', '00AU0BSV0BWf0BcA0CBO', '骏捷FSV', '00AU0BSV0BWf');
INSERT INTO `carmodel` VALUES ('1214', '00AU0BSV0BWf0BcA0CBP', '骏捷FRV', '00AU0BSV0BWf');
INSERT INTO `carmodel` VALUES ('1215', '00AU0BSV0BWf0BcA0CBN', '骏捷Cross', '00AU0BSV0BWf');
INSERT INTO `carmodel` VALUES ('1216', '00AU0BSV0BWf0BcA0CBR', '尊驰', '00AU0BSV0BWf');
INSERT INTO `carmodel` VALUES ('1217', '00AU0BSV0BWf0BcA0PeG', '中华V5', '00AU0BSV0BWf');
INSERT INTO `carmodel` VALUES ('1218', '00AU0BSV0BWf0BcA0CBQ', '酷宝', '00AU0BSV0BWf');
INSERT INTO `carmodel` VALUES ('1219', '00AU0BRP0BSN0BcC0RQc', '众泰E20知豆', '00AU0BRP0BSN');
INSERT INTO `carmodel` VALUES ('1220', '00AU0BRP0BSN0BcC0QTF', '众泰Z100', '00AU0BRP0BSN');
INSERT INTO `carmodel` VALUES ('1221', '00AU0BRP0BSN0BcC0RUf', '云100', '00AU0BRP0BSN');
INSERT INTO `carmodel` VALUES ('1222', '00AU0BRP0BSN0BcC0PXG', '众泰Z200', '00AU0BRP0BSN');
INSERT INTO `carmodel` VALUES ('1223', '00AU0BRP0BSN0BcC0JZD', '众泰Z200HB', '00AU0BRP0BSN');
INSERT INTO `carmodel` VALUES ('1224', '00AU0BRP0BSN0BcC0QDI', '众泰Z300', '00AU0BRP0BSN');
INSERT INTO `carmodel` VALUES ('1225', '00AU0BRP0BSN0BcC0RBP', '众泰Z500', '00AU0BRP0BSN');
INSERT INTO `carmodel` VALUES ('1226', '00AU0BRP0BSN0BcC0CBU', '众泰2008', '00AU0BRP0BSN');
INSERT INTO `carmodel` VALUES ('1227', '00AU0BRP0BSN0BcC0CBV', '众泰5008', '00AU0BRP0BSN');
INSERT INTO `carmodel` VALUES ('1228', '00AU0BRP0BSN0BcC0QDM', '众泰T200', '00AU0BRP0BSN');
INSERT INTO `carmodel` VALUES ('1229', '00AU0BRP0BSN0BcC0QDO', '众泰T600', '00AU0BRP0BSN');
INSERT INTO `carmodel` VALUES ('1230', '00AU0BRP0BSN0BcC0PUR', '众泰M300', '00AU0BRP0BSN');
INSERT INTO `carmodel` VALUES ('1231', '00AU0BRP0BSN0BcC0CBS', '梦迪博朗', '00AU0BRP0BSN');
INSERT INTO `carmodel` VALUES ('1232', '00AU0BRP0BSN0BcC0QLc', '众泰V10', '00AU0BRP0BSN');
INSERT INTO `carmodel` VALUES ('1233', '00AU0BRU0BSR0BcB0QWS', '中兴C3', '00AU0BRU0BSR');
INSERT INTO `carmodel` VALUES ('1234', '00AU0BRU0BSR0BcB0EWf', '无限', '00AU0BRU0BSR');
INSERT INTO `carmodel` VALUES ('1235', '00AU0BRU0BSR0BcB0CBL', '无限V3', '00AU0BRU0BSR');
INSERT INTO `carmodel` VALUES ('1236', '00AU0BRU0BSR0BcB0JaR', '无限V5', '00AU0BRU0BSR');
INSERT INTO `carmodel` VALUES ('1237', '00AU0BRU0BSR0BcB0QOA', '旗舰A9', '00AU0BRU0BSR');
INSERT INTO `carmodel` VALUES ('1238', '00AU0BRU0BSR0BcB0QJV', '威虎G3', '00AU0BRU0BSR');
INSERT INTO `carmodel` VALUES ('1239', '00AU0BRU0BSR0BcB0QUB', '威虎TUV', '00AU0BRU0BSR');
INSERT INTO `carmodel` VALUES ('1240', '00AU0BRU0BSR0BcB0QNZ', '威虎F1', '00AU0BRU0BSR');
INSERT INTO `carmodel` VALUES ('1241', '00AU0BRU0BSR0BcB0RWH', 'GX3', '00AU0BRU0BSR');
INSERT INTO `carmodel` VALUES ('1242', '00AU0BSV0QUa0QUb0QXI', '之诺1E', '00AU0BSV0QUa');

-- ----------------------------
-- Table structure for `chelianginfo`
-- ----------------------------
DROP TABLE IF EXISTS `chelianginfo`;
CREATE TABLE `chelianginfo` (
  `txtCustId` varchar(40) COLLATE utf8_bin NOT NULL COMMENT '客户id',
  `txtCheLiangId` varchar(40) COLLATE utf8_bin NOT NULL COMMENT '车辆id',
  `txtCheLiangChePaiHao` varchar(10) COLLATE utf8_bin DEFAULT NULL COMMENT '车牌号',
  `txtCheLiangCheXingDaiMa` varchar(30) COLLATE utf8_bin DEFAULT NULL COMMENT '车辆型号',
  `txtCheLiangCheJiaHao` varchar(20) COLLATE utf8_bin DEFAULT NULL COMMENT '车架号',
  `txtCheLiangDengJiRiQi` varchar(20) COLLATE utf8_bin DEFAULT NULL COMMENT '车辆注册登记日期',
  `txtCheLiangFaDongJiHao` varchar(20) COLLATE utf8_bin DEFAULT NULL COMMENT '发动机号',
  `txtCheLiangNianShenDaoQiRi` varchar(20) COLLATE utf8_bin DEFAULT NULL COMMENT '年审到期日',
  `txtCheLiangBaoXianDaoQiRi` varchar(20) COLLATE utf8_bin DEFAULT NULL COMMENT '保险到期日',
  `ddlCheLiangZhiZaoShang` varchar(20) COLLATE utf8_bin NOT NULL COMMENT '品牌',
  `ddlCheLiangCheXi` varchar(20) COLLATE utf8_bin DEFAULT NULL COMMENT '车型',
  `ddlChengBaoGongSi` varchar(20) COLLATE utf8_bin DEFAULT NULL COMMENT '承保公司',
  PRIMARY KEY (`txtCheLiangId`),
  KEY `txtCustId` (`txtCustId`) USING BTREE,
  CONSTRAINT `chelianginfo_ibfk_1` FOREIGN KEY (`txtCustId`) REFERENCES `customerinfo` (`txtCustId`)
) ENGINE=InnoDB DEFAULT CHARSET=utf8 COLLATE=utf8_bin;

-- ----------------------------
-- Records of chelianginfo
-- ----------------------------
INSERT INTO `chelianginfo` VALUES ('589f74a2-a7b5-46c8-8471-34d5148c26e6', '1402fb17-f5d6-475c-a0e5-08b05c0c1349', '粤B-7H676', '未设置', '12345678901234567', '2014-05-20', '44789632589632589', '2016-05-19', '2015-05-19', '凯迪拉克', '凯迪拉克ATS-L', '人保');
INSERT INTO `chelianginfo` VALUES ('3cbe3be8-d9b5-4206-9bda-ddcea5fffe51', '1591b22a-aa08-4112-83ac-bc1e188d57bc', '粤B T917B', 'DSA11', '12345678901234567', '2015-02-13', 'dsa11', '2017-02-12', '2016-02-12', '标致', '标致408', '人保');
INSERT INTO `chelianginfo` VALUES ('5369902e-6eb5-4510-a4d5-31f9e5059858', '2315307f-1c0b-45f6-9ea6-f21097384aa7', '粤B 9PL99', 'EWE12', '12345678901234567', '2015-02-14', 'EWE11', '2021-02-10', '2016-02-10', '五菱', '宏光', '人保');
INSERT INTO `chelianginfo` VALUES ('aaae6691-4b58-40a6-b65d-0f61a7a722c2', '27f30924-93de-4c7c-8a2b-e3a691780d75', '粤B E3U05', 'DSA22', '12345678901234567', '2015-02-04', 'dsa11', '2021-02-03', '2016-02-04', '本田', '奥德赛', '人保');
INSERT INTO `chelianginfo` VALUES ('5b987c5c-5ea3-45b2-8e5e-a2facdcaa808', '9f102241-b403-4388-bc38-d82aa2aec0f5', '粤BE691Q', 'DAA11', '12345678901234567', '2015-02-04', 'DSA11', '2021-02-03', '2016-02-03', '丰田', '卡罗拉', '平安保险');
INSERT INTO `chelianginfo` VALUES ('e16e79bb-5893-46ca-a5f3-e8d1f93d3755', 'a804654f-555b-4abc-9e6b-a6e1784b953d', '闽J-63258', '未设置', '未设置', null, '', '', '', '道奇', '酷威', null);
INSERT INTO `chelianginfo` VALUES ('589f74a2-a7b5-46c8-8471-34d5148c26e6', 'c5f952bf-64f3-4592-bd26-07c729e7e587', '贵N-32658', '未设置', '56329633259963258', null, 'DFASFS56325696325', '2016-05-06', '2016-08-11', '菲亚特', '派朗', null);
INSERT INTO `chelianginfo` VALUES ('03cb524f-f6b2-4233-afff-cdd8d332444f', 'db3ece1e-02c8-4adf-91d9-e2f69488ded2', '津F-69452', '未设置', '55555', '2015-02-14', 'DSA11', '2021-02-13', '2015-02-15', '克莱斯勒', '克莱斯勒300C(进口)', '人保');

-- ----------------------------
-- Table structure for `customerinfo`
-- ----------------------------
DROP TABLE IF EXISTS `customerinfo`;
CREATE TABLE `customerinfo` (
  `txtCustId` varchar(40) COLLATE utf8_bin NOT NULL COMMENT '客户id',
  `ddlDianPu` varchar(100) COLLATE utf8_bin DEFAULT NULL COMMENT '所属店铺',
  `ddlCustSort` varchar(40) COLLATE utf8_bin DEFAULT NULL COMMENT '客户类别',
  `txtCheZhuName` varchar(100) COLLATE utf8_bin DEFAULT NULL COMMENT '车主名',
  `txtCheZhuTel` varchar(20) COLLATE utf8_bin DEFAULT NULL COMMENT '车主电话',
  `txtCheZhuPwd` varchar(20) COLLATE utf8_bin DEFAULT NULL COMMENT '密码',
  `txtLianXiRenName` varchar(20) COLLATE utf8_bin DEFAULT NULL COMMENT '联系人姓名',
  `txtLianXiRenTel` varchar(20) COLLATE utf8_bin DEFAULT NULL COMMENT '联系人电话',
  `txtLianXiRenAdd` varchar(100) COLLATE utf8_bin DEFAULT NULL COMMENT '联系人地址',
  `txtCheZhuJiaZhaoDate` varchar(40) COLLATE utf8_bin DEFAULT NULL COMMENT '车主驾照日期',
  `txtHuiYuanJiFen` int(20) DEFAULT NULL COMMENT '会员积分',
  `txtGongShiZheKou` float(20,2) DEFAULT NULL COMMENT '工时折扣',
  `txtCaiLiaoZheKou` float(20,2) DEFAULT NULL COMMENT '材料折扣',
  `txtHuiYuanDengJi` varchar(40) COLLATE utf8_bin DEFAULT NULL COMMENT '会员等级',
  `couponNum` int(11) DEFAULT NULL COMMENT '优惠券',
  PRIMARY KEY (`txtCustId`)
) ENGINE=InnoDB DEFAULT CHARSET=utf8 COLLATE=utf8_bin;

-- ----------------------------
-- Records of customerinfo
-- ----------------------------
INSERT INTO `customerinfo` VALUES ('03cb524f-f6b2-4233-afff-cdd8d332444f', '八路通深圳西乡店', '会员', '陈先生', '13333333333', '888888', null, null, '深圳', '2015-05-06', '0', '1.00', '1.00', null, '0');
INSERT INTO `customerinfo` VALUES ('3cbe3be8-d9b5-4206-9bda-ddcea5fffe51', '八路通深圳西乡店', '人保客户', '赵绍国', '18038023056', '888888', '赵绍国', '18038023056', '深圳市宝安区', '2013-02-12', '0', '1.00', '1.00', '注册会员', null);
INSERT INTO `customerinfo` VALUES ('5369902e-6eb5-4510-a4d5-31f9e5059858', '八路通深圳西乡店', '人保客户', '杨丙友', '15118073359', '888888', '杨丙友', '15118073359', '深圳', '2013-02-13', '0', '1.00', '1.00', '注册会员', null);
INSERT INTO `customerinfo` VALUES ('589f74a2-a7b5-46c8-8471-34d5148c26e6', '八路通深圳西乡店', '合作商户', '德明士', '13316982760', '888888', '小邓', '13316982760', '深圳市宝安区西乡', '2013-08-20', '0', '1.00', '1.00', '注册会员', null);
INSERT INTO `customerinfo` VALUES ('5b7c12b1-878b-4afd-adf3-e9e103cf2d3f', '八路通深圳西乡店', '会员', '徐芹富', '13530414086', '888666', '徐芹富', '13530414086', '港隆城', '未设置', '0', '1.00', '1.00', null, '0');
INSERT INTO `customerinfo` VALUES ('5b987c5c-5ea3-45b2-8e5e-a2facdcaa808', '八路通深圳西乡店', '人保客户', '韩艳芳', '13590218250', '888888', '韩艳芳', '13590218250', '深圳市宝安区', '2015-02-04', '0', '1.00', '1.00', '注册会员', null);
INSERT INTO `customerinfo` VALUES ('aaae6691-4b58-40a6-b65d-0f61a7a722c2', '八路通深圳西乡店', '人保客户', '王书', '18676666525', '888888', '王书', '18676666525', '深圳宝安', '2015-02-04', '0', '1.00', '1.00', '注册会员', null);
INSERT INTO `customerinfo` VALUES ('d19d8b35-27c1-484d-a011-373dc5c65b7f', '八路通深圳西乡店', '会员', '王先生', '13999999999', '888888', '王先生', '13999999999', '深圳', '2014-02-06', '0', '1.00', '1.00', null, '0');
INSERT INTO `customerinfo` VALUES ('e16e79bb-5893-46ca-a5f3-e8d1f93d3755', '八路通深圳横岗店', '会员', '黄先生', '13569856325', '888888', null, null, '长沙', '2012-06-12', '0', '1.00', '1.00', null, '0');

-- ----------------------------
-- Table structure for `department`
-- ----------------------------
DROP TABLE IF EXISTS `department`;
CREATE TABLE `department` (
  `departId` varchar(50) COLLATE utf8_bin NOT NULL DEFAULT '',
  `departCode` varchar(50) COLLATE utf8_bin DEFAULT NULL COMMENT '部门编号',
  `departName` varchar(50) COLLATE utf8_bin DEFAULT NULL COMMENT '部门名称',
  `departDesc` varchar(200) COLLATE utf8_bin DEFAULT NULL,
  PRIMARY KEY (`departId`)
) ENGINE=InnoDB DEFAULT CHARSET=utf8 COLLATE=utf8_bin;

-- ----------------------------
-- Records of department
-- ----------------------------
INSERT INTO `department` VALUES ('19663215-72e5-4d00-8466-11fd15d77ea8', 'MRB01', '美容部', '');
INSERT INTO `department` VALUES ('3f54dc19-bded-4c9b-af52-3821790d8eb4', 'JXB01', '快修部', '');
INSERT INTO `department` VALUES ('c8be4a05-0f87-4913-ba89-67a7c54eeaeb', 'XCB01', '洗车部', '专业洗车');

-- ----------------------------
-- Table structure for `feedback`
-- ----------------------------
DROP TABLE IF EXISTS `feedback`;
CREATE TABLE `feedback` (
  `id` int(10) NOT NULL AUTO_INCREMENT,
  `suggestions` varchar(50) DEFAULT NULL,
  `error` varchar(50) DEFAULT NULL,
  `doubat` varchar(50) DEFAULT NULL,
  `username` varchar(20) DEFAULT NULL,
  `userid` varchar(50) DEFAULT NULL,
  PRIMARY KEY (`id`)
) ENGINE=InnoDB AUTO_INCREMENT=69 DEFAULT CHARSET=utf8;

-- ----------------------------
-- Records of feedback
-- ----------------------------
INSERT INTO `feedback` VALUES ('68', '大大方方', '', '', '德明士', '589f74a2-a7b5-46c8-8471-34d5148c26e6');

-- ----------------------------
-- Table structure for `gongdan`
-- ----------------------------
DROP TABLE IF EXISTS `gongdan`;
CREATE TABLE `gongdan` (
  `txtGongDanId` varchar(40) COLLATE utf8_bin NOT NULL COMMENT '工单唯一编号',
  `ddlDianPu` varchar(100) COLLATE utf8_bin DEFAULT NULL COMMENT '所属店铺',
  `txtBillNo` varchar(40) COLLATE utf8_bin DEFAULT NULL COMMENT '维修单号',
  `txtXieYiBillNo` varchar(40) COLLATE utf8_bin DEFAULT NULL COMMENT '协议单号',
  `txtRuChangDate` varchar(20) COLLATE utf8_bin DEFAULT NULL COMMENT '入厂时间',
  `txtYuChuChangDate` varchar(20) COLLATE utf8_bin DEFAULT NULL COMMENT '预出厂时间',
  `txtFuWuGuWen` varchar(40) COLLATE utf8_bin DEFAULT NULL COMMENT '服务顾问',
  `txtJiaoXiuReason` varchar(100) COLLATE utf8_bin DEFAULT NULL COMMENT '交修原因',
  `txtGuZhangReason` varchar(100) COLLATE utf8_bin DEFAULT NULL COMMENT '故障原因',
  `txtWeiXiuCuoShi` varchar(100) COLLATE utf8_bin DEFAULT NULL COMMENT '维修措施',
  `txtCustId` varchar(40) COLLATE utf8_bin DEFAULT NULL COMMENT '客户id',
  `txtCheLiangId` varchar(40) COLLATE utf8_bin DEFAULT NULL COMMENT '车辆id',
  `txtYuYueId` varchar(40) COLLATE utf8_bin DEFAULT NULL COMMENT '预约id',
  `txtChePaiHao` varchar(40) COLLATE utf8_bin DEFAULT NULL COMMENT '车牌号',
  `txtLiCheng` int(11) DEFAULT NULL COMMENT '里程',
  `txtVin` varchar(20) COLLATE utf8_bin DEFAULT NULL COMMENT 'VIN',
  `txtFaDongJiHao` varchar(20) COLLATE utf8_bin DEFAULT NULL COMMENT '发动机号',
  `txtChangJiaPinPai` varchar(20) COLLATE utf8_bin DEFAULT NULL COMMENT '厂家品牌',
  `txtCheXiName` varchar(20) COLLATE utf8_bin DEFAULT NULL COMMENT '车系名称',
  `txtCheXingDaiMa` varchar(30) COLLATE utf8_bin DEFAULT NULL COMMENT '车型代码',
  `txtCustSort` varchar(30) COLLATE utf8_bin DEFAULT NULL COMMENT '客户类别',
  `txtCheZhuName` varchar(100) COLLATE utf8_bin DEFAULT NULL COMMENT '车主名',
  `txtCheZhuTel` varchar(20) COLLATE utf8_bin DEFAULT NULL COMMENT '车主电话',
  `txtLianXiRenName` varchar(20) COLLATE utf8_bin NOT NULL COMMENT '联系人姓名',
  `txtLianXiRenTel` varchar(20) COLLATE utf8_bin DEFAULT NULL COMMENT '联系人电话',
  `txtLianXiRenAdd` varchar(100) COLLATE utf8_bin DEFAULT NULL COMMENT '联系地址',
  `txtGongDanStatus` varchar(20) COLLATE utf8_bin DEFAULT NULL COMMENT '工单状态',
  `txtJieSuanDate` varchar(20) COLLATE utf8_bin DEFAULT NULL COMMENT '结算时间',
  `txtChuChangDate` varchar(20) COLLATE utf8_bin DEFAULT NULL COMMENT '出厂时间',
  `txtNewLiCheng` int(20) DEFAULT NULL COMMENT '下次保养里程',
  `txtNewRuChangDate` varchar(20) COLLATE utf8_bin DEFAULT NULL COMMENT '下次保养时间',
  `chkFanXiu` varchar(20) COLLATE utf8_bin DEFAULT NULL COMMENT '返修',
  `txtHuiYuanDengJi` varchar(20) COLLATE utf8_bin DEFAULT NULL COMMENT '会员等级',
  `txtGongShiZheKou` float(10,2) DEFAULT '1.00' COMMENT '会员工时折扣',
  `txtCaiLiaoZheKou` float(10,2) DEFAULT '1.00' COMMENT '会员材料折扣',
  `txtCheLiangDengJiRiQi` varchar(20) COLLATE utf8_bin DEFAULT NULL COMMENT '注册登记日',
  `txtCheLiangNianShenDaoQiRi` varchar(20) COLLATE utf8_bin DEFAULT NULL COMMENT '年审到期日',
  `txtCheLiangBaoXianDaoQiRi` varchar(20) COLLATE utf8_bin DEFAULT NULL COMMENT '保险到期日',
  `ddlChengBaoGongSi` varchar(20) COLLATE utf8_bin DEFAULT NULL COMMENT '承保公司',
  `txtGongShiDiYongQuan` float(10,2) DEFAULT NULL COMMENT '维修项目抵用券',
  `txtCaiLiaoDiYongQuan` float(10,2) DEFAULT NULL COMMENT '材料抵用券',
  PRIMARY KEY (`txtGongDanId`),
  KEY `txtGongDanId` (`txtGongDanId`)
) ENGINE=InnoDB DEFAULT CHARSET=utf8 COLLATE=utf8_bin;

-- ----------------------------
-- Records of gongdan
-- ----------------------------
INSERT INTO `gongdan` VALUES ('0934bc98-53cb-4043-a8c6-7ff5f267b920', '八路通深圳西乡店', 'JDD20150213003', '', '2015-02-13', '2015-02-26 11:57:45', '邓思杰', '正常保养', '', '', '589f74a2-a7b5-46c8-8471-34d5148c26e6', 'c5f952bf-64f3-4592-bd26-07c729e7e587', null, '贵N-32658', '2000', '未设置', '', '海马汽车', '福仕达新腾达', '未设置', '人保客户', '德明士', '13316982760', '小邓', '13316982760', '深圳市宝安区西乡', '车辆检测', null, null, '5000', '2015-03-13', null, '注册会员', '0.80', '0.80', null, '', '', null, '0.00', '0.00');
INSERT INTO `gongdan` VALUES ('2950f42a-f826-4680-99a3-e36904f78408', '八路通深圳西乡店', 'JDD20150213001', '', '2015-02-13', '2015-02-13 09:07:02', '邓思杰', '正常保养', '', '', '589f74a2-a7b5-46c8-8471-34d5148c26e6', '1402fb17-f5d6-475c-a0e5-08b05c0c1349', null, '粤B 7H67', '76739', '12345678901234567', '45845', '江淮', '和悦A13 RS', 'DSD12', '人保客户', '德明士', '13316982760', '小邓', '13316982760', '深圳市宝安区西乡', '出库', null, '2015-02-13', '80000', '2015-05-12', null, '注册会员', '0.80', '0.80', '2014-05-20', '2016-05-19', '2015-05-19', '人保', '0.00', '0.00');
INSERT INTO `gongdan` VALUES ('3b8a2ec5-3883-4212-a934-1747e794f74e', '八路通深圳西乡店', 'JDD20150213002', '', '2015-02-13', '2015-02-13', '邓思杰', '常规保养', '', '', '3cbe3be8-d9b5-4206-9bda-ddcea5fffe51', '1591b22a-aa08-4112-83ac-bc1e188d57bc', null, '粤B T917B', '35518', '12345678901234567', 'dsa11', '标致', '标致408', 'DSA11', '人保客户', '赵绍国', '18038023056', '赵绍国', '18038023056', '深圳市宝安区', '费用结算', null, null, '40000', '2015-05-13', null, '注册会员', '1.00', '1.00', '2015-02-13', '2017-02-12', '2016-02-12', '人保', '0.00', '0.00');
INSERT INTO `gongdan` VALUES ('3b8a2ec5-3883-4212-a934-1747e794f74k', '八路通深圳西乡店', 'JDD20150213004', null, '2015-02-13', '2015-02-13', '邓思杰', '常规保养', null, null, '589f74a2-a7b5-46c8-8471-34d5148c26e6', 'c5f952bf-64f3-4592-bd26-07c729e7e587', null, '贵N-32658', '2000', '未设置', null, '海马汽车', '福仕达新腾达', '未设置', '人保客户', '德明士', '13316982760', '小邓', '13316982760', '深圳市宝安区西乡', '费用结算', null, null, '10000', '2015-05-13', null, '注册会员', '0.80', '0.80', '2014-05-20', '2016-05-19', '2015-05-19', '人保', '0.00', '0.00');
INSERT INTO `gongdan` VALUES ('437e42e9-01c3-43a2-b42d-d5c4a217d536', '八路通深圳西乡店', 'JDD20150214005', '', '2015-02-14', '2015-02-14 16:13:57', '杨小院', 'aaa', null, null, '3cbe3be8-d9b5-4206-9bda-ddcea5fffe51', '1591b22a-aa08-4112-83ac-bc1e188d57bc', null, '粤B T917B', '13000', '12345678901234567', 'dsa11', '标致', '标致408', 'DSA11', '人保客户', '赵绍国', '18038023056', '赵绍国', '18038023056', '深圳市宝安区', '维修接待', null, null, '18000', '2015-05-14', null, '注册会员', '1.00', '1.00', '2015-02-13', '2017-02-12', '2016-02-12', '人保', null, null);
INSERT INTO `gongdan` VALUES ('5c08739b-e145-4fb1-944e-8a2e5c73ec4f', '八路通深圳西乡店', 'JDD20150213009', '', '2015-02-13', '2015-02-17', '杨小院', '', '', '', '589f74a2-a7b5-46c8-8471-34d5148c26e6', 'c5f952bf-64f3-4592-bd26-07c729e7e587', null, '贵N-32658', '7000', '未设置', '', '海马汽车', '福仕达新鸿达', '未设置', '合作商户', '德明士', '13316982760', '小邓', '13316982760', '深圳市宝安区西乡', '费用结算', null, null, '12000', '2015-02-26', null, '注册会员', '1.00', '1.00', null, '', '', null, '0.00', '0.00');
INSERT INTO `gongdan` VALUES ('639c2676-554d-480f-b5af-decf3188708b', '八路通深圳西乡店', 'JDD20150214004', '', '2015-02-14', '2015-02-14 15:44:28', '杨小院', 'sfdsdf', null, null, '3cbe3be8-d9b5-4206-9bda-ddcea5fffe51', '1591b22a-aa08-4112-83ac-bc1e188d57bc', null, '粤B T917B', '0', '12345678901234567', 'dsa11', '标致', '标致408', 'DSA11', '人保客户', '赵绍国', '18038023056', '赵绍国', '18038023056', '深圳市宝安区', '维修接待', null, null, '20000', '2015-02-25', null, '注册会员', '1.00', '1.00', '2015-02-13', '2017-02-12', '2016-02-12', '人保', null, null);
INSERT INTO `gongdan` VALUES ('81ca6c77-c283-4dd3-b658-3ab8e4eff8fe', '八路通深圳西乡店', 'JDD20150214002', '', '2015-02-14', '2015-02-14 13:52:19', '杨小院', '保养', '', '', '5b987c5c-5ea3-45b2-8e5e-a2facdcaa808', '9f102241-b403-4388-bc38-d82aa2aec0f5', null, '粤BE691Q', '15000', '12345678901234567', 'DSA11', '丰田', '卡罗拉', 'DAA11', '人保客户', '韩艳芳', '13590218250', '韩艳芳', '13590218250', '深圳市宝安区', '维修派工', null, null, '20000', '2015-05-15', null, '注册会员', '1.00', '1.00', '2015-02-04', '2021-02-03', '2016-02-03', '平安保险', null, null);
INSERT INTO `gongdan` VALUES ('87e54a26-e5d4-42ac-9b5a-2f7071088ae1', '八路通深圳西乡店', 'JDD20150213006', '', '2015-02-13', '2015-02-13 16:14:57', '邓思杰', '正常保养', '', '', 'aaae6691-4b58-40a6-b65d-0f61a7a722c2', '27f30924-93de-4c7c-8a2b-e3a691780d75', null, '粤B E3U05', '59588', '12345678901234567', 'dsa11', '本田', '奥德赛', 'DSA22', '人保客户', '王书', '18676666525', '王书', '18676666525', '深圳宝安', '费用结算', null, null, '65000', '2015-05-06', null, '注册会员', '1.00', '1.00', '2015-02-04', '2021-02-03', '2016-02-04', '人保', '0.00', '0.00');
INSERT INTO `gongdan` VALUES ('9740f20d-a82e-46fc-9217-9672a4bd3da6', '八路通深圳西乡店', 'JDD20150214003', '', '2015-02-14', '2015-02-14 14:52:25', '邓思杰', '正常保养', '', '洗车，消毒', '5369902e-6eb5-4510-a4d5-31f9e5059858', '2315307f-1c0b-45f6-9ea6-f21097384aa7', null, '粤B 9PL99', '29788', '12345678901234567', 'EWE11', '五菱', '宏光', 'EWE12', '人保客户', '杨丙友', '15118073359', '杨丙友', '15118073359', '深圳', '出库', null, '2015-02-14', '35000', '2015-05-12', null, '注册会员', '1.00', '1.00', '2015-02-14', '2021-02-10', '2016-02-10', '人保', null, null);
INSERT INTO `gongdan` VALUES ('d073a433-a64d-4a87-b999-9227aa928fb3', '八路通深圳西乡店', 'JDD20150213005', '', '2015-02-13', '2015-02-13', '邓思杰', '正常保养', '', '', '5b987c5c-5ea3-45b2-8e5e-a2facdcaa808', '9f102241-b403-4388-bc38-d82aa2aec0f5', null, '粤BE691Q', '49219', '12345678901234567', 'DSA11', '丰田', '卡罗拉', 'DAA11', '人保客户', '韩艳芳', '13590218250', '韩艳芳', '13590218250', '深圳市宝安区', '出库', null, '2015-02-13', '53000', '2015-05-13', null, '注册会员', '1.00', '1.00', '2015-02-04', '2021-02-03', '2016-02-03', '平安保险', '0.00', '0.00');
INSERT INTO `gongdan` VALUES ('db2398f1-f8f6-4318-8cfd-ebb1c8794b79', '八路通深圳西乡店', 'JDD20150214001', '', '2015-02-14', '2015-02-15 13:39:16', '杨小院', '保养，故障灯亮', '', '', '3cbe3be8-d9b5-4206-9bda-ddcea5fffe51', '1591b22a-aa08-4112-83ac-bc1e188d57bc', null, '粤B T917B', '15000', '12345678901234567', 'dsa11', '标致', '标致408', 'DSA11', '人保客户', '赵绍国', '18038023056', '赵绍国', '18038023056', '深圳市宝安区', '维修接待', null, null, '20000', '2015-05-15', null, '注册会员', '1.00', '1.00', '2015-02-13', '2017-02-12', '2016-02-12', '人保', null, null);
INSERT INTO `gongdan` VALUES ('e47fb62f-6625-4fdc-bd82-884673c5f983', '八路通深圳西乡店', 'JDD20150213007', '', '2015-02-13', '2015-02-13', '邓思杰', '正常保养', '', '', 'aaae6691-4b58-40a6-b65d-0f61a7a722c2', '27f30924-93de-4c7c-8a2b-e3a691780d75', null, '粤B E3U05', '59000', '12345678901234567', 'dsa11', '本田', '奥德赛', 'DSA22', '人保客户', '王书', '18676666525', '王书', '18676666525', '深圳宝安', '出库', null, '2015-02-13', '65000', '2015-02-13', null, '注册会员', '1.00', '1.00', '2015-02-04', '2021-02-03', '2016-02-04', '人保', '0.00', '0.00');
INSERT INTO `gongdan` VALUES ('f3989f79-a939-40a1-8a19-e57a2b598246', '八路通深圳西乡店', 'JDD20150213008', '', '2015-02-13', '2015-02-13 17:07:09', '邓思杰', '正常保养', '', '', 'aaae6691-4b58-40a6-b65d-0f61a7a722c2', '27f30924-93de-4c7c-8a2b-e3a691780d75', null, '粤B E3U05', '59588', '12345678901234567', 'dsa11', '本田', '奥德赛', 'DSA22', '人保客户', '王书', '18676666525', '王书', '18676666525', '深圳宝安', '维修接待', null, null, '65000', '2015-02-13', null, '注册会员', '1.00', '1.00', '2015-02-04', '2021-02-03', '2016-02-04', '人保', '0.00', '0.00');
INSERT INTO `gongdan` VALUES ('fa6a2bf2-0d7c-444e-aad2-2d9f6e0953a6', '八路通深圳西乡店', 'JDD20150214006', '', '2015-02-14', '2015-02-14', '杨小院', 'aaa', null, null, '3cbe3be8-d9b5-4206-9bda-ddcea5fffe51', '1591b22a-aa08-4112-83ac-bc1e188d57bc', null, '粤B T917B', '13000', '12345678901234567', 'dsa11', '标致', '标致408', 'DSA11', '人保客户', '赵绍国', '18038023056', '赵绍国', '18038023056', '深圳市宝安区', '领取物料', null, null, '18000', '2015-05-14', null, '注册会员', '1.00', '1.00', '2015-02-13', '2017-02-12', '2016-02-12', '人保', null, null);

-- ----------------------------
-- Table structure for `gongdanjiance`
-- ----------------------------
DROP TABLE IF EXISTS `gongdanjiance`;
CREATE TABLE `gongdanjiance` (
  `txtjianceGuid` varchar(40) COLLATE utf8_bin NOT NULL,
  `txtGongDanGuid` varchar(40) COLLATE utf8_bin DEFAULT NULL COMMENT '维修单号',
  `txtXuHao` int(11) DEFAULT NULL COMMENT '序号',
  `txtNeiRong` varchar(40) COLLATE utf8_bin DEFAULT NULL COMMENT '检查内容',
  `txtZhuangTai` varchar(40) COLLATE utf8_bin DEFAULT NULL COMMENT '检测状态',
  `txtRemark` varchar(100) COLLATE utf8_bin DEFAULT '' COMMENT '备注',
  PRIMARY KEY (`txtjianceGuid`),
  KEY `txtGongDanGuid` (`txtGongDanGuid`),
  CONSTRAINT `gongdanjiance_ibfk_1` FOREIGN KEY (`txtGongDanGuid`) REFERENCES `gongdan` (`txtGongDanId`)
) ENGINE=InnoDB DEFAULT CHARSET=utf8 COLLATE=utf8_bin;

-- ----------------------------
-- Records of gongdanjiance
-- ----------------------------
INSERT INTO `gongdanjiance` VALUES ('025084da-9f07-4436-8059-a3ebbe15c212', 'e47fb62f-6625-4fdc-bd82-884673c5f983', '10', '发动机外观检查', '正常', '');
INSERT INTO `gongdanjiance` VALUES ('04072698-7c19-4cb1-ad2f-17ba36847345', '2950f42a-f826-4680-99a3-e36904f78408', '0', '检测发动机控制模块系统', '正常', '');
INSERT INTO `gongdanjiance` VALUES ('0456dc6d-874a-4c34-a5ce-cb80e1e28822', 'fa6a2bf2-0d7c-444e-aad2-2d9f6e0953a6', '11', '前后悬挂装置及底盘', '未检测', null);
INSERT INTO `gongdanjiance` VALUES ('04e4a0d0-999f-47c7-969f-db44e5e9568e', '5c08739b-e145-4fb1-944e-8a2e5c73ec4f', '0', '检测发动机控制模块系统', '未检测', null);
INSERT INTO `gongdanjiance` VALUES ('06461b26-70fe-427b-b5d1-6dd036e88a45', '0934bc98-53cb-4043-a8c6-7ff5f267b920', '14', '检查车轮', '未检测', null);
INSERT INTO `gongdanjiance` VALUES ('09853779-dcd3-4978-a363-7e48d38acf94', '87e54a26-e5d4-42ac-9b5a-2f7071088ae1', '1', '检查发动机空气滤清器', '正常', '');
INSERT INTO `gongdanjiance` VALUES ('0ab4701d-72d4-4bfa-9b1e-da8fddf7ef34', '3b8a2ec5-3883-4212-a934-1747e794f74e', '4', '各种橡胶软管的检查', '正常', '');
INSERT INTO `gongdanjiance` VALUES ('0b051185-48ab-426a-8159-b693060aed65', 'fa6a2bf2-0d7c-444e-aad2-2d9f6e0953a6', '2', '检查发动机冷却系统', '未检测', null);
INSERT INTO `gongdanjiance` VALUES ('0c59f4d0-880e-4bfe-9983-389c7571a1a9', 'db2398f1-f8f6-4318-8cfd-ebb1c8794b79', '0', '检测发动机机油', '未检测', null);
INSERT INTO `gongdanjiance` VALUES ('1078d42c-63a7-4847-826d-e30129dc1ba4', 'fa6a2bf2-0d7c-444e-aad2-2d9f6e0953a6', '0', '检测发动机机油', '未检测', null);
INSERT INTO `gongdanjiance` VALUES ('12414409-c7dd-4e06-8945-574ead2d3f85', '9740f20d-a82e-46fc-9217-9672a4bd3da6', '9', '球头节和防尘套', '正常', '');
INSERT INTO `gongdanjiance` VALUES ('126dd3a3-4972-405a-bd25-2325984102d9', '9740f20d-a82e-46fc-9217-9672a4bd3da6', '3', '蓄电池及起动机检查', '正常', '');
INSERT INTO `gongdanjiance` VALUES ('12cdce33-40e2-4b72-b405-f34ebfeda9f8', '0934bc98-53cb-4043-a8c6-7ff5f267b920', '6', '检查车辆底部', '正常', '');
INSERT INTO `gongdanjiance` VALUES ('132b19a0-c1ad-48d9-9080-4c2ac208c759', '2950f42a-f826-4680-99a3-e36904f78408', '8', '检查制动系统', '异常', '');
INSERT INTO `gongdanjiance` VALUES ('144076ce-d9aa-4605-8584-20f0a2cfe039', '5c08739b-e145-4fb1-944e-8a2e5c73ec4f', '14', '检查车轮', '未检测', null);
INSERT INTO `gongdanjiance` VALUES ('17ee5687-dff5-4efa-ac10-3f7d3fde7687', 'fa6a2bf2-0d7c-444e-aad2-2d9f6e0953a6', '14', '空调滤清器', '未检测', null);
INSERT INTO `gongdanjiance` VALUES ('190bd59b-c8fb-4319-887f-c6870da2f8fe', '639c2676-554d-480f-b5af-decf3188708b', '11', '前后悬挂装置及底盘', '未检测', null);
INSERT INTO `gongdanjiance` VALUES ('1a721812-cf40-4b74-af83-ceff95298ed1', '9740f20d-a82e-46fc-9217-9672a4bd3da6', '14', '空调滤清器', '正常', '');
INSERT INTO `gongdanjiance` VALUES ('1a9644c7-a157-4b91-9e06-ca85ac5eaa4b', '5c08739b-e145-4fb1-944e-8a2e5c73ec4f', '13', '检查反光镜、后视镜', '未检测', null);
INSERT INTO `gongdanjiance` VALUES ('1a9de8fa-c64b-4fd6-8fc5-ffedcea46a71', 'f3989f79-a939-40a1-8a19-e57a2b598246', '6', '检查动力转向系统', '未检测', null);
INSERT INTO `gongdanjiance` VALUES ('1d3f9f58-cb38-4bb6-be33-cff765c713a9', 'db2398f1-f8f6-4318-8cfd-ebb1c8794b79', '9', '球头节和防尘套', '未检测', null);
INSERT INTO `gongdanjiance` VALUES ('1d5c89b1-b010-406f-b9a0-74292507e83d', '437e42e9-01c3-43a2-b42d-d5c4a217d536', '12', '检查制冷剂', '未检测', null);
INSERT INTO `gongdanjiance` VALUES ('1f1b24ec-1016-4520-b415-b7f41569f978', '3b8a2ec5-3883-4212-a934-1747e794f74e', '0', '检测发动机机油', '异常', '更换机油及机油格');
INSERT INTO `gongdanjiance` VALUES ('1f86794e-59fd-4918-9837-15d7ee30f091', '639c2676-554d-480f-b5af-decf3188708b', '13', '轮胎和充气气压', '未检测', null);
INSERT INTO `gongdanjiance` VALUES ('21b690d2-891b-4db9-b844-74df95224c89', '0934bc98-53cb-4043-a8c6-7ff5f267b920', '5', '检查刮水器刮片', '未检测', null);
INSERT INTO `gongdanjiance` VALUES ('22206a85-361c-4803-b072-50c39536b485', 'fa6a2bf2-0d7c-444e-aad2-2d9f6e0953a6', '3', '蓄电池及起动机检查', '未检测', null);
INSERT INTO `gongdanjiance` VALUES ('227c74e0-47a8-4a95-b139-71e9515cfdfd', '2950f42a-f826-4680-99a3-e36904f78408', '14', '检查车轮', '正常', '');
INSERT INTO `gongdanjiance` VALUES ('238b91e3-e129-47f2-8bbd-b14e258897d1', '437e42e9-01c3-43a2-b42d-d5c4a217d536', '10', '发动机外观检查', '未检测', null);
INSERT INTO `gongdanjiance` VALUES ('26847374-2e9d-4418-904d-1feb2b7bb3a1', '639c2676-554d-480f-b5af-decf3188708b', '5', '怠速及火花塞', '未检测', null);
INSERT INTO `gongdanjiance` VALUES ('27821bcf-9168-4e71-83ab-bfa753071436', 'f3989f79-a939-40a1-8a19-e57a2b598246', '1', '检查发动机空气滤清器', '未检测', null);
INSERT INTO `gongdanjiance` VALUES ('28456ce3-5db6-40a0-bc21-bafa84f4572c', '437e42e9-01c3-43a2-b42d-d5c4a217d536', '9', '球头节和防尘套', '未检测', null);
INSERT INTO `gongdanjiance` VALUES ('29143bd9-5be4-4e34-a229-cfbc542d45e1', '81ca6c77-c283-4dd3-b658-3ab8e4eff8fe', '1', '检查发动机空气滤清器', '异常', '清洁');
INSERT INTO `gongdanjiance` VALUES ('29c74634-c598-4fcf-8115-a5cb7ec89528', '81ca6c77-c283-4dd3-b658-3ab8e4eff8fe', '9', '球头节和防尘套', '未检测', null);
INSERT INTO `gongdanjiance` VALUES ('2aa9bee1-4856-4934-abd5-35eeef065180', 'db2398f1-f8f6-4318-8cfd-ebb1c8794b79', '14', '空调滤清器', '未检测', null);
INSERT INTO `gongdanjiance` VALUES ('2b46d8ae-4a3f-46c0-92ac-49aed792b150', '87e54a26-e5d4-42ac-9b5a-2f7071088ae1', '14', '空调滤清器', '正常', '');
INSERT INTO `gongdanjiance` VALUES ('2b4d462f-46d5-4c89-8f67-22e7d50f3c17', 'f3989f79-a939-40a1-8a19-e57a2b598246', '12', '检查制冷剂', '未检测', null);
INSERT INTO `gongdanjiance` VALUES ('2c83dcb4-e588-4e17-b14b-8b061235400d', '9740f20d-a82e-46fc-9217-9672a4bd3da6', '5', '怠速及火花塞', '正常', '');
INSERT INTO `gongdanjiance` VALUES ('2eaa0735-1af4-48d8-978c-2fa1459ec1b3', 'd073a433-a64d-4a87-b999-9227aa928fb3', '11', '前后悬挂装置及底盘', '正常', '');
INSERT INTO `gongdanjiance` VALUES ('2ecb5fe4-35d6-4e0e-ae19-0de5f28ca05b', '639c2676-554d-480f-b5af-decf3188708b', '12', '检查制冷剂', '未检测', null);
INSERT INTO `gongdanjiance` VALUES ('308a2559-da82-4e5c-9464-222d2c6f3340', '437e42e9-01c3-43a2-b42d-d5c4a217d536', '13', '轮胎和充气气压', '未检测', null);
INSERT INTO `gongdanjiance` VALUES ('311fb649-da40-4bd4-8cc9-78001523523a', '3b8a2ec5-3883-4212-a934-1747e794f74e', '2', '检查发动机冷却系统', '正常', '');
INSERT INTO `gongdanjiance` VALUES ('32f66eab-22d6-4e4b-a629-02d71d57917d', 'db2398f1-f8f6-4318-8cfd-ebb1c8794b79', '13', '轮胎和充气气压', '未检测', null);
INSERT INTO `gongdanjiance` VALUES ('34190a93-f996-434f-a957-e0e1c49d9c5a', 'd073a433-a64d-4a87-b999-9227aa928fb3', '0', '检测发动机机油', '异常', '更换机油及机油格');
INSERT INTO `gongdanjiance` VALUES ('37eac3ef-acb1-4b6d-ab0b-c17680429c80', '2950f42a-f826-4680-99a3-e36904f78408', '10', '检查发动机附件皮带', '异常', '');
INSERT INTO `gongdanjiance` VALUES ('3832af3e-d355-4e4d-801a-569916ddaf0e', 'e47fb62f-6625-4fdc-bd82-884673c5f983', '4', '各种橡胶软管的检查', '正常', '');
INSERT INTO `gongdanjiance` VALUES ('3c3fd6fa-6047-48c4-9029-1192d79f8eae', 'db2398f1-f8f6-4318-8cfd-ebb1c8794b79', '7', '检查制动系统', '未检测', null);
INSERT INTO `gongdanjiance` VALUES ('4139c0d6-f347-436f-90c6-7038a31eecfb', '2950f42a-f826-4680-99a3-e36904f78408', '15', '检查蓄电池', '正常', '');
INSERT INTO `gongdanjiance` VALUES ('41963753-660a-4297-ad26-77e9cff8693e', 'db2398f1-f8f6-4318-8cfd-ebb1c8794b79', '1', '检查发动机空气滤清器', '未检测', null);
INSERT INTO `gongdanjiance` VALUES ('42169e78-9834-46b0-9f14-31f7d6651e7a', '639c2676-554d-480f-b5af-decf3188708b', '1', '检查发动机空气滤清器', '未检测', null);
INSERT INTO `gongdanjiance` VALUES ('423aa912-2369-4bd2-a14b-5e5d1ca0b918', '81ca6c77-c283-4dd3-b658-3ab8e4eff8fe', '7', '检查制动系统', '未检测', null);
INSERT INTO `gongdanjiance` VALUES ('43fa1a39-1441-4f9a-8038-acf719eb2fd1', '3b8a2ec5-3883-4212-a934-1747e794f74e', '12', '检查制冷剂', '正常', '');
INSERT INTO `gongdanjiance` VALUES ('44c5845e-f1c6-44bd-aefe-396c6c887940', 'f3989f79-a939-40a1-8a19-e57a2b598246', '2', '检查发动机冷却系统', '未检测', null);
INSERT INTO `gongdanjiance` VALUES ('462b5e54-f5b1-44cc-a080-145dc6029da3', '9740f20d-a82e-46fc-9217-9672a4bd3da6', '2', '检查发动机冷却系统', '正常', '');
INSERT INTO `gongdanjiance` VALUES ('46f01cc5-9c32-493b-946d-55c19d26576f', 'e47fb62f-6625-4fdc-bd82-884673c5f983', '7', '检查制动系统', '正常', '');
INSERT INTO `gongdanjiance` VALUES ('48254a40-4fca-4bc0-83e8-19e92ef2b78f', 'fa6a2bf2-0d7c-444e-aad2-2d9f6e0953a6', '9', '球头节和防尘套', '未检测', null);
INSERT INTO `gongdanjiance` VALUES ('48d479e7-418a-47a7-af6c-cde1170e6ee7', 'db2398f1-f8f6-4318-8cfd-ebb1c8794b79', '2', '检查发动机冷却系统', '未检测', null);
INSERT INTO `gongdanjiance` VALUES ('498068e7-8e2d-40d2-b172-e3d0e8da70f6', '81ca6c77-c283-4dd3-b658-3ab8e4eff8fe', '6', '检查动力转向系统', '未检测', null);
INSERT INTO `gongdanjiance` VALUES ('49f53e9e-9942-489c-877c-9567dc62a6b9', '9740f20d-a82e-46fc-9217-9672a4bd3da6', '13', '轮胎和充气气压', '正常', '');
INSERT INTO `gongdanjiance` VALUES ('4afa161e-ed45-47ca-baea-8682f17a6a23', '639c2676-554d-480f-b5af-decf3188708b', '8', '制动液检查', '未检测', null);
INSERT INTO `gongdanjiance` VALUES ('4b8d946a-0b2e-4717-a1b2-89e78a77cc56', 'd073a433-a64d-4a87-b999-9227aa928fb3', '6', '检查动力转向系统', '正常', '');
INSERT INTO `gongdanjiance` VALUES ('4cc4815a-401f-435d-8cae-21078b446b43', '5c08739b-e145-4fb1-944e-8a2e5c73ec4f', '11', '检查空调系统', '未检测', null);
INSERT INTO `gongdanjiance` VALUES ('4daa151b-7955-4fda-bda8-2a049f0c1163', '639c2676-554d-480f-b5af-decf3188708b', '14', '空调滤清器', '未检测', null);
INSERT INTO `gongdanjiance` VALUES ('4db4e406-555b-409e-a384-a2e8978d5e97', 'e47fb62f-6625-4fdc-bd82-884673c5f983', '2', '检查发动机冷却系统', '正常', '');
INSERT INTO `gongdanjiance` VALUES ('4e296a9a-57f3-4c44-8261-048b691f7434', '87e54a26-e5d4-42ac-9b5a-2f7071088ae1', '12', '检查制冷剂', '正常', '');
INSERT INTO `gongdanjiance` VALUES ('4e8780ab-f857-40cf-a8ae-21c555bd7d48', 'fa6a2bf2-0d7c-444e-aad2-2d9f6e0953a6', '1', '检查发动机空气滤清器', '未检测', null);
INSERT INTO `gongdanjiance` VALUES ('4efdcc10-a7f3-4235-ac2f-d6f0d0e7f102', '0934bc98-53cb-4043-a8c6-7ff5f267b920', '9', '检查动力转向系统', '未检测', null);
INSERT INTO `gongdanjiance` VALUES ('50cac263-7b48-4e62-b433-cf21c625269f', '0934bc98-53cb-4043-a8c6-7ff5f267b920', '3', '检查发动机空气滤芯', '未检测', null);
INSERT INTO `gongdanjiance` VALUES ('5254afa6-a93a-4374-91bd-f40a76f53ab9', 'f3989f79-a939-40a1-8a19-e57a2b598246', '0', '检测发动机机油', '未检测', null);
INSERT INTO `gongdanjiance` VALUES ('525945cc-25de-4b98-989c-0e5c46c47d47', '0934bc98-53cb-4043-a8c6-7ff5f267b920', '4', '检查挡风玻璃清洁剂液位', '未检测', null);
INSERT INTO `gongdanjiance` VALUES ('53d2326c-91c1-4f91-8d6b-05d1cb0394fa', '87e54a26-e5d4-42ac-9b5a-2f7071088ae1', '4', '各种橡胶软管的检查', '正常', '');
INSERT INTO `gongdanjiance` VALUES ('54b9b935-2733-4c1d-8773-4cff50925c7b', '437e42e9-01c3-43a2-b42d-d5c4a217d536', '6', '检查动力转向系统', '未检测', null);
INSERT INTO `gongdanjiance` VALUES ('54cc3027-c308-4980-adef-dfa5f40f3ae6', '9740f20d-a82e-46fc-9217-9672a4bd3da6', '7', '检查制动系统', '正常', '');
INSERT INTO `gongdanjiance` VALUES ('5580fd38-c694-4b14-9294-9ee48dd89d89', '639c2676-554d-480f-b5af-decf3188708b', '0', '检测发动机机油', '未检测', null);
INSERT INTO `gongdanjiance` VALUES ('57fd9e3b-f493-441d-8038-5966deae80f2', '0934bc98-53cb-4043-a8c6-7ff5f267b920', '1', '检查发动机机油液位', '未检测', null);
INSERT INTO `gongdanjiance` VALUES ('58e048fc-2e15-4dd4-9142-e8940fd48669', '81ca6c77-c283-4dd3-b658-3ab8e4eff8fe', '3', '蓄电池及起动机检查', '未检测', null);
INSERT INTO `gongdanjiance` VALUES ('5a829bcd-456d-43cb-b88f-3a75a5dcefda', '9740f20d-a82e-46fc-9217-9672a4bd3da6', '1', '检查发动机空气滤清器', '正常', '');
INSERT INTO `gongdanjiance` VALUES ('5bdf1a87-283c-4ce6-ac90-112ec50526ca', 'd073a433-a64d-4a87-b999-9227aa928fb3', '5', '怠速及火花塞', '正常', '');
INSERT INTO `gongdanjiance` VALUES ('5c28ab03-6419-4952-882e-335bcbbba767', 'd073a433-a64d-4a87-b999-9227aa928fb3', '7', '检查制动系统', '正常', '');
INSERT INTO `gongdanjiance` VALUES ('5c7c32c0-5732-447a-b4bc-f290544f362b', '0934bc98-53cb-4043-a8c6-7ff5f267b920', '11', '检查空调系统', '未检测', null);
INSERT INTO `gongdanjiance` VALUES ('5e79a544-a8b4-49b0-abed-15ab9b2575d5', '639c2676-554d-480f-b5af-decf3188708b', '4', '各种橡胶软管的检查', '未检测', null);
INSERT INTO `gongdanjiance` VALUES ('60730c9f-2f9f-4552-ab96-fa7ac2fcbde1', '9740f20d-a82e-46fc-9217-9672a4bd3da6', '6', '检查动力转向系统', '正常', '');
INSERT INTO `gongdanjiance` VALUES ('64272023-bea9-4088-bbb7-3e2344002de5', 'e47fb62f-6625-4fdc-bd82-884673c5f983', '3', '蓄电池及起动机检查', '正常', '');
INSERT INTO `gongdanjiance` VALUES ('65e4dfb4-9b93-4162-8b45-11a020b93e67', '3b8a2ec5-3883-4212-a934-1747e794f74e', '3', '蓄电池及起动机检查', '正常', '');
INSERT INTO `gongdanjiance` VALUES ('67743edf-16d1-417a-bbf4-87c96e256f77', '81ca6c77-c283-4dd3-b658-3ab8e4eff8fe', '13', '轮胎和充气气压', '未检测', null);
INSERT INTO `gongdanjiance` VALUES ('69683c12-8929-4922-9ee8-2d2b4fd99e81', 'd073a433-a64d-4a87-b999-9227aa928fb3', '2', '检查发动机冷却系统', '正常', '');
INSERT INTO `gongdanjiance` VALUES ('6a598c83-7376-44dd-916d-d72bd91a59b5', 'db2398f1-f8f6-4318-8cfd-ebb1c8794b79', '5', '怠速及火花塞', '未检测', null);
INSERT INTO `gongdanjiance` VALUES ('6af8eb09-be08-4fba-b47e-9598700f1e42', '0934bc98-53cb-4043-a8c6-7ff5f267b920', '2', '检查发动机冷却系统', '未检测', null);
INSERT INTO `gongdanjiance` VALUES ('6b15ed40-a0b1-468c-b94c-37bfa7e1408e', '437e42e9-01c3-43a2-b42d-d5c4a217d536', '5', '怠速及火花塞', '未检测', null);
INSERT INTO `gongdanjiance` VALUES ('6b47ab2d-551f-4c81-822c-875d6f768c2c', '639c2676-554d-480f-b5af-decf3188708b', '6', '检查动力转向系统', '未检测', null);
INSERT INTO `gongdanjiance` VALUES ('6c067f3f-5d4c-4e74-8974-bfe1c1e23ecc', '9740f20d-a82e-46fc-9217-9672a4bd3da6', '12', '检查制冷剂', '正常', '');
INSERT INTO `gongdanjiance` VALUES ('6ce39906-df8f-4709-acf5-eeb131e01c74', 'fa6a2bf2-0d7c-444e-aad2-2d9f6e0953a6', '4', '各种橡胶软管的检查', '未检测', null);
INSERT INTO `gongdanjiance` VALUES ('6f23a5cb-b27c-4992-8f9b-44407630df76', '437e42e9-01c3-43a2-b42d-d5c4a217d536', '4', '各种橡胶软管的检查', '未检测', null);
INSERT INTO `gongdanjiance` VALUES ('7146c2dd-2f4b-401a-be48-a280d8077b12', '9740f20d-a82e-46fc-9217-9672a4bd3da6', '4', '各种橡胶软管的检查', '正常', '');
INSERT INTO `gongdanjiance` VALUES ('7236d676-2d64-486b-a28c-e0a05fe8b4e3', '5c08739b-e145-4fb1-944e-8a2e5c73ec4f', '1', '检查发动机机油液位', '异常', '');
INSERT INTO `gongdanjiance` VALUES ('726b9d36-c01d-496c-b234-fd25370cdfa6', '81ca6c77-c283-4dd3-b658-3ab8e4eff8fe', '8', '制动液检查', '未检测', null);
INSERT INTO `gongdanjiance` VALUES ('73858b08-0906-4459-91d0-8c4071295108', '2950f42a-f826-4680-99a3-e36904f78408', '1', '检查发动机机油液位', '异常', '需更换机油及机油格');
INSERT INTO `gongdanjiance` VALUES ('73a104a2-02bf-4682-8f08-f7352deae3d6', '87e54a26-e5d4-42ac-9b5a-2f7071088ae1', '5', '怠速及火花塞', '正常', '');
INSERT INTO `gongdanjiance` VALUES ('73bc05f2-c918-4dbb-aa9d-e154241f77ef', 'd073a433-a64d-4a87-b999-9227aa928fb3', '12', '检查制冷剂', '正常', '');
INSERT INTO `gongdanjiance` VALUES ('742a775b-6b47-4bba-8ade-b4dd02b6b3a6', '81ca6c77-c283-4dd3-b658-3ab8e4eff8fe', '0', '检测发动机机油', '未检测', null);
INSERT INTO `gongdanjiance` VALUES ('747e0fb9-3609-4eb3-961d-3525ba5f1300', 'f3989f79-a939-40a1-8a19-e57a2b598246', '9', '球头节和防尘套', '未检测', null);
INSERT INTO `gongdanjiance` VALUES ('76040024-c3db-4c4f-8f96-25c58988c937', 'fa6a2bf2-0d7c-444e-aad2-2d9f6e0953a6', '8', '制动液检查', '未检测', null);
INSERT INTO `gongdanjiance` VALUES ('775eb9d4-d8a9-409b-887a-74f81a854b09', 'db2398f1-f8f6-4318-8cfd-ebb1c8794b79', '8', '制动液检查', '未检测', null);
INSERT INTO `gongdanjiance` VALUES ('785682cd-e88d-41e2-8c6f-0383f5fb84e6', '87e54a26-e5d4-42ac-9b5a-2f7071088ae1', '0', '检测发动机机油', '异常', '');
INSERT INTO `gongdanjiance` VALUES ('799457d4-7767-4fe7-a956-8702d0cda52f', 'db2398f1-f8f6-4318-8cfd-ebb1c8794b79', '6', '检查动力转向系统', '未检测', null);
INSERT INTO `gongdanjiance` VALUES ('7a7c3bd8-e9e7-46f4-817a-03f041391436', '2950f42a-f826-4680-99a3-e36904f78408', '2', '检查发动机冷却系统', '正常', '');
INSERT INTO `gongdanjiance` VALUES ('7ac25709-d6e2-4604-a502-8ebaf115aecb', '639c2676-554d-480f-b5af-decf3188708b', '3', '蓄电池及起动机检查', '未检测', null);
INSERT INTO `gongdanjiance` VALUES ('7ddacb8e-99e7-4884-b16d-69e04f225056', '2950f42a-f826-4680-99a3-e36904f78408', '5', '检查刮水器刮片', '正常', '');
INSERT INTO `gongdanjiance` VALUES ('7f92d8a7-1b4c-4e3f-bfa7-a7294721f449', '639c2676-554d-480f-b5af-decf3188708b', '9', '球头节和防尘套', '未检测', null);
INSERT INTO `gongdanjiance` VALUES ('803a3540-9bcf-4e13-ab57-87fe78106537', 'db2398f1-f8f6-4318-8cfd-ebb1c8794b79', '3', '蓄电池及起动机检查', '未检测', null);
INSERT INTO `gongdanjiance` VALUES ('81e35c2e-345b-48f0-8de8-2c2375953215', 'd073a433-a64d-4a87-b999-9227aa928fb3', '1', '检查发动机空气滤清器', '正常', '');
INSERT INTO `gongdanjiance` VALUES ('827fc7e9-cae6-435d-b8dc-51bca6e50057', 'f3989f79-a939-40a1-8a19-e57a2b598246', '7', '检查制动系统', '未检测', null);
INSERT INTO `gongdanjiance` VALUES ('82f61a38-0ec2-4e24-bc10-9055aec0cc07', '437e42e9-01c3-43a2-b42d-d5c4a217d536', '7', '检查制动系统', '未检测', null);
INSERT INTO `gongdanjiance` VALUES ('8445cc0e-7446-44c6-9975-2407c91db4d0', '437e42e9-01c3-43a2-b42d-d5c4a217d536', '3', '蓄电池及起动机检查', '未检测', null);
INSERT INTO `gongdanjiance` VALUES ('84f67846-e1a8-4b7b-9926-be6566acf546', '87e54a26-e5d4-42ac-9b5a-2f7071088ae1', '13', '轮胎和充气气压', '正常', '');
INSERT INTO `gongdanjiance` VALUES ('8580791e-15d1-4d53-b7fc-e486e1ece332', '3b8a2ec5-3883-4212-a934-1747e794f74e', '13', '轮胎和充气气压', '正常', '');
INSERT INTO `gongdanjiance` VALUES ('85f37e65-3419-4564-b1c6-3d0095e4628c', '2950f42a-f826-4680-99a3-e36904f78408', '13', '检查反光镜、后视镜', '正常', '');
INSERT INTO `gongdanjiance` VALUES ('8733d2b3-014c-4d67-bb6d-db19f609781f', '87e54a26-e5d4-42ac-9b5a-2f7071088ae1', '11', '前后悬挂装置及底盘', '正常', '');
INSERT INTO `gongdanjiance` VALUES ('882fbb97-efbb-448c-afdc-93c70755f986', 'f3989f79-a939-40a1-8a19-e57a2b598246', '14', '空调滤清器', '未检测', null);
INSERT INTO `gongdanjiance` VALUES ('8a977614-e880-4a49-9512-819a768c7411', '81ca6c77-c283-4dd3-b658-3ab8e4eff8fe', '12', '检查制冷剂', '未检测', null);
INSERT INTO `gongdanjiance` VALUES ('8ad699cc-dcb1-46bc-84f9-988ed6657645', 'f3989f79-a939-40a1-8a19-e57a2b598246', '3', '蓄电池及起动机检查', '未检测', null);
INSERT INTO `gongdanjiance` VALUES ('8f49e32f-03a5-4080-98ca-8f2ef193af3d', '5c08739b-e145-4fb1-944e-8a2e5c73ec4f', '12', '检查冷却风扇', '未检测', null);
INSERT INTO `gongdanjiance` VALUES ('8f7108b5-ab74-4bb8-aaec-f23ccdc92af2', '5c08739b-e145-4fb1-944e-8a2e5c73ec4f', '10', '检查发动机附件皮带', '未检测', null);
INSERT INTO `gongdanjiance` VALUES ('90168635-90cf-438d-8286-5fa6902a7b78', '3b8a2ec5-3883-4212-a934-1747e794f74e', '9', '球头节和防尘套', '正常', '');
INSERT INTO `gongdanjiance` VALUES ('9310bd24-c476-4819-9fc1-ef81f695de98', '81ca6c77-c283-4dd3-b658-3ab8e4eff8fe', '15', '雨刮器和玻璃水', '未检测', null);
INSERT INTO `gongdanjiance` VALUES ('9475492d-2ee2-4a67-846c-cb1cee017929', '87e54a26-e5d4-42ac-9b5a-2f7071088ae1', '10', '发动机外观检查', '正常', '');
INSERT INTO `gongdanjiance` VALUES ('953c99a2-f7c2-414f-b7d4-9040d9b6750e', '2950f42a-f826-4680-99a3-e36904f78408', '4', '检查挡风玻璃清洁剂液位', '正常', '');
INSERT INTO `gongdanjiance` VALUES ('966447d4-3916-4883-a151-2123074cd154', '3b8a2ec5-3883-4212-a934-1747e794f74e', '11', '前后悬挂装置及底盘', '正常', '');
INSERT INTO `gongdanjiance` VALUES ('96985532-b704-4be1-8e12-241ecb5e1780', 'db2398f1-f8f6-4318-8cfd-ebb1c8794b79', '10', '发动机外观检查', '未检测', null);
INSERT INTO `gongdanjiance` VALUES ('96fc5da1-f5a1-4cd3-b748-88c1e7c5c93b', '9740f20d-a82e-46fc-9217-9672a4bd3da6', '0', '检测发动机机油', '正常', '机油1系及机油格');
INSERT INTO `gongdanjiance` VALUES ('9775354e-9381-4215-a82a-a0ffe6cc0eeb', '5c08739b-e145-4fb1-944e-8a2e5c73ec4f', '7', '检查灯光系统', '未检测', null);
INSERT INTO `gongdanjiance` VALUES ('9829a20d-853d-419f-9288-50970b5fd546', 'db2398f1-f8f6-4318-8cfd-ebb1c8794b79', '4', '各种橡胶软管的检查', '未检测', null);
INSERT INTO `gongdanjiance` VALUES ('98642653-fb81-4362-bc6f-413096fdad30', '3b8a2ec5-3883-4212-a934-1747e794f74e', '10', '发动机外观检查', '正常', '');
INSERT INTO `gongdanjiance` VALUES ('99fe70eb-dad6-4165-948d-4799f4f6b1cd', 'f3989f79-a939-40a1-8a19-e57a2b598246', '11', '前后悬挂装置及底盘', '未检测', null);
INSERT INTO `gongdanjiance` VALUES ('9af07286-c9e4-4748-8cf8-75632560a9a0', '0934bc98-53cb-4043-a8c6-7ff5f267b920', '10', '检查发动机附件皮带', '未检测', null);
INSERT INTO `gongdanjiance` VALUES ('9cab8146-7735-4713-b318-0c66e4e26b27', 'd073a433-a64d-4a87-b999-9227aa928fb3', '3', '蓄电池及起动机检查', '正常', '');
INSERT INTO `gongdanjiance` VALUES ('9db399a4-da3a-4b1a-9693-29e454104b81', '87e54a26-e5d4-42ac-9b5a-2f7071088ae1', '8', '制动液检查', '正常', '');
INSERT INTO `gongdanjiance` VALUES ('9e4d85a4-f0eb-4a5c-97bb-4d6911275e74', 'd073a433-a64d-4a87-b999-9227aa928fb3', '4', '各种橡胶软管的检查', '未检测', null);
INSERT INTO `gongdanjiance` VALUES ('9e50edef-9db8-47c4-b3ed-2e58a57c16a1', 'e47fb62f-6625-4fdc-bd82-884673c5f983', '0', '检测发动机机油', '正常', '');
INSERT INTO `gongdanjiance` VALUES ('9f32c0ba-4ca2-4e27-aef1-4639c5730626', 'e47fb62f-6625-4fdc-bd82-884673c5f983', '14', '空调滤清器', '正常', '');
INSERT INTO `gongdanjiance` VALUES ('9f330056-ed49-4cf1-af74-ef9be8d6eae7', '437e42e9-01c3-43a2-b42d-d5c4a217d536', '15', '雨刮器和玻璃水', '未检测', null);
INSERT INTO `gongdanjiance` VALUES ('9fd7bbf0-69c8-4675-a1c1-3b7e30fc117e', '437e42e9-01c3-43a2-b42d-d5c4a217d536', '11', '前后悬挂装置及底盘', '未检测', null);
INSERT INTO `gongdanjiance` VALUES ('a07d0513-eebd-42dc-9923-f092b7c78be5', '3b8a2ec5-3883-4212-a934-1747e794f74e', '8', '制动液检查', '正常', '');
INSERT INTO `gongdanjiance` VALUES ('a2c99745-30e2-49e8-b366-b50a76d4fb3f', '87e54a26-e5d4-42ac-9b5a-2f7071088ae1', '9', '球头节和防尘套', '正常', '');
INSERT INTO `gongdanjiance` VALUES ('a5fa7995-5cce-4222-8d1d-a9538b7f6773', 'e47fb62f-6625-4fdc-bd82-884673c5f983', '9', '球头节和防尘套', '正常', '');
INSERT INTO `gongdanjiance` VALUES ('a852af4d-87b2-4f64-8802-a967fa14fe2d', '437e42e9-01c3-43a2-b42d-d5c4a217d536', '0', '检测发动机机油', '未检测', null);
INSERT INTO `gongdanjiance` VALUES ('a863f323-d22b-477a-bee9-6abc72b31793', '81ca6c77-c283-4dd3-b658-3ab8e4eff8fe', '2', '检查发动机冷却系统', '未检测', null);
INSERT INTO `gongdanjiance` VALUES ('abfc4b42-bdf4-44eb-8221-940dc078b44f', '5c08739b-e145-4fb1-944e-8a2e5c73ec4f', '2', '检查发动机冷却系统', '未检测', null);
INSERT INTO `gongdanjiance` VALUES ('acccb86f-7a97-4ede-91ce-fadb045e1cf9', 'db2398f1-f8f6-4318-8cfd-ebb1c8794b79', '15', '雨刮器和玻璃水', '未检测', null);
INSERT INTO `gongdanjiance` VALUES ('adc47720-9862-4248-8adb-65595cbd0499', '87e54a26-e5d4-42ac-9b5a-2f7071088ae1', '7', '检查制动系统', '正常', '');
INSERT INTO `gongdanjiance` VALUES ('b3b0c4ec-76b0-4c03-ba51-af457c0edc52', '0934bc98-53cb-4043-a8c6-7ff5f267b920', '15', '检查蓄电池', '未检测', null);
INSERT INTO `gongdanjiance` VALUES ('b3fbeea5-ef6b-46a3-a1fe-fe70e5b51592', 'd073a433-a64d-4a87-b999-9227aa928fb3', '9', '球头节和防尘套', '正常', '');
INSERT INTO `gongdanjiance` VALUES ('b476d801-29e4-428a-b837-1b9f2a791925', '437e42e9-01c3-43a2-b42d-d5c4a217d536', '14', '空调滤清器', '未检测', null);
INSERT INTO `gongdanjiance` VALUES ('b51ae8a1-4784-491e-ac0f-ca7ff9ef7055', '87e54a26-e5d4-42ac-9b5a-2f7071088ae1', '15', '雨刮器和玻璃水', '正常', '');
INSERT INTO `gongdanjiance` VALUES ('b68aa4bc-8e84-40a9-a87d-2e9dc3d0204d', '0934bc98-53cb-4043-a8c6-7ff5f267b920', '8', '检查制动系统', '未检测', null);
INSERT INTO `gongdanjiance` VALUES ('b6f4d570-e865-4a9a-a942-ff1e3ed19a77', '0934bc98-53cb-4043-a8c6-7ff5f267b920', '13', '检查反光镜、后视镜', '未检测', null);
INSERT INTO `gongdanjiance` VALUES ('b74dd8cf-dd22-483a-8a1c-97050e617740', '3b8a2ec5-3883-4212-a934-1747e794f74e', '7', '检查制动系统', '正常', '');
INSERT INTO `gongdanjiance` VALUES ('b785fecd-59e1-43fe-96dd-fd46dd6278bf', '87e54a26-e5d4-42ac-9b5a-2f7071088ae1', '6', '检查动力转向系统', '正常', '');
INSERT INTO `gongdanjiance` VALUES ('b7e6944f-fd36-4376-b225-de6bb1f58039', 'e47fb62f-6625-4fdc-bd82-884673c5f983', '11', '前后悬挂装置及底盘', '正常', '');
INSERT INTO `gongdanjiance` VALUES ('b895ece3-2abc-43c4-be7a-7a16ee4e53f6', '81ca6c77-c283-4dd3-b658-3ab8e4eff8fe', '10', '发动机外观检查', '未检测', null);
INSERT INTO `gongdanjiance` VALUES ('b9760b82-48d6-40e7-87c7-450e0a13971d', 'db2398f1-f8f6-4318-8cfd-ebb1c8794b79', '11', '前后悬挂装置及底盘', '未检测', null);
INSERT INTO `gongdanjiance` VALUES ('ba30fcf9-a6e2-46b4-b6bd-5218e3ce24a0', 'f3989f79-a939-40a1-8a19-e57a2b598246', '13', '轮胎和充气气压', '未检测', null);
INSERT INTO `gongdanjiance` VALUES ('ba36d44d-1193-4e40-a81e-07ee14994871', '2950f42a-f826-4680-99a3-e36904f78408', '9', '检查动力转向系统', '正常', '');
INSERT INTO `gongdanjiance` VALUES ('ba4134ed-73e2-424c-8c5c-308623a42f8d', '639c2676-554d-480f-b5af-decf3188708b', '10', '发动机外观检查', '未检测', null);
INSERT INTO `gongdanjiance` VALUES ('baa7f2d0-0dc5-4408-9266-152584f72e2f', 'e47fb62f-6625-4fdc-bd82-884673c5f983', '12', '检查制冷剂', '正常', '');
INSERT INTO `gongdanjiance` VALUES ('baf86399-520b-408d-8afc-2ca06930c253', '3b8a2ec5-3883-4212-a934-1747e794f74e', '14', '空调滤清器', '正常', '');
INSERT INTO `gongdanjiance` VALUES ('bb01136a-8c86-499c-840a-8f6ae9965c43', '437e42e9-01c3-43a2-b42d-d5c4a217d536', '1', '检查发动机空气滤清器', '未检测', null);
INSERT INTO `gongdanjiance` VALUES ('bb562aec-f7e9-40fa-8ac9-fa12377bbdc1', '5c08739b-e145-4fb1-944e-8a2e5c73ec4f', '3', '检查发动机空气滤芯', '正常', '');
INSERT INTO `gongdanjiance` VALUES ('bca56558-167d-4e49-9ed0-af4711fcabe2', '0934bc98-53cb-4043-a8c6-7ff5f267b920', '0', '检测发动机控制模块系统', '正常', '');
INSERT INTO `gongdanjiance` VALUES ('be48a744-42af-427c-be11-cb1129de8a46', 'f3989f79-a939-40a1-8a19-e57a2b598246', '10', '发动机外观检查', '未检测', null);
INSERT INTO `gongdanjiance` VALUES ('be5c03c1-c082-4897-9adb-b50a03253205', 'e47fb62f-6625-4fdc-bd82-884673c5f983', '8', '制动液检查', '正常', '');
INSERT INTO `gongdanjiance` VALUES ('be9e8eeb-dc5c-469a-a5d2-3c45f8db1aae', 'f3989f79-a939-40a1-8a19-e57a2b598246', '4', '各种橡胶软管的检查', '未检测', null);
INSERT INTO `gongdanjiance` VALUES ('bf248df6-978d-4f3a-b6a7-2aa713560434', '2950f42a-f826-4680-99a3-e36904f78408', '11', '检查空调系统', '正常', '');
INSERT INTO `gongdanjiance` VALUES ('bf3d2d56-18f1-4aca-8497-e9a8165e889f', 'd073a433-a64d-4a87-b999-9227aa928fb3', '14', '空调滤清器', '正常', '');
INSERT INTO `gongdanjiance` VALUES ('c309107e-793a-445e-9cd4-356a854a0c3b', '5c08739b-e145-4fb1-944e-8a2e5c73ec4f', '15', '检查蓄电池', '未检测', null);
INSERT INTO `gongdanjiance` VALUES ('c3b6e545-16a7-42f2-ac60-5da28f40ba60', '3b8a2ec5-3883-4212-a934-1747e794f74e', '15', '雨刮器和玻璃水', '正常', '');
INSERT INTO `gongdanjiance` VALUES ('c43d8b12-3f02-459b-b89f-f9aa28b51063', '2950f42a-f826-4680-99a3-e36904f78408', '3', '检查发动机空气滤芯', '正常', '');
INSERT INTO `gongdanjiance` VALUES ('c7a7b14a-9185-42ed-a558-b9a300a6a786', '81ca6c77-c283-4dd3-b658-3ab8e4eff8fe', '14', '空调滤清器', '未检测', null);
INSERT INTO `gongdanjiance` VALUES ('c9c9dd27-74f5-418a-b54e-ef849e2dcbd9', 'd073a433-a64d-4a87-b999-9227aa928fb3', '10', '发动机外观检查', '正常', '');
INSERT INTO `gongdanjiance` VALUES ('cc3bc967-2200-449d-84a6-be48bd34f763', 'e47fb62f-6625-4fdc-bd82-884673c5f983', '13', '轮胎和充气气压', '正常', '');
INSERT INTO `gongdanjiance` VALUES ('cc50f0bf-2f27-4d7c-978e-dfae716dfe85', '5c08739b-e145-4fb1-944e-8a2e5c73ec4f', '4', '检查挡风玻璃清洁剂液位', '未检测', null);
INSERT INTO `gongdanjiance` VALUES ('cdaee4bc-58af-4d6f-9b70-d9cd77bc7df8', '81ca6c77-c283-4dd3-b658-3ab8e4eff8fe', '11', '前后悬挂装置及底盘', '未检测', null);
INSERT INTO `gongdanjiance` VALUES ('cdd1f8de-0007-4f1b-b59f-334d1b7402dd', '5c08739b-e145-4fb1-944e-8a2e5c73ec4f', '9', '检查动力转向系统', '未检测', null);
INSERT INTO `gongdanjiance` VALUES ('cf58f813-434f-482f-b636-2875ac2ad7d4', 'e47fb62f-6625-4fdc-bd82-884673c5f983', '5', '怠速及火花塞', '正常', '');
INSERT INTO `gongdanjiance` VALUES ('d174e726-fa60-4fd0-8533-065193d6de97', 'fa6a2bf2-0d7c-444e-aad2-2d9f6e0953a6', '7', '检查制动系统', '未检测', null);
INSERT INTO `gongdanjiance` VALUES ('d1b0a17c-89b6-44bf-89d1-9be5ceecef66', '639c2676-554d-480f-b5af-decf3188708b', '7', '检查制动系统', '未检测', null);
INSERT INTO `gongdanjiance` VALUES ('d327f01a-8c19-4750-98ed-c93aae6ff6fb', 'fa6a2bf2-0d7c-444e-aad2-2d9f6e0953a6', '13', '轮胎和充气气压', '未检测', null);
INSERT INTO `gongdanjiance` VALUES ('d3424d46-9b6a-4edd-bfc0-32643c083943', 'f3989f79-a939-40a1-8a19-e57a2b598246', '8', '制动液检查', '未检测', null);
INSERT INTO `gongdanjiance` VALUES ('d5118ccd-9565-4b2d-9166-e8c6f0c2d455', 'db2398f1-f8f6-4318-8cfd-ebb1c8794b79', '12', '检查制冷剂', '未检测', null);
INSERT INTO `gongdanjiance` VALUES ('d57ba069-3b33-48e7-b86e-04aa6c8e2d79', '2950f42a-f826-4680-99a3-e36904f78408', '6', '检查车辆底部', '正常', '');
INSERT INTO `gongdanjiance` VALUES ('d61a83f4-4864-4edb-b5bb-8190bbb9a003', '87e54a26-e5d4-42ac-9b5a-2f7071088ae1', '3', '蓄电池及起动机检查', '正常', '');
INSERT INTO `gongdanjiance` VALUES ('d63faed1-3d68-4f62-b385-9a7c43b0c00f', '3b8a2ec5-3883-4212-a934-1747e794f74e', '1', '检查发动机空气滤清器', '正常', '');
INSERT INTO `gongdanjiance` VALUES ('d68e705b-0b4d-4500-bdf7-d611c7c6ad0d', '9740f20d-a82e-46fc-9217-9672a4bd3da6', '8', '制动液检查', '正常', '');
INSERT INTO `gongdanjiance` VALUES ('d85c118c-7924-4ce1-aaa5-735f4668bc11', 'd073a433-a64d-4a87-b999-9227aa928fb3', '15', '雨刮器和玻璃水', '正常', '');
INSERT INTO `gongdanjiance` VALUES ('de2b8bce-c4a9-44db-a2ea-733f5ef5f808', '0934bc98-53cb-4043-a8c6-7ff5f267b920', '12', '检查冷却风扇', '未检测', null);
INSERT INTO `gongdanjiance` VALUES ('dff8aee5-6384-4b4e-9d41-073d3966ccf1', '3b8a2ec5-3883-4212-a934-1747e794f74e', '6', '检查动力转向系统', '正常', '');
INSERT INTO `gongdanjiance` VALUES ('e02b3c75-6cd1-4e4a-9bdb-06dde51eaf67', 'fa6a2bf2-0d7c-444e-aad2-2d9f6e0953a6', '5', '怠速及火花塞', '未检测', null);
INSERT INTO `gongdanjiance` VALUES ('e06eff67-bdc7-441e-be92-6713d4ae2b51', '81ca6c77-c283-4dd3-b658-3ab8e4eff8fe', '5', '怠速及火花塞', '未检测', null);
INSERT INTO `gongdanjiance` VALUES ('e1b1fbd8-d439-4fb3-a3a1-fc8a8711275e', '81ca6c77-c283-4dd3-b658-3ab8e4eff8fe', '4', '各种橡胶软管的检查', '未检测', null);
INSERT INTO `gongdanjiance` VALUES ('e27a010d-1e67-44e8-8928-d7fa8f78f0e4', '437e42e9-01c3-43a2-b42d-d5c4a217d536', '8', '制动液检查', '未检测', null);
INSERT INTO `gongdanjiance` VALUES ('e498e194-9fc7-42f2-9b9a-95de6381d44b', '5c08739b-e145-4fb1-944e-8a2e5c73ec4f', '5', '检查刮水器刮片', '未检测', null);
INSERT INTO `gongdanjiance` VALUES ('e58a28d7-c2c3-46e8-a739-4da00403aeb3', '437e42e9-01c3-43a2-b42d-d5c4a217d536', '2', '检查发动机冷却系统', '未检测', null);
INSERT INTO `gongdanjiance` VALUES ('e703c623-e3ce-443b-9b65-2be07c96adc4', '2950f42a-f826-4680-99a3-e36904f78408', '7', '检查灯光系统', '异常', '');
INSERT INTO `gongdanjiance` VALUES ('e72a1ef5-fad5-4161-980f-682da8e2a44a', 'e47fb62f-6625-4fdc-bd82-884673c5f983', '6', '检查动力转向系统', '正常', '');
INSERT INTO `gongdanjiance` VALUES ('e79ca26c-33af-4838-82b3-20bf5229a249', 'd073a433-a64d-4a87-b999-9227aa928fb3', '8', '制动液检查', '正常', '');
INSERT INTO `gongdanjiance` VALUES ('e85c0583-b1b0-45d4-82e5-1b09e293843b', 'fa6a2bf2-0d7c-444e-aad2-2d9f6e0953a6', '15', '雨刮器和玻璃水', '未检测', null);
INSERT INTO `gongdanjiance` VALUES ('e8817c19-2e5a-4492-bb8e-a93d1ed9d2fb', '87e54a26-e5d4-42ac-9b5a-2f7071088ae1', '2', '检查发动机冷却系统', '正常', '');
INSERT INTO `gongdanjiance` VALUES ('e985b020-85a6-4357-bc17-b07566a37469', '9740f20d-a82e-46fc-9217-9672a4bd3da6', '11', '前后悬挂装置及底盘', '正常', '');
INSERT INTO `gongdanjiance` VALUES ('e98b792a-75a2-463c-b9e9-4fbbe8b1e268', '639c2676-554d-480f-b5af-decf3188708b', '2', '检查发动机冷却系统', '未检测', null);
INSERT INTO `gongdanjiance` VALUES ('ea0fd2d8-3808-433f-87bb-dbad985768c4', '5c08739b-e145-4fb1-944e-8a2e5c73ec4f', '6', '检查车辆底部', '未检测', null);
INSERT INTO `gongdanjiance` VALUES ('ea22f186-52b1-436e-8819-74a9106669db', 'e47fb62f-6625-4fdc-bd82-884673c5f983', '15', '雨刮器和玻璃水', '正常', '');
INSERT INTO `gongdanjiance` VALUES ('ebc7e8ac-0145-4a91-8d33-6503800dfdf2', '2950f42a-f826-4680-99a3-e36904f78408', '12', '检查冷却风扇', '正常', '');
INSERT INTO `gongdanjiance` VALUES ('ee71d4fe-57be-47d7-9898-5c0c1f0a40de', 'fa6a2bf2-0d7c-444e-aad2-2d9f6e0953a6', '6', '检查动力转向系统', '未检测', null);
INSERT INTO `gongdanjiance` VALUES ('eed7abe2-4c9e-4281-86c0-47ef7404c885', '3b8a2ec5-3883-4212-a934-1747e794f74e', '5', '怠速及火花塞', '正常', '');
INSERT INTO `gongdanjiance` VALUES ('f1bfe79a-0129-4f3c-95c2-58c7d409ce6d', 'f3989f79-a939-40a1-8a19-e57a2b598246', '5', '怠速及火花塞', '未检测', null);
INSERT INTO `gongdanjiance` VALUES ('f1fc14af-c1fc-462a-940c-4b0531d0e12c', 'fa6a2bf2-0d7c-444e-aad2-2d9f6e0953a6', '10', '发动机外观检查', '未检测', null);
INSERT INTO `gongdanjiance` VALUES ('f30c604a-a185-469c-b515-fa0622d6361a', 'f3989f79-a939-40a1-8a19-e57a2b598246', '15', '雨刮器和玻璃水', '未检测', null);
INSERT INTO `gongdanjiance` VALUES ('f33a0015-3a24-415b-847f-607477c98e3f', '5c08739b-e145-4fb1-944e-8a2e5c73ec4f', '8', '检查制动系统', '未检测', null);
INSERT INTO `gongdanjiance` VALUES ('f45e6825-c32d-4328-9e61-6f7855e67f14', '9740f20d-a82e-46fc-9217-9672a4bd3da6', '10', '发动机外观检查', '正常', '');
INSERT INTO `gongdanjiance` VALUES ('f99ed778-5b78-4e43-b105-b4bdf0e8111c', '9740f20d-a82e-46fc-9217-9672a4bd3da6', '15', '雨刮器和玻璃水', '正常', '');
INSERT INTO `gongdanjiance` VALUES ('fb23c9e9-eab5-4336-aa5c-8fbb93ae4429', 'd073a433-a64d-4a87-b999-9227aa928fb3', '13', '轮胎和充气气压', '正常', '');
INSERT INTO `gongdanjiance` VALUES ('fb5d2aee-b996-43f1-b9cb-0aa4d37b1275', '639c2676-554d-480f-b5af-decf3188708b', '15', '雨刮器和玻璃水', '未检测', null);
INSERT INTO `gongdanjiance` VALUES ('fb673f6d-1df3-494d-b90b-17d6f83d1184', '0934bc98-53cb-4043-a8c6-7ff5f267b920', '7', '检查灯光系统', '未检测', null);
INSERT INTO `gongdanjiance` VALUES ('fbbdd4f6-a18a-488d-ae43-347d09a7f086', 'e47fb62f-6625-4fdc-bd82-884673c5f983', '1', '检查发动机空气滤清器', '正常', '');
INSERT INTO `gongdanjiance` VALUES ('fce3f78f-c813-4ef8-a30f-16487d2a48ae', 'fa6a2bf2-0d7c-444e-aad2-2d9f6e0953a6', '12', '检查制冷剂', '未检测', null);

-- ----------------------------
-- Table structure for `gongdanwuliao`
-- ----------------------------
DROP TABLE IF EXISTS `gongdanwuliao`;
CREATE TABLE `gongdanwuliao` (
  `txtWuLiaoGuid` varchar(40) COLLATE utf8_bin NOT NULL,
  `txtGongDanGuid` varchar(40) COLLATE utf8_bin DEFAULT NULL COMMENT '维修单号',
  `txtWuLiaoCode` varchar(40) COLLATE utf8_bin DEFAULT NULL COMMENT '商品编号',
  `txtWuLiaoName` varchar(40) COLLATE utf8_bin DEFAULT NULL COMMENT '商品名称',
  `txtSuppName` varchar(100) COLLATE utf8_bin DEFAULT '' COMMENT '供应商',
  `txtQty` float(10,2) DEFAULT '1.00' COMMENT '领用数量',
  `txtPrice` float(10,2) DEFAULT NULL COMMENT '单价',
  `ddlSuoSuXiangMu` varchar(100) COLLATE utf8_bin DEFAULT NULL COMMENT '所属维修项目',
  `ddlZhangTao` varchar(20) COLLATE utf8_bin DEFAULT NULL COMMENT '帐套',
  `ddlStatus` varchar(10) COLLATE utf8_bin DEFAULT NULL COMMENT '物料状态',
  `txtRemark` varchar(100) COLLATE utf8_bin DEFAULT NULL COMMENT '备注',
  `txtLaiYuan` varchar(20) COLLATE utf8_bin DEFAULT NULL COMMENT '物料来源',
  `txtLaiYuanGuid` varchar(40) COLLATE utf8_bin DEFAULT NULL COMMENT '物料来源guid',
  PRIMARY KEY (`txtWuLiaoGuid`),
  KEY `txtBillNo` (`txtGongDanGuid`),
  CONSTRAINT `gongdanwuliao_ibfk_1` FOREIGN KEY (`txtGongDanGuid`) REFERENCES `gongdan` (`txtGongDanId`)
) ENGINE=InnoDB DEFAULT CHARSET=utf8 COLLATE=utf8_bin;

-- ----------------------------
-- Records of gongdanwuliao
-- ----------------------------
INSERT INTO `gongdanwuliao` VALUES ('03388e69-7aa0-40e1-9e72-423423bbb6df', '87e54a26-e5d4-42ac-9b5a-2f7071088ae1', 'FXJY001', '方向机油', '', '1.00', '0.00', null, '免费', '未出库', null, '库存', '802a3c29-979a-4072-9d8d-a47a41a3efb9');
INSERT INTO `gongdanwuliao` VALUES ('05a469c8-d027-4fec-8fdf-649b4367fbd2', 'fa6a2bf2-0d7c-444e-aad2-2d9f6e0953a6', 'CGQ0001', '20T高压室传感器', '鑫润汽车配件', '1.00', '0.00', null, '免费', '未出库', null, '库存', 'fd7f18bf-2a3c-4922-8eeb-e2750ad6302c');
INSERT INTO `gongdanwuliao` VALUES ('1341b641-47bc-4df5-a8f2-8d61ff5c64fa', '0934bc98-53cb-4043-a8c6-7ff5f267b920', 'JYG01', '小型车机油格', '', '1.00', '0.00', '', '免费', '未出库', '', '库存', '262fc95d-f957-4580-a208-f36e0c256456');
INSERT INTO `gongdanwuliao` VALUES ('19b3461f-5450-4030-80ab-f48a8246b399', 'd073a433-a64d-4a87-b999-9227aa928fb3', 'JYG01', '小型车机油格', '深圳市德明士贸易有限公司', '1.00', '0.00', null, '免费', '未出库', null, '库存', '262fc95d-f957-4580-a208-f36e0c256456');
INSERT INTO `gongdanwuliao` VALUES ('1ae850b9-2f12-46d7-b68f-1fcd7e2fc8fd', '87e54a26-e5d4-42ac-9b5a-2f7071088ae1', 'ZC001', '机油6系及机油格', '', '1.00', '0.00', null, '免费', '未出库', null, '库存', '8efde635-c25b-40ca-aec2-7d16e6903508');
INSERT INTO `gongdanwuliao` VALUES ('1aeed9d8-3cd3-4393-9869-90b450e754ee', '5c08739b-e145-4fb1-944e-8a2e5c73ec4f', 'a', 'a', '锐兴达汽车配件', '1.00', '40.00', '300元服务券', '免费', '已收货', '', '采购', '1aeed9d8-3cd3-4393-9869-90b450e754ee');
INSERT INTO `gongdanwuliao` VALUES ('1ec927b5-6b5d-4220-9376-cc514bd93a92', 'd073a433-a64d-4a87-b999-9227aa928fb3', 'ZC001', '机油6系及机油格', '', '1.00', '0.00', null, '免费', '未出库', null, '库存', '8efde635-c25b-40ca-aec2-7d16e6903508');
INSERT INTO `gongdanwuliao` VALUES ('21f26fe3-455d-4d04-a34e-25905be03d13', '2950f42a-f826-4680-99a3-e36904f78408', 'JYG01', '小型车机油格', '', '1.00', '100.00', null, '免费', '未出库', null, '库存', '262fc95d-f957-4580-a208-f36e0c256456');
INSERT INTO `gongdanwuliao` VALUES ('2e71f989-29aa-474d-95d0-4dbf9a703fa6', '87e54a26-e5d4-42ac-9b5a-2f7071088ae1', 'KQG001', '空气格', '', '1.00', '0.00', null, '免费', '未出库', null, '库存', '8bec132c-c7ef-4d44-ba0c-cbd9dc2092d1');
INSERT INTO `gongdanwuliao` VALUES ('3f79397b-3723-436e-b366-c0e4072e2a64', '2950f42a-f826-4680-99a3-e36904f78408', 'JY', '机油*7', '', '1.00', '100.00', null, '免费', '未出库', null, '库存', '6b35cec7-015f-4470-ab85-bda702643fad');
INSERT INTO `gongdanwuliao` VALUES ('5eb2b335-6e38-4751-b6bf-b04b41fd1c05', '0934bc98-53cb-4043-a8c6-7ff5f267b920', 'KTG001', '空调格', '深圳市德明士贸易有限公司', '3.00', '60.00', '', '免费', '已下单', '', '采购', '87f25467-642c-4d0d-871b-9c636159e31c');
INSERT INTO `gongdanwuliao` VALUES ('6674a766-4ab4-4c00-888e-86c3bfa79c2f', '87e54a26-e5d4-42ac-9b5a-2f7071088ae1', 'SCY001', '刹车油', '', '1.00', '0.00', null, '免费', '未出库', null, '库存', '100351d0-ccef-4a67-b133-2bc52679a23b');
INSERT INTO `gongdanwuliao` VALUES ('66b76b97-52e2-432c-b2e7-f3b6d2bea40e', 'fa6a2bf2-0d7c-444e-aad2-2d9f6e0953a6', 'LT0001', '米其林215/50/17', '鑫润汽车配件', '1.00', '0.00', null, '免费', '未出库', null, '库存', '8a65c4cc-7aee-4547-92ea-5bc6935be0bb');
INSERT INTO `gongdanwuliao` VALUES ('6bcc736f-08f4-4d9b-a0a9-d0683ebcbef3', '81ca6c77-c283-4dd3-b658-3ab8e4eff8fe', 'JYG01', '小型车机油格', '深圳市德明士贸易有限公司', '1.00', '0.00', '300元服务券', '免费', '未出库', '', '库存', '0027f107-4f0f-42f7-bb8b-35ffb1c27f29');
INSERT INTO `gongdanwuliao` VALUES ('7fb8d978-c608-4afb-bd1b-9a0b6f3227dd', '81ca6c77-c283-4dd3-b658-3ab8e4eff8fe', 'JY', '机油*7', '深圳市德明士贸易有限公司', '1.00', '0.00', null, '免费', '未出库', null, '库存', 'fdfbfd53-4888-4140-91cf-013be2b4a08c');
INSERT INTO `gongdanwuliao` VALUES ('840a646b-f975-45a1-a27f-db8ebe677e09', '0934bc98-53cb-4043-a8c6-7ff5f267b920', 'LT0001', '米其林215/50/17', '鑫润汽车配件', '1.00', '880.00', null, '免费', '已下单', null, '采购', '8a65c4cc-7aee-4547-92ea-5bc6935be0bb');
INSERT INTO `gongdanwuliao` VALUES ('9c767280-daea-49b6-8785-0353ff5eef44', '9740f20d-a82e-46fc-9217-9672a4bd3da6', 'JYG001', '机油格', '深圳市德明士贸易有限公司', '1.00', '0.00', null, '免费', '已出库', null, '库存', '17e342cb-445d-4080-a094-51674f5157bc');
INSERT INTO `gongdanwuliao` VALUES ('a4c68633-c7e1-43a1-ac58-2695c0b0f0b7', '5c08739b-e145-4fb1-944e-8a2e5c73ec4f', 'SCY001', '刹车油', '', '1.00', '0.00', '更换小车雨刮片', '免费', '已出库', '', '库存', 'b6e79af3-fda1-4e43-9e6a-faa0a49171c6');
INSERT INTO `gongdanwuliao` VALUES ('af559d87-15fe-4356-800d-37725a924cff', '87e54a26-e5d4-42ac-9b5a-2f7071088ae1', 'KTG001', '空调格', '深圳市德明士贸易有限公司', '1.00', '0.00', null, '免费', '未出库', null, '库存', 'bdf4272b-413c-4f4a-a3a2-77e00d770574');
INSERT INTO `gongdanwuliao` VALUES ('cc373970-e8b1-4e0c-8af5-63b04b558daa', '0934bc98-53cb-4043-a8c6-7ff5f267b920', 'JY', '机油*7', '深圳市德明士贸易有限公司', '1.00', '180.00', null, '免费', '已下单', null, '采购', 'fdfbfd53-4888-4140-91cf-013be2b4a08c');
INSERT INTO `gongdanwuliao` VALUES ('d681cfb3-1b95-4741-9b57-4c3c0eca2e3d', '3b8a2ec5-3883-4212-a934-1747e794f74e', 'JYG01', '小型车机油格', '', '1.00', '0.00', null, '免费', '未出库', null, '库存', '262fc95d-f957-4580-a208-f36e0c256456');
INSERT INTO `gongdanwuliao` VALUES ('f5a7a7fb-78bd-480d-a7ec-d9d6a62311c4', '0934bc98-53cb-4043-a8c6-7ff5f267b920', 'JQG0001', '20T气门室', '', '1.00', '0.00', null, '免费', '未出库', null, '库存', 'ae752414-79ee-4ea0-91b1-7e5072d4b5e4');
INSERT INTO `gongdanwuliao` VALUES ('f60dd831-33c4-49af-919f-a351ccc1f47a', '0934bc98-53cb-4043-a8c6-7ff5f267b920', 'CGQ0001', '20T高压室传感器', '', '1.00', '0.00', null, '免费', '未出库', null, '库存', '4b9543d2-bf5c-41bc-9905-14cc47f7c8e7');
INSERT INTO `gongdanwuliao` VALUES ('fb12a5e4-4584-46ce-bf88-f5fc8e06cd27', '3b8a2ec5-3883-4212-a934-1747e794f74e', 'JY', '机油*7', '', '1.00', '0.00', null, '免费', '未出库', null, '库存', '6b35cec7-015f-4470-ab85-bda702643fad');
INSERT INTO `gongdanwuliao` VALUES ('fb12a5e4-4584-46ce-bf88-f5fc8e06cd28', '3b8a2ec5-3883-4212-a934-1747e794f74k', 'LT0001', '米其林215/50/17', '鑫润汽车配件', '1.00', '880.00', null, '免费', '已下单', null, null, '8a65c4cc-7aee-4547-92ea-5bc6935be0bb');
INSERT INTO `gongdanwuliao` VALUES ('fba60317-e8ba-4d9c-9af9-27cd61a28f01', 'fa6a2bf2-0d7c-444e-aad2-2d9f6e0953a6', 'JYG01', '小型车机油格', '深圳市德明士贸易有限公司', '1.00', '0.00', null, '免费', '未出库', null, '库存', '0027f107-4f0f-42f7-bb8b-35ffb1c27f29');

-- ----------------------------
-- Table structure for `gongdanxiangmu`
-- ----------------------------
DROP TABLE IF EXISTS `gongdanxiangmu`;
CREATE TABLE `gongdanxiangmu` (
  `txtWeiXiuXiangMuId` varchar(40) COLLATE utf8_bin NOT NULL COMMENT '工单维修项目唯一标识',
  `txtGongDanGuid` varchar(40) COLLATE utf8_bin NOT NULL COMMENT '维修单号',
  `txtXiangMuCode` varchar(40) COLLATE utf8_bin DEFAULT NULL COMMENT '项目编号',
  `txtXiangMuName` varchar(40) COLLATE utf8_bin DEFAULT NULL COMMENT '项目名称',
  `txtWeiXiuNeiRong` varchar(100) COLLATE utf8_bin DEFAULT NULL COMMENT '维修内容',
  `txtGongDuanName` varchar(40) COLLATE utf8_bin DEFAULT NULL COMMENT '工段',
  `txtFeiYong` float(10,2) DEFAULT NULL COMMENT '费用',
  `ddlSuoSuXiangMu` varchar(40) COLLATE utf8_bin DEFAULT NULL COMMENT '所属项目',
  `ddlZhangTao` varchar(20) COLLATE utf8_bin DEFAULT NULL COMMENT '帐套',
  `txtRemark` varchar(100) COLLATE utf8_bin DEFAULT NULL COMMENT '备注',
  `txtBanZu` varchar(20) COLLATE utf8_bin DEFAULT NULL COMMENT '维修班组',
  `txtZhuXiuRen` varchar(20) COLLATE utf8_bin DEFAULT NULL COMMENT '主修人',
  `txtWanJianStatus` varchar(20) COLLATE utf8_bin DEFAULT NULL COMMENT '完检状态',
  `txtWanJianRen` varchar(40) COLLATE utf8_bin DEFAULT NULL COMMENT '完检人',
  `txtWanJianShiJian` varchar(40) COLLATE utf8_bin DEFAULT NULL COMMENT '完检时间',
  PRIMARY KEY (`txtWeiXiuXiangMuId`),
  KEY `txtBillNo` (`txtGongDanGuid`)
) ENGINE=InnoDB DEFAULT CHARSET=utf8 COLLATE=utf8_bin;

-- ----------------------------
-- Records of gongdanxiangmu
-- ----------------------------
INSERT INTO `gongdanxiangmu` VALUES ('0c4c787e-c053-4656-9c04-79d3d0f19d8b', '5c08739b-e145-4fb1-944e-8a2e5c73ec4f', '3', '更换小车雨刮片', '雨刮片', '快修', '60.00', null, '付费', null, '机修一组', '李晓明', '完检', '杨小院', '2015-02-13 23:16:45');
INSERT INTO `gongdanxiangmu` VALUES ('16aa806a-0971-4424-aa59-4be1e7865deb', 'fa6a2bf2-0d7c-444e-aad2-2d9f6e0953a6', 'YHQ003', '800元服务券', '喷漆一副（20万以内车辆油漆一副，超20万以上车辆及特殊油漆，客户需增加费用）；精细洗车1次；汽车室内消毒一次；', '快修', '130.00', null, '付费', null, '机修一组', '李晓明', null, null, null);
INSERT INTO `gongdanxiangmu` VALUES ('38e9e045-a781-40aa-93f6-37d268c2a4b6', '9740f20d-a82e-46fc-9217-9672a4bd3da6', 'YHQ002', '500元服务券', '保养一次（更换机油和机油格）；16项常规检测；精洗洗车1次；汽车室内消毒一次；', '快修', '100.00', null, '付费', null, '机修一组', '李晓明', '完检', '邓思杰', '2015-02-14 15:01:47');
INSERT INTO `gongdanxiangmu` VALUES ('527180fb-574f-41fa-8b12-0975917577f8', '87e54a26-e5d4-42ac-9b5a-2f7071088ae1', 'YHQ002', '500元服务券', '保养一次（更换机油和机油格）；16项常规检测；精洗洗车1次；汽车室内消毒一次；', '快修', '100.00', null, '付费', null, '机修二组', '陈超', '完检', '邓思杰', '2015-02-13 16:24:07');
INSERT INTO `gongdanxiangmu` VALUES ('6f13f445-196f-4200-bbfa-24712a83f55e', '81ca6c77-c283-4dd3-b658-3ab8e4eff8fe', 'YHQ001', '300元服务券', '更换机油一次（壳牌统一合能SJ合成技术润滑油）和机油格', '快修', '100.00', null, '付费', null, null, null, null, null, null);
INSERT INTO `gongdanxiangmu` VALUES ('77645dc0-8491-463c-98e7-b74744486f25', '2950f42a-f826-4680-99a3-e36904f78408', '1', '更换小型车机油*7及机油格', '机油及机油格', '快修', '280.00', null, '付费', null, '机修一组', '李晓明', '完检', '邓思杰', '2015-02-13 11:09:12');
INSERT INTO `gongdanxiangmu` VALUES ('77645dc0-8491-463c-98e7-b74744486f3b', '0934bc98-53cb-4043-a8c6-7ff5f267b920', '2', '更换刹车油', '机油及机油格', '快修', '280.00', null, '付费', null, '机修一组', '李晓明', '完检', '邓思杰', '2015-02-13 11:49:06');
INSERT INTO `gongdanxiangmu` VALUES ('7e573d4a-330c-4657-b081-2273ebbc54ac', 'e47fb62f-6625-4fdc-bd82-884673c5f983', '4', '更换机油6系及机油格', '换机油', '快修', '180.00', null, '付费', null, '机修二组', '陈超', '返修', '邓思杰', '2015-02-13 17:18:39');
INSERT INTO `gongdanxiangmu` VALUES ('91372cd0-fb7c-4aa0-887d-b9c5ef44703b', '0934bc98-53cb-4043-a8c6-7ff5f267b920', '1', '更换小型车机油*7及机油格', '机油及机油格', '快修', '280.00', null, '付费', null, null, null, null, null, null);
INSERT INTO `gongdanxiangmu` VALUES ('abc9a3a0-913f-4818-9de6-8086bc3687833', '3b8a2ec5-3883-4212-a934-1747e794f74k', '1', '更换小型车机油*7及机油格', '机油及机油格', '快修', '280.00', null, '付费', null, '机修一组', '李晓明', '完检', '邓思杰', '2015-02-13 11:49:06');
INSERT INTO `gongdanxiangmu` VALUES ('abc9a3a0-913f-4818-9de6-8086bc36a52a', '3b8a2ec5-3883-4212-a934-1747e794f74k', '3', '更换小车雨刮片', '雨刮片', '快修', '60.00', null, '付费', null, '机修一组', '李晓明', '完检', '邓思杰', '2015-02-13 11:49:06');
INSERT INTO `gongdanxiangmu` VALUES ('abc9a3a0-913f-4818-9de6-8086bc36a52e', '3b8a2ec5-3883-4212-a934-1747e794f74e', '1', '更换小型车机油*7及机油格', '机油及机油格', '快修', '280.00', null, '付费', null, '机修一组', '李晓明', '完检', '邓思杰', '2015-02-13 11:49:06');
INSERT INTO `gongdanxiangmu` VALUES ('abc9a3a0-913f-4818-9de6-8086bc36a633', '0934bc98-53cb-4043-a8c6-7ff5f267b920', '3', '更换小车雨刮片', '雨刮片', '快修', '60.00', null, '付费', null, '机修一组', '李晓明', '完检', '邓思杰', '2015-02-13 11:09:12');
INSERT INTO `gongdanxiangmu` VALUES ('ae78bf6e-bc05-4307-a30e-aa867f40eb8b', 'fa6a2bf2-0d7c-444e-aad2-2d9f6e0953a6', '5', '更换空气格', '空气格', '快修', '60.00', null, '付费', null, null, null, null, null, null);
INSERT INTO `gongdanxiangmu` VALUES ('b3a0d724-523a-456d-a58c-a7f0fa5cf21f', '5c08739b-e145-4fb1-944e-8a2e5c73ec4f', 'YHQ001', '300元服务券', '更换机油一次（壳牌统一合能SJ合成技术润滑油）和机油格', '快修', '100.00', '', '免费', '', '美容一组', '大刘', '返修', '杨小院', '2015-02-13 23:16:47');
INSERT INTO `gongdanxiangmu` VALUES ('c1b19298-f99c-4c36-a14f-2fd9eced6723', 'e47fb62f-6625-4fdc-bd82-884673c5f983', '5', '更换空气格', '空气格', '快修', '60.00', null, '付费', null, '机修一组', '大刘', '返修', '邓思杰', '2015-02-13 17:18:48');
INSERT INTO `gongdanxiangmu` VALUES ('ca72090e-224b-4686-86ab-638e3056cb97', 'd073a433-a64d-4a87-b999-9227aa928fb3', 'YHQ002', '500元服务券', '保养一次（更换机油和机油格）；16项常规检测；精洗洗车1次；汽车室内消毒一次；', '快修', '100.00', null, '付费', null, '机修一组', '李晓明', '完检', '邓思杰', '2015-02-13 15:47:31');
INSERT INTO `gongdanxiangmu` VALUES ('ced42ec4-4701-4c0d-b08e-e5806d6d880c', '0934bc98-53cb-4043-a8c6-7ff5f267b920', '4', '更换机油6系及机油格', '换机油', '快修', '180.00', null, '付费', null, null, null, null, null, null);

-- ----------------------------
-- Table structure for `groups`
-- ----------------------------
DROP TABLE IF EXISTS `groups`;
CREATE TABLE `groups` (
  `groupId` varchar(40) COLLATE utf8_bin NOT NULL COMMENT '分组ID',
  `groupName` varchar(40) COLLATE utf8_bin NOT NULL COMMENT '组名称',
  `groupDesc` varchar(100) COLLATE utf8_bin NOT NULL COMMENT '组描述',
  PRIMARY KEY (`groupId`)
) ENGINE=InnoDB DEFAULT CHARSET=utf8 COLLATE=utf8_bin;

-- ----------------------------
-- Records of groups
-- ----------------------------

-- ----------------------------
-- Table structure for `group_privilege`
-- ----------------------------
DROP TABLE IF EXISTS `group_privilege`;
CREATE TABLE `group_privilege` (
  `groupId` varchar(40) COLLATE utf8_bin NOT NULL COMMENT '分组ID',
  `privilegeId` varchar(40) COLLATE utf8_bin NOT NULL COMMENT '权限ID',
  PRIMARY KEY (`groupId`,`privilegeId`),
  KEY `privilegeId` (`privilegeId`),
  CONSTRAINT `group_privilege_ibfk_1` FOREIGN KEY (`groupId`) REFERENCES `groups` (`groupId`),
  CONSTRAINT `group_privilege_ibfk_2` FOREIGN KEY (`privilegeId`) REFERENCES `privileges` (`privilegeId`)
) ENGINE=InnoDB DEFAULT CHARSET=utf8 COLLATE=utf8_bin;

-- ----------------------------
-- Records of group_privilege
-- ----------------------------

-- ----------------------------
-- Table structure for `jigou`
-- ----------------------------
DROP TABLE IF EXISTS `jigou`;
CREATE TABLE `jigou` (
  `jigouGuid` varchar(40) NOT NULL COMMENT '机构guid',
  `jigouCode` varchar(10) NOT NULL COMMENT '机构代码',
  `jigouName` varchar(50) NOT NULL COMMENT '机构名称',
  `jigouLogo` varchar(20) DEFAULT NULL COMMENT '机构LOGO',
  `jigouAddr` varchar(100) DEFAULT NULL COMMENT '机构地址',
  `jigouDesc` text COMMENT '机构描述',
  `jigouTel` varchar(20) NOT NULL COMMENT '机构电话',
  `jigouFax` varchar(20) DEFAULT NULL COMMENT '机构传真',
  PRIMARY KEY (`jigouGuid`)
) ENGINE=InnoDB DEFAULT CHARSET=utf8;

-- ----------------------------
-- Records of jigou
-- ----------------------------
INSERT INTO `jigou` VALUES ('b7b8787b-ee3d-480f-98b7-084481a8010a', '007', '八路通深圳钟屋店', 'shop7.png', '★导航标记：明天西部酒店', '八路通深圳钟屋店成立于2014年,维修师傅曾就职比亚迪、上海大众、丰田、奥迪、宝马捷豹4S店。熟悉德系、日系、韩系等常用车型。 美容师傅有五年以上工作经验，擅长镀晶、打蜡、贴膜等项目。\r\n', '18822807738', '');
INSERT INTO `jigou` VALUES ('b7b8787b-ee3d-480f-98b7-084481a8010d', '001', '八路通深圳西乡店', 'shop1.png', '深圳市宝安五十区宝安大道开屏路1-3号', '八路通深圳西乡店成立于2008年，维修师傅曾就职上海大众、奔驰、别克4S店。熟悉德系、日系、韩系等常用车型。 美容师傅有五年以上工作经验，擅长镀晶、打蜡、贴膜等项目。', '13538046066', '');
INSERT INTO `jigou` VALUES ('b7b8787b-ee3d-480f-98b7-084481a8010e', '002', '八路通深圳红岭店', 'shop2.png', '深圳市福田区红岭北路3001号先科大院3栋108号（泥岗西路与红岭北路交界处）', '八路通深圳红岭店成立于2004年，维修师傅曾就职本田、丰田、奥迪、奔驰大兴4S店。熟悉欧洲系及国产车系列常用车型。\r\n', '13392809689', '');
INSERT INTO `jigou` VALUES ('b7b8787b-ee3d-480f-98b7-084481a8010f', '003', '八路通深圳横岗店', 'shop3.png', '深圳市龙岗区龙岗大道转入荷康路200米（导航荷坳地铁站B出口)', '八路通深圳横岗店成立于2014年，维修师傅曾就职一汽大众、马自达、奔驰、宝马、奥迪、路虎、保时捷4S店。熟悉德系、日系、韩系等常用车型。美容师傅有10年以上的工作经验，擅长镀金、打蜡、贴膜等项目。\r\n', '13510171260', '');
INSERT INTO `jigou` VALUES ('b7b8787b-ee3d-480f-98b7-084481a8010g', '004', '八路通深圳罗芳店', 'shop4.png', '深圳市罗湖区罗芳路91号二楼', '八路通深圳罗芳店成立于1998年,维修师傅曾就职奔驰、宝马、奥迪、4S店。熟悉德系、日系、韩系等常用车型。', '13510020009', '');
INSERT INTO `jigou` VALUES ('b7b8787b-ee3d-480f-98b7-084481a8010h', '005', '八路通深圳新洲店', 'shop5.png', '深圳市福田区下梅林梅华路217号嘉梅小区1号商铺', '八路通深圳新洲店成立于2014年,维修师傅曾就职比亚迪、上海大众、丰田、奥迪、宝马捷豹4S店。熟悉德系、日系、韩系等常用车型。 美容师傅有五年以上工作经验，擅长镀晶、打蜡、贴膜等项目。\r\n ', '18038033335', '');
INSERT INTO `jigou` VALUES ('b7b8787b-ee3d-480f-98b7-084481a8010i', '006', '八路通深圳龙岗店', 'shop6.png', '深圳市龙岗区南通道爱南路353号（永茂行汽车服务有限公司隔壁）', '八路通深圳龙岗店成立于2014年,维修师傅曾就职风行、荣威、丰田4S店。熟悉德系、日系、韩系等常用车型。 \r\n', '15012936204', '');

-- ----------------------------
-- Table structure for `kucun`
-- ----------------------------
DROP TABLE IF EXISTS `kucun`;
CREATE TABLE `kucun` (
  `txtKuCunGuid` varchar(40) COLLATE utf8_bin NOT NULL COMMENT '库存guid',
  `txtWuLiaoGuid` varchar(40) COLLATE utf8_bin DEFAULT '' COMMENT '物料guid',
  `txtWuLiaoCode` varchar(40) COLLATE utf8_bin DEFAULT NULL COMMENT '物料编码',
  `txtWuLiaoName` varchar(100) COLLATE utf8_bin DEFAULT NULL COMMENT '名称及规格',
  `txtQty` int(11) DEFAULT NULL COMMENT '数量',
  `txtChengBenJia` float(10,4) DEFAULT NULL COMMENT '成本价格',
  `txtSuppName` varchar(100) COLLATE utf8_bin DEFAULT '' COMMENT '供应商名字',
  `txtSalePrice` float(10,4) DEFAULT NULL COMMENT '销售价格',
  `ddlCangKu` varchar(100) COLLATE utf8_bin DEFAULT NULL COMMENT '所属仓库',
  `ddlStatus` varchar(20) COLLATE utf8_bin DEFAULT NULL COMMENT '状态',
  `txtRemark` varchar(100) COLLATE utf8_bin DEFAULT NULL COMMENT '备注',
  PRIMARY KEY (`txtKuCunGuid`)
) ENGINE=InnoDB DEFAULT CHARSET=utf8 COLLATE=utf8_bin;

-- ----------------------------
-- Records of kucun
-- ----------------------------
INSERT INTO `kucun` VALUES ('100351d0-ccef-4a67-b133-2bc52679a23b', 'b6e79af3-fda1-4e43-9e6a-faa0a49171c6', 'SCY001', '刹车油', '99', '183.6548', '', '0.0000', null, null, null);
INSERT INTO `kucun` VALUES ('262fc95d-f957-4580-a208-f36e0c256456', '0027f107-4f0f-42f7-bb8b-35ffb1c27f29', 'JYG01', '小型车机油格', '100', '50.0000', '深圳市德明士贸易有限公司', '0.0000', null, null, null);
INSERT INTO `kucun` VALUES ('4749f434-b563-4638-9e79-4466a49ea650', '8a65c4cc-7aee-4547-92ea-5bc6935be0bb', 'LT0001', '米其林215/50/17', '1', '880.0000', '鑫润汽车配件', '0.0000', null, null, null);
INSERT INTO `kucun` VALUES ('4b9543d2-bf5c-41bc-9905-14cc47f7c8e7', 'fd7f18bf-2a3c-4922-8eeb-e2750ad6302c', 'CGQ0001', '20T高压室传感器', '1', '60.0000', '鑫润汽车配件', '0.0000', null, null, null);
INSERT INTO `kucun` VALUES ('6b35cec7-015f-4470-ab85-bda702643fad', 'fdfbfd53-4888-4140-91cf-013be2b4a08c', 'JY', '机油*7', '20', '180.0000', '深圳市德明士贸易有限公司', '0.0000', null, null, null);
INSERT INTO `kucun` VALUES ('802a3c29-979a-4072-9d8d-a47a41a3efb9', '3eed70b2-bb0a-4c03-981d-3093588999fd', 'FXJY001', '方向机油', '100', '160.0000', '', '0.0000', null, null, null);
INSERT INTO `kucun` VALUES ('8bec132c-c7ef-4d44-ba0c-cbd9dc2092d1', 'd254bd79-2cb3-4127-97f8-746b3bc1bb99', 'KQG001', '空气格', '100', '60.0000', '', '0.0000', null, null, null);
INSERT INTO `kucun` VALUES ('8efde635-c25b-40ca-aec2-7d16e6903508', '564762d4-2d28-43e9-8ab2-19752802e6e5', 'ZC001', '机油6系及机油格', '100', '100.0000', '', '0.0000', null, null, null);
INSERT INTO `kucun` VALUES ('a401e96b-4c96-47bb-b34e-6029439f1425', 'd1d7c5d4-f201-4213-96f9-f89e3a4dc193', 'JY001', '机油1系', '100', '100.0000', '深圳市德明士贸易有限公司', '0.0000', null, null, null);
INSERT INTO `kucun` VALUES ('ae752414-79ee-4ea0-91b1-7e5072d4b5e4', '565ec80e-d31a-4f53-a25d-ad01f650d8f8', 'JQG0001', '20T气门室', '1', '45.0000', '鑫润汽车配件', '0.0000', null, null, null);
INSERT INTO `kucun` VALUES ('b7c5a708-a2c1-40a8-bd7d-352eacc730ab', '17e342cb-445d-4080-a094-51674f5157bc', 'JYG001', '机油格', '99', '30.3030', '深圳市德明士贸易有限公司', '0.0000', null, null, null);
INSERT INTO `kucun` VALUES ('bdf4272b-413c-4f4a-a3a2-77e00d770574', '87f25467-642c-4d0d-871b-9c636159e31c', 'KTG001', '空调格', '50', '60.0000', '深圳市德明士贸易有限公司', '0.0000', null, null, null);

-- ----------------------------
-- Table structure for `kucunoperlog`
-- ----------------------------
DROP TABLE IF EXISTS `kucunoperlog`;
CREATE TABLE `kucunoperlog` (
  `txtLogGuid` varchar(40) COLLATE utf8_bin NOT NULL COMMENT '操作日志guid',
  `txtKuCunGuid` varchar(40) COLLATE utf8_bin DEFAULT NULL COMMENT '库存guid',
  `txtWuLiaoGuid` varchar(40) COLLATE utf8_bin DEFAULT '' COMMENT '物料guid',
  `txtWuLiaoCode` varchar(40) COLLATE utf8_bin DEFAULT NULL COMMENT '物料编码',
  `txtWuLiaoName` varchar(40) COLLATE utf8_bin DEFAULT NULL COMMENT '物料名称',
  `txtQty` int(11) DEFAULT NULL COMMENT '数量',
  `txtChengBenJia` float(10,2) DEFAULT NULL COMMENT '成本价格',
  `ddlCangKu` varchar(40) COLLATE utf8_bin DEFAULT NULL COMMENT '所属仓库',
  `txtSuppName` varchar(100) COLLATE utf8_bin DEFAULT NULL COMMENT '所属仓库',
  `txtSalePrice` float(10,2) DEFAULT NULL COMMENT '销售价格',
  `txtBillGuid` varchar(40) COLLATE utf8_bin DEFAULT NULL COMMENT '业务单号',
  `txtBillSort` varchar(40) COLLATE utf8_bin DEFAULT NULL COMMENT '业务类别',
  `txtLogDate` varchar(40) COLLATE utf8_bin DEFAULT NULL COMMENT '操作时间',
  PRIMARY KEY (`txtLogGuid`),
  KEY `txtWuLiaoGuid` (`txtWuLiaoGuid`),
  KEY `txtKuCunGuid` (`txtKuCunGuid`),
  CONSTRAINT `kucunoperlog_ibfk_1` FOREIGN KEY (`txtKuCunGuid`) REFERENCES `kucun` (`txtKuCunGuid`)
) ENGINE=InnoDB DEFAULT CHARSET=utf8 COLLATE=utf8_bin;

-- ----------------------------
-- Records of kucunoperlog
-- ----------------------------
INSERT INTO `kucunoperlog` VALUES ('0416f126-f278-4359-abff-e8043ddc2cbf', null, '17e342cb-445d-4080-a094-51674f5157bc', 'JYG001', '机油格', '1', '0.00', null, '深圳市德明士贸易有限公司', '0.00', '9740f20d-a82e-46fc-9217-9672a4bd3da6', '维修出库', '2015-02-14 15:01:21');
INSERT INTO `kucunoperlog` VALUES ('113b1bd5-e0b4-4439-a864-c77f06d3e5db', '4b9543d2-bf5c-41bc-9905-14cc47f7c8e7', 'fd7f18bf-2a3c-4922-8eeb-e2750ad6302c', 'CGQ0001', '20T高压室传感器', '1', '60.00', null, '鑫润汽车配件', '0.00', 'RCCG20150213001', '日常采购', '2015-02-13 10:27:47');
INSERT INTO `kucunoperlog` VALUES ('1737ac61-dbdd-46d9-b70b-ccf36701a9de', '8bec132c-c7ef-4d44-ba0c-cbd9dc2092d1', 'd254bd79-2cb3-4127-97f8-746b3bc1bb99', 'KQG001', '空气格', '100', '60.00', null, null, '0.00', 'RCCG20150213005', '日常采购', '2015-02-13 16:21:18');
INSERT INTO `kucunoperlog` VALUES ('273f7ac2-fb92-41b5-996e-fd67f1edaa81', null, '17e342cb-445d-4080-a094-51674f5157bc', 'JYG001', '机油格', '100', '30.00', null, '深圳市德明士贸易有限公司', '0.00', '8c20875e-1ec2-40b1-899f-a2780b6ebf8c', '日常采购', '2015-02-14 14:58:19');
INSERT INTO `kucunoperlog` VALUES ('44586ddf-06d3-4001-97ae-0aec86b541f9', 'ae752414-79ee-4ea0-91b1-7e5072d4b5e4', '565ec80e-d31a-4f53-a25d-ad01f650d8f8', 'JQG0001', '20T气门室', '1', '45.00', null, '鑫润汽车配件', '0.00', 'RCCG20150213001', '日常采购', '2015-02-13 10:27:47');
INSERT INTO `kucunoperlog` VALUES ('44ab00c0-fa4b-4624-b185-e9604055957f', '100351d0-ccef-4a67-b133-2bc52679a23b', 'b6e79af3-fda1-4e43-9e6a-faa0a49171c6', 'SCY001', '刹车油', '100', '180.00', null, null, '0.00', 'RCCG20150213005', '日常采购', '2015-02-13 16:21:18');
INSERT INTO `kucunoperlog` VALUES ('73c52781-3fc3-44a1-9fe5-081a59970917', '802a3c29-979a-4072-9d8d-a47a41a3efb9', '3eed70b2-bb0a-4c03-981d-3093588999fd', 'FXJY001', '方向机油', '100', '160.00', null, null, '0.00', 'RCCG20150213005', '日常采购', '2015-02-13 16:21:18');
INSERT INTO `kucunoperlog` VALUES ('76306629-7d37-4d08-971f-314d55928ac9', '8efde635-c25b-40ca-aec2-7d16e6903508', '564762d4-2d28-43e9-8ab2-19752802e6e5', 'ZC001', '机油6系及机油格', '100', '100.00', null, null, '0.00', 'RCCG20150213004', '日常采购', '2015-02-13 15:45:56');
INSERT INTO `kucunoperlog` VALUES ('97ffbd5c-8166-4fa3-98db-f7b2f922f9a6', '6b35cec7-015f-4470-ab85-bda702643fad', 'fdfbfd53-4888-4140-91cf-013be2b4a08c', 'JY', '机油*7', '20', '180.00', null, '深圳市德明士贸易有限公司', '0.00', 'RCCG20150213003', '日常采购', '2015-02-13 11:08:00');
INSERT INTO `kucunoperlog` VALUES ('a0fa251e-94c4-48db-9899-f92dd5c4001a', 'bdf4272b-413c-4f4a-a3a2-77e00d770574', '87f25467-642c-4d0d-871b-9c636159e31c', 'KTG001', '空调格', '50', '60.00', null, '深圳市德明士贸易有限公司', '0.00', 'RCCG20150213002', '日常采购', '2015-02-13 10:44:42');
INSERT INTO `kucunoperlog` VALUES ('b8176d0b-b4fe-4120-9375-531fc98a9d4e', null, 'b6e79af3-fda1-4e43-9e6a-faa0a49171c6', 'SCY001', '刹车油', '1', '0.00', null, '', '0.00', '5c08739b-e145-4fb1-944e-8a2e5c73ec4f', '维修出库', '2015-02-13 23:15:40');
INSERT INTO `kucunoperlog` VALUES ('c7069ff2-3ecb-4288-9913-af8529d39094', '4749f434-b563-4638-9e79-4466a49ea650', '8a65c4cc-7aee-4547-92ea-5bc6935be0bb', 'LT0001', '米其林215/50/17', '1', '880.00', null, '鑫润汽车配件', '0.00', 'RCCG20150213001', '日常采购', '2015-02-13 10:27:47');
INSERT INTO `kucunoperlog` VALUES ('cd25dfca-7c8e-492a-8fe2-8f58e15f5e17', null, 'd1d7c5d4-f201-4213-96f9-f89e3a4dc193', 'JY001', '机油1系', '100', '100.00', null, '深圳市德明士贸易有限公司', '0.00', 'ead134ab-1cdc-44df-808c-ab06289d4e90', '日常采购', '2015-02-14 14:57:38');
INSERT INTO `kucunoperlog` VALUES ('cfab539a-147d-4335-a6ce-7b5f751277cf', null, 'b6e79af3-fda1-4e43-9e6a-faa0a49171c6', 'SCY001', '刹车油', '1', '0.00', null, '', '0.00', '5c08739b-e145-4fb1-944e-8a2e5c73ec4f', '维修出库', '2015-02-13 23:11:36');
INSERT INTO `kucunoperlog` VALUES ('e619d270-7ce7-48d4-8874-43488e6f762c', '262fc95d-f957-4580-a208-f36e0c256456', '0027f107-4f0f-42f7-bb8b-35ffb1c27f29', 'JYG01', '小型车机油格', '100', '50.00', null, '深圳市德明士贸易有限公司', '0.00', 'RCCG20150213003', '日常采购', '2015-02-13 11:08:00');
INSERT INTO `kucunoperlog` VALUES ('f77a7e3b-13cc-4f1e-892b-e8cff983e46a', null, '100351d0-ccef-4a67-b133-2bc52679a23b', 'SCY001', '刹车油', '1', '0.00', null, '', '0.00', '5c08739b-e145-4fb1-944e-8a2e5c73ec4f', '维修出库', '2015-02-13 23:01:35');

-- ----------------------------
-- Table structure for `maill`
-- ----------------------------
DROP TABLE IF EXISTS `maill`;
CREATE TABLE `maill` (
  `maillId` varchar(40) COLLATE utf8_bin NOT NULL,
  `senderId` varchar(40) COLLATE utf8_bin NOT NULL COMMENT '发送人ID',
  `senderName` varchar(40) COLLATE utf8_bin NOT NULL COMMENT '发送人姓名',
  `hidToUserId` varchar(40) COLLATE utf8_bin DEFAULT NULL COMMENT '主送人ID',
  `hidCCUserId` varchar(40) COLLATE utf8_bin DEFAULT NULL COMMENT '抄送人ID',
  `hidToUserName` varchar(40) COLLATE utf8_bin DEFAULT NULL COMMENT '主送人姓名',
  `hidCCUserName` varchar(40) COLLATE utf8_bin DEFAULT NULL COMMENT '抄送人姓名',
  `txtRemarks` varchar(40) COLLATE utf8_bin NOT NULL COMMENT '内容',
  `txtSendDate` date DEFAULT NULL COMMENT '发送时间',
  `txtReadDate` date DEFAULT NULL COMMENT '阅读时间',
  PRIMARY KEY (`maillId`)
) ENGINE=InnoDB DEFAULT CHARSET=utf8 COLLATE=utf8_bin;

-- ----------------------------
-- Records of maill
-- ----------------------------

-- ----------------------------
-- Table structure for `privileges`
-- ----------------------------
DROP TABLE IF EXISTS `privileges`;
CREATE TABLE `privileges` (
  `privilegeId` varchar(40) COLLATE utf8_bin NOT NULL COMMENT '权限ID',
  `privilegeName` varchar(40) COLLATE utf8_bin NOT NULL COMMENT '权限名称',
  `privilegeDesc` varchar(100) COLLATE utf8_bin NOT NULL COMMENT '权限描述',
  PRIMARY KEY (`privilegeId`)
) ENGINE=InnoDB DEFAULT CHARSET=utf8 COLLATE=utf8_bin;

-- ----------------------------
-- Records of privileges
-- ----------------------------

-- ----------------------------
-- Table structure for `rukudan`
-- ----------------------------
DROP TABLE IF EXISTS `rukudan`;
CREATE TABLE `rukudan` (
  `txtGuid` varchar(40) COLLATE utf8_bin NOT NULL COMMENT 'guid',
  `ddlDianPu` varchar(100) COLLATE utf8_bin DEFAULT NULL COMMENT '所属店铺',
  `txtBillNo` varchar(40) COLLATE utf8_bin DEFAULT NULL COMMENT '单号',
  `txtRuKuDate` varchar(40) COLLATE utf8_bin DEFAULT NULL COMMENT '入库日期',
  `txtSuppName` varchar(40) COLLATE utf8_bin DEFAULT NULL COMMENT '供应商名称',
  `txtJingShouRen` varchar(40) COLLATE utf8_bin DEFAULT NULL COMMENT '经手人',
  `ddlRuKuSort` varchar(40) COLLATE utf8_bin DEFAULT NULL COMMENT '出入标志',
  `txtRemarks` varchar(100) COLLATE utf8_bin DEFAULT NULL COMMENT '单据备注',
  `txtStatus` varchar(40) COLLATE utf8_bin DEFAULT '' COMMENT '审核状态',
  `txtShenHeRen` varchar(40) COLLATE utf8_bin DEFAULT NULL COMMENT '审核人',
  `txtShenHeShiJian` varchar(40) COLLATE utf8_bin DEFAULT NULL COMMENT '审核时间',
  PRIMARY KEY (`txtGuid`),
  KEY `txtBillNo` (`txtBillNo`)
) ENGINE=InnoDB DEFAULT CHARSET=utf8 COLLATE=utf8_bin;

-- ----------------------------
-- Records of rukudan
-- ----------------------------
INSERT INTO `rukudan` VALUES ('00c54980-bab1-4be2-9bdd-fa76e7e074de', '八路通深圳西乡店', 'RCCG20150213003', '2015-02-13', '深圳市德明士贸易有限公司', '邓思杰', '日常采购', '', '审核完毕', '邓思杰', '2015-02-13');
INSERT INTO `rukudan` VALUES ('361ad919-1564-4108-acdb-8b0182ff6b89', '八路通深圳西乡店', 'RCCG20150213001', '2015-02-13', '鑫润汽车配件', '邓思杰', '日常采购', '', '审核完毕', '邓思杰', '2015-02-13');
INSERT INTO `rukudan` VALUES ('662c5964-9d51-4bfd-9bf0-3ee5096b4781', '八路通深圳西乡店', 'LSCG20150213006', '2015-02-13', '锐兴达汽车配件', '杨小院', '临时采购', '', '审核完毕', '杨小院', '2015-02-13');
INSERT INTO `rukudan` VALUES ('7b9f15dd-5765-4fe7-9e6b-6ddfc82079e9', '八路通深圳西乡店', 'RCCG20150213004', '2015-02-13', '深圳市德明士贸易有限公司', '邓思杰', '日常采购', '', '审核完毕', '邓思杰', '2015-02-13');
INSERT INTO `rukudan` VALUES ('8c20875e-1ec2-40b1-899f-a2780b6ebf8c', '八路通深圳西乡店', 'RCCG20150214002', '2015-02-14', '深圳市德明士贸易有限公司', '邓思杰', '日常采购', '', '审核完毕', '邓思杰', '2015-02-14');
INSERT INTO `rukudan` VALUES ('b039d076-4c24-4616-b987-a12d70c0a2fe', '八路通深圳西乡店', 'LSCG20150214003', '2015-02-14', '锐兴达汽车配件', '邓思杰', '临时采购', '', '准备单据', null, null);
INSERT INTO `rukudan` VALUES ('c03546ed-1d56-4ec8-aec4-95628c0131fd', '八路通深圳西乡店', 'RCCG20150213002', '2015-02-13', '深圳市德明士贸易有限公司', '邓思杰', '日常采购', '', '审核完毕', '邓思杰', '2015-02-13');
INSERT INTO `rukudan` VALUES ('ead134ab-1cdc-44df-808c-ab06289d4e90', '八路通深圳西乡店', 'RCCG20150214001', '2015-02-14', '深圳市德明士贸易有限公司', '邓思杰', '日常采购', '', '审核完毕', '邓思杰', '2015-02-14');
INSERT INTO `rukudan` VALUES ('ff4dea6a-fbc2-494e-b6e5-5a3f76d3bf9c', '八路通深圳西乡店', 'RCCG20150213005', '2015-02-13', '深圳市德明士贸易有限公司', '邓思杰', '日常采购', '', '审核完毕', '邓思杰', '2015-02-13');

-- ----------------------------
-- Table structure for `rukudanwuliao`
-- ----------------------------
DROP TABLE IF EXISTS `rukudanwuliao`;
CREATE TABLE `rukudanwuliao` (
  `txtWuLiaoGuid` varchar(40) COLLATE utf8_bin NOT NULL DEFAULT '' COMMENT '入库单物料guid',
  `txtRuKuDanGuid` varchar(40) COLLATE utf8_bin DEFAULT NULL COMMENT '入库单guid',
  `txtWuLiaoCode` varchar(40) COLLATE utf8_bin DEFAULT NULL COMMENT '物料编码',
  `txtWuLiaoName` varchar(40) COLLATE utf8_bin DEFAULT NULL COMMENT '物料名称',
  `txtQty` int(11) DEFAULT '1' COMMENT '数量',
  `txtPrice` float(10,2) DEFAULT NULL COMMENT '价格',
  `ddlStatus` varchar(20) COLLATE utf8_bin DEFAULT NULL COMMENT '物料状态',
  PRIMARY KEY (`txtWuLiaoGuid`),
  KEY `txtRuKuDanGuid` (`txtRuKuDanGuid`),
  CONSTRAINT `rukudanwuliao_ibfk_1` FOREIGN KEY (`txtRuKuDanGuid`) REFERENCES `rukudan` (`txtGuid`)
) ENGINE=InnoDB DEFAULT CHARSET=utf8 COLLATE=utf8_bin;

-- ----------------------------
-- Records of rukudanwuliao
-- ----------------------------
INSERT INTO `rukudanwuliao` VALUES ('0027f107-4f0f-42f7-bb8b-35ffb1c27f29', '00c54980-bab1-4be2-9bdd-fa76e7e074de', 'JYG01', '小型车机油格', '100', '50.00', null);
INSERT INTO `rukudanwuliao` VALUES ('17e342cb-445d-4080-a094-51674f5157bc', '8c20875e-1ec2-40b1-899f-a2780b6ebf8c', 'JYG001', '机油格', '100', '30.00', null);
INSERT INTO `rukudanwuliao` VALUES ('1aeed9d8-3cd3-4393-9869-90b450e754ee', '662c5964-9d51-4bfd-9bf0-3ee5096b4781', 'a', 'a', '1', '40.00', '已收货');
INSERT INTO `rukudanwuliao` VALUES ('3eed70b2-bb0a-4c03-981d-3093588999fd', 'ff4dea6a-fbc2-494e-b6e5-5a3f76d3bf9c', 'FXJY001', '方向机油', '100', '160.00', null);
INSERT INTO `rukudanwuliao` VALUES ('564762d4-2d28-43e9-8ab2-19752802e6e5', '7b9f15dd-5765-4fe7-9e6b-6ddfc82079e9', 'ZC001', '机油6系及机油格', '100', '100.00', null);
INSERT INTO `rukudanwuliao` VALUES ('565ec80e-d31a-4f53-a25d-ad01f650d8f8', '361ad919-1564-4108-acdb-8b0182ff6b89', 'JQG0001', '20T气门室', '1', '45.00', null);
INSERT INTO `rukudanwuliao` VALUES ('87f25467-642c-4d0d-871b-9c636159e31c', 'c03546ed-1d56-4ec8-aec4-95628c0131fd', 'KTG001', '空调格', '50', '60.00', null);
INSERT INTO `rukudanwuliao` VALUES ('8a65c4cc-7aee-4547-92ea-5bc6935be0bb', '361ad919-1564-4108-acdb-8b0182ff6b89', 'LT0001', '米其林215/50/17', '1', '880.00', null);
INSERT INTO `rukudanwuliao` VALUES ('b6e79af3-fda1-4e43-9e6a-faa0a49171c6', 'ff4dea6a-fbc2-494e-b6e5-5a3f76d3bf9c', 'SCY001', '刹车油', '100', '180.00', null);
INSERT INTO `rukudanwuliao` VALUES ('d1d7c5d4-f201-4213-96f9-f89e3a4dc193', 'ead134ab-1cdc-44df-808c-ab06289d4e90', 'JY001', '机油1系', '100', '100.00', null);
INSERT INTO `rukudanwuliao` VALUES ('d254bd79-2cb3-4127-97f8-746b3bc1bb99', 'ff4dea6a-fbc2-494e-b6e5-5a3f76d3bf9c', 'KQG001', '空气格', '100', '60.00', null);
INSERT INTO `rukudanwuliao` VALUES ('fd7f18bf-2a3c-4922-8eeb-e2750ad6302c', '361ad919-1564-4108-acdb-8b0182ff6b89', 'CGQ0001', '20T高压室传感器', '1', '60.00', null);
INSERT INTO `rukudanwuliao` VALUES ('fdfbfd53-4888-4140-91cf-013be2b4a08c', '00c54980-bab1-4be2-9bdd-fa76e7e074de', 'JY', '机油*7', '20', '180.00', null);

-- ----------------------------
-- Table structure for `serviceitem`
-- ----------------------------
DROP TABLE IF EXISTS `serviceitem`;
CREATE TABLE `serviceitem` (
  `id` int(11) NOT NULL AUTO_INCREMENT,
  `itemCode` varchar(10) NOT NULL,
  `itemName` varchar(50) NOT NULL,
  `itemDesc` varchar(100) DEFAULT '',
  PRIMARY KEY (`id`)
) ENGINE=InnoDB AUTO_INCREMENT=15 DEFAULT CHARSET=utf8;

-- ----------------------------
-- Records of serviceitem
-- ----------------------------
INSERT INTO `serviceitem` VALUES ('1', '001001', '普洗', '水枪冲洗，去污');
INSERT INTO `serviceitem` VALUES ('2', '001002', '精洗', '专用车辆清洗液，不损伤车漆可保持车辆漆面的光洁度');
INSERT INTO `serviceitem` VALUES ('3', '001', '洗车美容', '');
INSERT INTO `serviceitem` VALUES ('4', '002', '机电维修', '');
INSERT INTO `serviceitem` VALUES ('8', '003', '钣金喷漆', '');
INSERT INTO `serviceitem` VALUES ('9', '007', '理赔', '');
INSERT INTO `serviceitem` VALUES ('10', '008', '新车销售', '');
INSERT INTO `serviceitem` VALUES ('12', '004', '代办年审', '');
INSERT INTO `serviceitem` VALUES ('13', '005', '二手车买卖', '');
INSERT INTO `serviceitem` VALUES ('14', '006', '保险销售', '');

-- ----------------------------
-- Table structure for `shopserviceitem`
-- ----------------------------
DROP TABLE IF EXISTS `shopserviceitem`;
CREATE TABLE `shopserviceitem` (
  `id` int(11) NOT NULL AUTO_INCREMENT,
  `jigouCode` varchar(10) NOT NULL,
  `serviceItemCode` varchar(10) NOT NULL,
  PRIMARY KEY (`id`)
) ENGINE=InnoDB AUTO_INCREMENT=82 DEFAULT CHARSET=utf8;

-- ----------------------------
-- Records of shopserviceitem
-- ----------------------------
INSERT INTO `shopserviceitem` VALUES ('2', '001', '001');
INSERT INTO `shopserviceitem` VALUES ('3', '001', '002');
INSERT INTO `shopserviceitem` VALUES ('5', '001', '004');
INSERT INTO `shopserviceitem` VALUES ('6', '001', '005');
INSERT INTO `shopserviceitem` VALUES ('11', '001', '006');
INSERT INTO `shopserviceitem` VALUES ('12', '002', '001');
INSERT INTO `shopserviceitem` VALUES ('13', '002', '002');
INSERT INTO `shopserviceitem` VALUES ('14', '002', '003');
INSERT INTO `shopserviceitem` VALUES ('15', '002', '004');
INSERT INTO `shopserviceitem` VALUES ('16', '002', '005');
INSERT INTO `shopserviceitem` VALUES ('17', '002', '006');
INSERT INTO `shopserviceitem` VALUES ('18', '002', '007');
INSERT INTO `shopserviceitem` VALUES ('19', '001', '007');
INSERT INTO `shopserviceitem` VALUES ('25', '004', '003');
INSERT INTO `shopserviceitem` VALUES ('32', '005', '003');
INSERT INTO `shopserviceitem` VALUES ('39', '006', '003');
INSERT INTO `shopserviceitem` VALUES ('43', '006', '004');
INSERT INTO `shopserviceitem` VALUES ('44', '006', '005');
INSERT INTO `shopserviceitem` VALUES ('45', '006', '006');
INSERT INTO `shopserviceitem` VALUES ('46', '003', '002');
INSERT INTO `shopserviceitem` VALUES ('47', '003', '003');
INSERT INTO `shopserviceitem` VALUES ('48', '003', '004');
INSERT INTO `shopserviceitem` VALUES ('49', '003', '005');
INSERT INTO `shopserviceitem` VALUES ('50', '003', '006');
INSERT INTO `shopserviceitem` VALUES ('51', '003', '007');
INSERT INTO `shopserviceitem` VALUES ('52', '003', '001');
INSERT INTO `shopserviceitem` VALUES ('53', '004', '003');
INSERT INTO `shopserviceitem` VALUES ('54', '004', '004');
INSERT INTO `shopserviceitem` VALUES ('55', '004', '005');
INSERT INTO `shopserviceitem` VALUES ('56', '004', '006');
INSERT INTO `shopserviceitem` VALUES ('57', '004', '001');
INSERT INTO `shopserviceitem` VALUES ('58', '004', '002');
INSERT INTO `shopserviceitem` VALUES ('59', '005', '004');
INSERT INTO `shopserviceitem` VALUES ('60', '005', '005');
INSERT INTO `shopserviceitem` VALUES ('61', '005', '006');
INSERT INTO `shopserviceitem` VALUES ('62', '005', '007');
INSERT INTO `shopserviceitem` VALUES ('63', '005', '001');
INSERT INTO `shopserviceitem` VALUES ('64', '006', '005');
INSERT INTO `shopserviceitem` VALUES ('65', '006', '006');
INSERT INTO `shopserviceitem` VALUES ('69', '005', '002');
INSERT INTO `shopserviceitem` VALUES ('70', '006', '001');
INSERT INTO `shopserviceitem` VALUES ('71', '006', '002');
INSERT INTO `shopserviceitem` VALUES ('72', '006', '003');
INSERT INTO `shopserviceitem` VALUES ('73', '006', '004');
INSERT INTO `shopserviceitem` VALUES ('74', '006', '007');
INSERT INTO `shopserviceitem` VALUES ('75', '007', '001');
INSERT INTO `shopserviceitem` VALUES ('76', '007', '002');
INSERT INTO `shopserviceitem` VALUES ('77', '007', '003');
INSERT INTO `shopserviceitem` VALUES ('78', '007', '004');
INSERT INTO `shopserviceitem` VALUES ('79', '007', '005');
INSERT INTO `shopserviceitem` VALUES ('80', '007', '006');
INSERT INTO `shopserviceitem` VALUES ('81', '007', '007');

-- ----------------------------
-- Table structure for `store`
-- ----------------------------
DROP TABLE IF EXISTS `store`;
CREATE TABLE `store` (
  `StoreId` varchar(40) COLLATE utf8_bin NOT NULL DEFAULT '' COMMENT 'ID',
  `txtStoreBianHao` varchar(40) COLLATE utf8_bin NOT NULL DEFAULT '' COMMENT '仓库编号',
  `txtStoreName` varchar(40) COLLATE utf8_bin NOT NULL COMMENT '仓库名称',
  `txtRemarks` varchar(40) COLLATE utf8_bin DEFAULT NULL COMMENT '备注',
  PRIMARY KEY (`StoreId`)
) ENGINE=InnoDB DEFAULT CHARSET=utf8 COLLATE=utf8_bin;

-- ----------------------------
-- Records of store
-- ----------------------------
INSERT INTO `store` VALUES ('08a19a43-81b7-437b-b45c-cd09fb399606', '003', '西乡店2号仓库', '');
INSERT INTO `store` VALUES ('42278195-e94b-43c5-a1f9-95c0832ed0c5', '001', '德明士汽配1号仓库', '');
INSERT INTO `store` VALUES ('f8e02f33-1932-4819-b4f2-c35874ec1b21', '002', '西乡店1号仓库', '');

-- ----------------------------
-- Table structure for `supplier`
-- ----------------------------
DROP TABLE IF EXISTS `supplier`;
CREATE TABLE `supplier` (
  `txtSuppId` varchar(40) COLLATE utf8_bin NOT NULL COMMENT '供应商Id',
  `txtSuppBianHao` varchar(40) COLLATE utf8_bin NOT NULL COMMENT '供应商编号',
  `txtSuppName` varchar(40) COLLATE utf8_bin NOT NULL COMMENT '供应商名称',
  `txtRemarks` varchar(40) COLLATE utf8_bin NOT NULL COMMENT '备注',
  PRIMARY KEY (`txtSuppId`)
) ENGINE=InnoDB DEFAULT CHARSET=utf8 COLLATE=utf8_bin;

-- ----------------------------
-- Records of supplier
-- ----------------------------
INSERT INTO `supplier` VALUES ('13d6e2f8-318b-4ac6-b778-04dd4c92bec7', '0001', '深圳市德明士贸易有限公司', '');
INSERT INTO `supplier` VALUES ('48f07e34-ef95-461b-8386-98f28917caf2', '0002', '锐兴达汽车配件', '');

-- ----------------------------
-- Table structure for `users`
-- ----------------------------
DROP TABLE IF EXISTS `users`;
CREATE TABLE `users` (
  `userId` varchar(40) COLLATE utf8_bin NOT NULL COMMENT '用户id',
  `loginName` varchar(40) COLLATE utf8_bin NOT NULL COMMENT '用户登录名',
  `displayName` varchar(40) COLLATE utf8_bin NOT NULL COMMENT '显示的用户名称',
  `password` varchar(40) COLLATE utf8_bin NOT NULL COMMENT '用户密码',
  `lastLoginTime` timestamp NULL DEFAULT CURRENT_TIMESTAMP ON UPDATE CURRENT_TIMESTAMP COMMENT '上次登录时间',
  `expirydate` varchar(20) COLLATE utf8_bin DEFAULT NULL COMMENT '账号有效期',
  `jigouName` varchar(50) COLLATE utf8_bin DEFAULT NULL COMMENT '机构名称',
  `departName` varchar(50) COLLATE utf8_bin DEFAULT NULL COMMENT '部门名称',
  PRIMARY KEY (`userId`)
) ENGINE=InnoDB DEFAULT CHARSET=utf8 COLLATE=utf8_bin;

-- ----------------------------
-- Records of users
-- ----------------------------
INSERT INTO `users` VALUES ('02385770-c176-440c-bd56-913f9753530f', 'dengsj', '邓思杰', 'dengsj', '2015-02-13 08:55:07', '2015-02-27', '八路通深圳西乡店', 'IT部');
INSERT INTO `users` VALUES ('c5c3dc17-ade4-4e88-8f74-4f15a6892f3a', 'yangxy', '杨小院', 'a', '2015-02-13 22:09:17', '2015-03-20', '八路通深圳西乡店', 'IT部');

-- ----------------------------
-- Table structure for `user_group`
-- ----------------------------
DROP TABLE IF EXISTS `user_group`;
CREATE TABLE `user_group` (
  `userId` varchar(40) COLLATE utf8_bin NOT NULL COMMENT '用户ID',
  `groupId` varchar(40) COLLATE utf8_bin NOT NULL COMMENT '分组ID',
  PRIMARY KEY (`userId`,`groupId`),
  KEY `groupId` (`groupId`),
  CONSTRAINT `user_group_ibfk_1` FOREIGN KEY (`userId`) REFERENCES `users` (`userId`),
  CONSTRAINT `user_group_ibfk_2` FOREIGN KEY (`groupId`) REFERENCES `groups` (`groupId`)
) ENGINE=InnoDB DEFAULT CHARSET=utf8 COLLATE=utf8_bin;

-- ----------------------------
-- Records of user_group
-- ----------------------------

-- ----------------------------
-- Table structure for `weixiuxiangmu`
-- ----------------------------
DROP TABLE IF EXISTS `weixiuxiangmu`;
CREATE TABLE `weixiuxiangmu` (
  `txtGuid` varchar(40) COLLATE utf8_bin NOT NULL COMMENT '维修项目guid',
  `txtCode` varchar(40) COLLATE utf8_bin DEFAULT '' COMMENT '项目编号',
  `txtName` varchar(40) COLLATE utf8_bin DEFAULT NULL COMMENT '项目名称',
  `txtNeiRong` varchar(100) COLLATE utf8_bin DEFAULT NULL COMMENT '维修内容',
  `txtFeiYong` float(10,2) DEFAULT NULL COMMENT '费用',
  `ddlGongDuan` varchar(40) COLLATE utf8_bin DEFAULT NULL COMMENT '所属工段',
  `ddlDianPu` varchar(100) COLLATE utf8_bin DEFAULT NULL COMMENT '所属店铺',
  `txtRemark` varchar(100) COLLATE utf8_bin DEFAULT NULL COMMENT '备注',
  PRIMARY KEY (`txtGuid`)
) ENGINE=InnoDB DEFAULT CHARSET=utf8 COLLATE=utf8_bin;

-- ----------------------------
-- Records of weixiuxiangmu
-- ----------------------------
INSERT INTO `weixiuxiangmu` VALUES ('3628acc3-372e-4d8c-b346-28ef6ee65772', 'YHQ001', '300元服务券', '更换机油一次（壳牌统一合能SJ合成技术润滑油）和机油格', '100.00', '快修', '八路通深圳西乡店', '持本券在店消费其他项目享8折优惠；遗失不补，每次限用1张');
INSERT INTO `weixiuxiangmu` VALUES ('4b7b7aa2-b7d7-4584-adeb-53038d7003b3', '3', '更换小车雨刮片', '雨刮片', '60.00', '快修', '八路通深圳西乡店', '');
INSERT INTO `weixiuxiangmu` VALUES ('7fbc5bd2-8a83-4a61-a0ff-8d9a96c44ad7', '5', '更换空气格', '空气格', '60.00', '快修', '八路通深圳西乡店', '');
INSERT INTO `weixiuxiangmu` VALUES ('d91e559a-548d-4d84-b0d7-f8694d6f5738', '2', '更换刹车油', '刹车油', '180.00', '快修', '八路通深圳西乡店', '');
INSERT INTO `weixiuxiangmu` VALUES ('d9503bcd-5742-4b16-9559-251947e9812d', 'YHQ003', '800元服务券', '喷漆一副（20万以内车辆油漆一副，超20万以上车辆及特殊油漆，客户需增加费用）；精细洗车1次；汽车室内消毒一次；', '130.00', '快修', '八路通深圳西乡店', '持本券在店消费其他项目享8折优惠；遗失不补，每次限用1张');
INSERT INTO `weixiuxiangmu` VALUES ('e18ad81c-da95-4609-a759-47c2ed2e68b2', '4', '更换机油6系及机油格', '换机油', '180.00', '快修', '八路通深圳西乡店', '');
INSERT INTO `weixiuxiangmu` VALUES ('e2911b67-10b4-4cd5-afd6-e2594a21af20', '1', '更换小型车机油*7及机油格', '机油及机油格', '280.00', '快修', '八路通深圳西乡店', '建议换轮胎4条');
INSERT INTO `weixiuxiangmu` VALUES ('f2886e02-c05d-40a4-9e7b-958cf3091299', '4', '更换机油6系及机油格', '换机油', '180.00', '快修', '八路通深圳西乡店', '');
INSERT INTO `weixiuxiangmu` VALUES ('f56d8258-5f50-4d1d-a9f6-ca21916094b1', 'YHQ002', '500元服务券', '保养一次（更换机油和机油格）；16项常规检测；精洗洗车1次；汽车室内消毒一次；', '100.00', '快修', '八路通深圳西乡店', '持本券在店消费其他项目享8折优惠；遗失不补，每次限用1张');

-- ----------------------------
-- Table structure for `weixiuzu`
-- ----------------------------
DROP TABLE IF EXISTS `weixiuzu`;
CREATE TABLE `weixiuzu` (
  `weixiuzuID` varchar(50) COLLATE utf8_bin NOT NULL COMMENT '维修类别ID',
  `suoShuJiGou` varchar(100) COLLATE utf8_bin NOT NULL COMMENT '所属机构 ',
  `weixiuzuName` varchar(50) COLLATE utf8_bin NOT NULL COMMENT '维修组名',
  `zhuxiuRen` varchar(50) COLLATE utf8_bin NOT NULL COMMENT '主修人',
  PRIMARY KEY (`weixiuzuID`)
) ENGINE=InnoDB DEFAULT CHARSET=utf8 COLLATE=utf8_bin;

-- ----------------------------
-- Records of weixiuzu
-- ----------------------------
INSERT INTO `weixiuzu` VALUES ('037d0c00-df53-48fc-b62e-6b24a62f1d25', '八路通深圳西乡店', '机修二组', '陈超');
INSERT INTO `weixiuzu` VALUES ('04c5e594-2b54-42fd-b6ae-d4c51e42d4f4', '八路通深圳西乡店', '机修一组', '李晓明');
INSERT INTO `weixiuzu` VALUES ('2d45331f-ec9a-42f8-8a3b-d8385e7f6ab5', '八路通深圳西乡店', '美容一组', '大刘');

-- ----------------------------
-- Table structure for `zhangtao`
-- ----------------------------
DROP TABLE IF EXISTS `zhangtao`;
CREATE TABLE `zhangtao` (
  `txtZhangTaoGuid` varchar(40) COLLATE utf8_bin NOT NULL COMMENT '帐套guid',
  `txtZhangTaoMing` varchar(40) COLLATE utf8_bin NOT NULL COMMENT '帐套名',
  PRIMARY KEY (`txtZhangTaoGuid`)
) ENGINE=InnoDB DEFAULT CHARSET=utf8 COLLATE=utf8_bin;

-- ----------------------------
-- Records of zhangtao
-- ----------------------------

-- ----------------------------
-- View structure for `view_carmodel`
-- ----------------------------
DROP VIEW IF EXISTS `view_carmodel`;
CREATE ALGORITHM=UNDEFINED DEFINER=`root`@`%` SQL SECURITY DEFINER VIEW `view_carmodel` AS select `t1`.`brandId` AS `brandId`,`t1`.`brandName` AS `brandName`,`t1`.`brandLogo` AS `brandLogo`,`t2`.`modelId` AS `modelId`,`t2`.`modelName` AS `modelName`,`t2`.`id` AS `id` from (`carbrand` `t1` join `carmodel` `t2`) where (`t1`.`brandId` = `t2`.`brandId`) ;

-- ----------------------------
-- View structure for `v_caigouwuliao`
-- ----------------------------
DROP VIEW IF EXISTS `v_caigouwuliao`;
CREATE ALGORITHM=UNDEFINED DEFINER=`root`@`%` SQL SECURITY DEFINER VIEW `v_caigouwuliao` AS select `rukudan`.`ddlDianPu` AS `ddlDianPu`,`rukudan`.`txtBillNo` AS `txtBillNo`,`rukudan`.`txtRuKuDate` AS `txtRuKuDate`,`rukudan`.`txtSuppName` AS `txtSuppName`,`rukudan`.`txtJingShouRen` AS `txtJingShouRen`,`rukudan`.`ddlRuKuSort` AS `ddlRuKuSort`,`rukudan`.`txtStatus` AS `txtStatus`,`rukudanwuliao`.`txtPrice` AS `txtPrice`,`rukudanwuliao`.`txtQty` AS `txtQty`,`rukudanwuliao`.`txtWuLiaoName` AS `txtWuLiaoName`,`rukudanwuliao`.`txtWuLiaoCode` AS `txtWuLiaoCode`,`rukudanwuliao`.`txtRuKuDanGuid` AS `txtRuKuDanGuid`,`rukudanwuliao`.`txtWuLiaoGuid` AS `txtWuLiaoGuid`,`rukudan`.`txtShenHeShiJian` AS `txtShenHeShiJian`,`rukudan`.`txtShenHeRen` AS `txtShenHeRen`,`rukudanwuliao`.`ddlStatus` AS `ddlStatus` from (`rukudan` join `rukudanwuliao` on((`rukudan`.`txtGuid` = `rukudanwuliao`.`txtRuKuDanGuid`))) ;

-- ----------------------------
-- View structure for `v_kehu_cheliang`
-- ----------------------------
DROP VIEW IF EXISTS `v_kehu_cheliang`;
CREATE ALGORITHM=UNDEFINED DEFINER=`root`@`%` SQL SECURITY DEFINER VIEW `v_kehu_cheliang` AS select `customerinfo`.`txtCustId` AS `txtCustId`,`customerinfo`.`txtCheZhuName` AS `txtCheZhuName`,`customerinfo`.`txtCheZhuTel` AS `txtCheZhuTel`,`customerinfo`.`txtLianXiRenName` AS `txtLianXiRenName`,`customerinfo`.`txtLianXiRenTel` AS `txtLianXiRenTel`,`customerinfo`.`txtLianXiRenAdd` AS `txtLianXiRenAdd`,`customerinfo`.`txtHuiYuanJiFen` AS `txtHuiYuanJiFen`,`customerinfo`.`txtGongShiZheKou` AS `txtGongShiZheKou`,`customerinfo`.`txtCaiLiaoZheKou` AS `txtCaiLiaoZheKou`,`customerinfo`.`txtHuiYuanDengJi` AS `txtHuiYuanDengJi`,`customerinfo`.`txtCheZhuJiaZhaoDate` AS `txtCheZhuJiaZhaoDate`,`chelianginfo`.`txtCheLiangId` AS `txtCheLiangId`,`chelianginfo`.`txtCheLiangChePaiHao` AS `txtCheLiangChePaiHao`,`chelianginfo`.`ddlCheLiangZhiZaoShang` AS `ddlCheLiangZhiZaoShang`,`chelianginfo`.`ddlCheLiangCheXi` AS `ddlCheLiangCheXi`,`chelianginfo`.`txtCheLiangCheXingDaiMa` AS `txtCheLiangCheXingDaiMa`,`chelianginfo`.`txtCheLiangCheJiaHao` AS `txtCheLiangCheJiaHao`,`chelianginfo`.`txtCheLiangFaDongJiHao` AS `txtCheLiangFaDongJiHao`,`customerinfo`.`ddlCustSort` AS `ddlCustSort`,`chelianginfo`.`txtCheLiangDengJiRiQi` AS `txtCheLiangDengJiRiQi`,`chelianginfo`.`txtCheLiangNianShenDaoQiRi` AS `txtCheLiangNianShenDaoQiRi`,`chelianginfo`.`txtCheLiangBaoXianDaoQiRi` AS `txtCheLiangBaoXianDaoQiRi`,`chelianginfo`.`ddlChengBaoGongSi` AS `ddlChengBaoGongSi`,`customerinfo`.`ddlDianPu` AS `ddlDianPu` from (`customerinfo` left join `chelianginfo` on((`customerinfo`.`txtCustId` = `chelianginfo`.`txtCustId`))) ;
